RUNID	SAMPLEID	EXPERIMENTID	LANEID	BARCODEID	LIBPREP	SEQ_VENDOR	SEQ_PLATFORM	ILMN_R1_PATH	ILMN_R2_PATH	PACBIO_R1_PATH	PACBIO_R2_PATH	ONT_R1_PATH	ONT_R2_PATH	UG_R1_PATH	UG_R2_PATH	SUBSAMPLE_PCT	ILMN_TRIM_READ_LENGTH	SAMPLEUSE	BWA_KMER	DEEP_MODEL	ULTIMA_CRAM	ULTIMA_CRAM_ALIGNER	ULTIMA_CRAM_SNV_CALLER	ONT_CRAM	ONT_CRAM_ALIGNER	ONT_CRAM_SNV_CALLER	PB_BAM	PB_BAM_ALIGNER	PB_BAM_SNV_CALLER	ROCHE_BAM	ROCHE_BAM_ALIGNER	ROCHE_BAM_SNV_CALLER	ROCHE_DOWNSAMPLE_RATIO	LONGREADTRIM_READ_LENGTH	LONGREADTRIM_MODE	ULTIMA_SUBSAMPLE_PCT	ONT_SUBSAMPLE_PCT	ONT_BAM	ONT_BAM_ALIGNER	ONT_BAM_SNV_CALLER
20260512-LH01106-0006-A23K3H2LT4	HG001-a	20260512-ILMN-Altair-Run-1	0	HG001-a	PF	ILMN	NOVASEQ	/fsx/run_dir_mounts/20260512_LH01106_0006_A23K3H2LT4/Analysis/1/Data/BCLConvert/fastq/HG001-a_S1_L001_R1_001.fastq.gz,/fsx/run_dir_mounts/20260512_LH01106_0006_A23K3H2LT4/Analysis/1/Data/BCLConvert/fastq/HG001-a_S1_L002_R1_001.fastq.gz,/fsx/run_dir_mounts/20260512_LH01106_0006_A23K3H2LT4/Analysis/1/Data/BCLConvert/fastq/HG001-a_S1_L003_R1_001.fastq.gz,/fsx/run_dir_mounts/20260512_LH01106_0006_A23K3H2LT4/Analysis/1/Data/BCLConvert/fastq/HG001-a_S1_L004_R1_001.fastq.gz,/fsx/run_dir_mounts/20260512_LH01106_0006_A23K3H2LT4/Analysis/1/Data/BCLConvert/fastq/HG001-a_S1_L005_R1_001.fastq.gz,/fsx/run_dir_mounts/20260512_LH01106_0006_A23K3H2LT4/Analysis/1/Data/BCLConvert/fastq/HG001-a_S1_L006_R1_001.fastq.gz,/fsx/run_dir_mounts/20260512_LH01106_0006_A23K3H2LT4/Analysis/1/Data/BCLConvert/fastq/HG001-a_S1_L007_R1_001.fastq.gz,/fsx/run_dir_mounts/20260512_LH01106_0006_A23K3H2LT4/Analysis/1/Data/BCLConvert/fastq/HG001-a_S1_L008_R1_001.fastq.gz	/fsx/run_dir_mounts/20260512_LH01106_0006_A23K3H2LT4/Analysis/1/Data/BCLConvert/fastq/HG001-a_S1_L001_R2_001.fastq.gz,/fsx/run_dir_mounts/20260512_LH01106_0006_A23K3H2LT4/Analysis/1/Data/BCLConvert/fastq/HG001-a_S1_L002_R2_001.fastq.gz,/fsx/run_dir_mounts/20260512_LH01106_0006_A23K3H2LT4/Analysis/1/Data/BCLConvert/fastq/HG001-a_S1_L003_R2_001.fastq.gz,/fsx/run_dir_mounts/20260512_LH01106_0006_A23K3H2LT4/Analysis/1/Data/BCLConvert/fastq/HG001-a_S1_L004_R2_001.fastq.gz,/fsx/run_dir_mounts/20260512_LH01106_0006_A23K3H2LT4/Analysis/1/Data/BCLConvert/fastq/HG001-a_S1_L005_R2_001.fastq.gz,/fsx/run_dir_mounts/20260512_LH01106_0006_A23K3H2LT4/Analysis/1/Data/BCLConvert/fastq/HG001-a_S1_L006_R2_001.fastq.gz,/fsx/run_dir_mounts/20260512_LH01106_0006_A23K3H2LT4/Analysis/1/Data/BCLConvert/fastq/HG001-a_S1_L007_R2_001.fastq.gz,/fsx/run_dir_mounts/20260512_LH01106_0006_A23K3H2LT4/Analysis/1/Data/BCLConvert/fastq/HG001-a_S1_L008_R2_001.fastq.gz							na		posControl	19	WGS																				
20260512-LH01106-0006-A23K3H2LT4	HG001-b	20260512-ILMN-Altair-Run-1	0	HG001-b	PF	ILMN	NOVASEQ	/fsx/run_dir_mounts/20260512_LH01106_0006_A23K3H2LT4/Analysis/1/Data/BCLConvert/fastq/HG001-b_S2_L001_R1_001.fastq.gz,/fsx/run_dir_mounts/20260512_LH01106_0006_A23K3H2LT4/Analysis/1/Data/BCLConvert/fastq/HG001-b_S2_L002_R1_001.fastq.gz,/fsx/run_dir_mounts/20260512_LH01106_0006_A23K3H2LT4/Analysis/1/Data/BCLConvert/fastq/HG001-b_S2_L003_R1_001.fastq.gz,/fsx/run_dir_mounts/20260512_LH01106_0006_A23K3H2LT4/Analysis/1/Data/BCLConvert/fastq/HG001-b_S2_L004_R1_001.fastq.gz,/fsx/run_dir_mounts/20260512_LH01106_0006_A23K3H2LT4/Analysis/1/Data/BCLConvert/fastq/HG001-b_S2_L005_R1_001.fastq.gz,/fsx/run_dir_mounts/20260512_LH01106_0006_A23K3H2LT4/Analysis/1/Data/BCLConvert/fastq/HG001-b_S2_L006_R1_001.fastq.gz,/fsx/run_dir_mounts/20260512_LH01106_0006_A23K3H2LT4/Analysis/1/Data/BCLConvert/fastq/HG001-b_S2_L007_R1_001.fastq.gz,/fsx/run_dir_mounts/20260512_LH01106_0006_A23K3H2LT4/Analysis/1/Data/BCLConvert/fastq/HG001-b_S2_L008_R1_001.fastq.gz	/fsx/run_dir_mounts/20260512_LH01106_0006_A23K3H2LT4/Analysis/1/Data/BCLConvert/fastq/HG001-b_S2_L001_R2_001.fastq.gz,/fsx/run_dir_mounts/20260512_LH01106_0006_A23K3H2LT4/Analysis/1/Data/BCLConvert/fastq/HG001-b_S2_L002_R2_001.fastq.gz,/fsx/run_dir_mounts/20260512_LH01106_0006_A23K3H2LT4/Analysis/1/Data/BCLConvert/fastq/HG001-b_S2_L003_R2_001.fastq.gz,/fsx/run_dir_mounts/20260512_LH01106_0006_A23K3H2LT4/Analysis/1/Data/BCLConvert/fastq/HG001-b_S2_L004_R2_001.fastq.gz,/fsx/run_dir_mounts/20260512_LH01106_0006_A23K3H2LT4/Analysis/1/Data/BCLConvert/fastq/HG001-b_S2_L005_R2_001.fastq.gz,/fsx/run_dir_mounts/20260512_LH01106_0006_A23K3H2LT4/Analysis/1/Data/BCLConvert/fastq/HG001-b_S2_L006_R2_001.fastq.gz,/fsx/run_dir_mounts/20260512_LH01106_0006_A23K3H2LT4/Analysis/1/Data/BCLConvert/fastq/HG001-b_S2_L007_R2_001.fastq.gz,/fsx/run_dir_mounts/20260512_LH01106_0006_A23K3H2LT4/Analysis/1/Data/BCLConvert/fastq/HG001-b_S2_L008_R2_001.fastq.gz							na		posControl	19	WGS																				
20260512-LH01106-0006-A23K3H2LT4	HG001-c	20260512-ILMN-Altair-Run-1	0	HG001-c	PF	ILMN	NOVASEQ	/fsx/run_dir_mounts/20260512_LH01106_0006_A23K3H2LT4/Analysis/1/Data/BCLConvert/fastq/HG001-c_S3_L001_R1_001.fastq.gz,/fsx/run_dir_mounts/20260512_LH01106_0006_A23K3H2LT4/Analysis/1/Data/BCLConvert/fastq/HG001-c_S3_L002_R1_001.fastq.gz,/fsx/run_dir_mounts/20260512_LH01106_0006_A23K3H2LT4/Analysis/1/Data/BCLConvert/fastq/HG001-c_S3_L003_R1_001.fastq.gz,/fsx/run_dir_mounts/20260512_LH01106_0006_A23K3H2LT4/Analysis/1/Data/BCLConvert/fastq/HG001-c_S3_L004_R1_001.fastq.gz,/fsx/run_dir_mounts/20260512_LH01106_0006_A23K3H2LT4/Analysis/1/Data/BCLConvert/fastq/HG001-c_S3_L005_R1_001.fastq.gz,/fsx/run_dir_mounts/20260512_LH01106_0006_A23K3H2LT4/Analysis/1/Data/BCLConvert/fastq/HG001-c_S3_L006_R1_001.fastq.gz,/fsx/run_dir_mounts/20260512_LH01106_0006_A23K3H2LT4/Analysis/1/Data/BCLConvert/fastq/HG001-c_S3_L007_R1_001.fastq.gz,/fsx/run_dir_mounts/20260512_LH01106_0006_A23K3H2LT4/Analysis/1/Data/BCLConvert/fastq/HG001-c_S3_L008_R1_001.fastq.gz	/fsx/run_dir_mounts/20260512_LH01106_0006_A23K3H2LT4/Analysis/1/Data/BCLConvert/fastq/HG001-c_S3_L001_R2_001.fastq.gz,/fsx/run_dir_mounts/20260512_LH01106_0006_A23K3H2LT4/Analysis/1/Data/BCLConvert/fastq/HG001-c_S3_L002_R2_001.fastq.gz,/fsx/run_dir_mounts/20260512_LH01106_0006_A23K3H2LT4/Analysis/1/Data/BCLConvert/fastq/HG001-c_S3_L003_R2_001.fastq.gz,/fsx/run_dir_mounts/20260512_LH01106_0006_A23K3H2LT4/Analysis/1/Data/BCLConvert/fastq/HG001-c_S3_L004_R2_001.fastq.gz,/fsx/run_dir_mounts/20260512_LH01106_0006_A23K3H2LT4/Analysis/1/Data/BCLConvert/fastq/HG001-c_S3_L005_R2_001.fastq.gz,/fsx/run_dir_mounts/20260512_LH01106_0006_A23K3H2LT4/Analysis/1/Data/BCLConvert/fastq/HG001-c_S3_L006_R2_001.fastq.gz,/fsx/run_dir_mounts/20260512_LH01106_0006_A23K3H2LT4/Analysis/1/Data/BCLConvert/fastq/HG001-c_S3_L007_R2_001.fastq.gz,/fsx/run_dir_mounts/20260512_LH01106_0006_A23K3H2LT4/Analysis/1/Data/BCLConvert/fastq/HG001-c_S3_L008_R2_001.fastq.gz							na		posControl	19	WGS																				
20260512-LH01106-0006-A23K3H2LT4	HG002-a	20260512-ILMN-Altair-Run-1	0	HG002-a	PF	ILMN	NOVASEQ	/fsx/run_dir_mounts/20260512_LH01106_0006_A23K3H2LT4/Analysis/1/Data/BCLConvert/fastq/HG002-a_S4_L001_R1_001.fastq.gz,/fsx/run_dir_mounts/20260512_LH01106_0006_A23K3H2LT4/Analysis/1/Data/BCLConvert/fastq/HG002-a_S4_L002_R1_001.fastq.gz,/fsx/run_dir_mounts/20260512_LH01106_0006_A23K3H2LT4/Analysis/1/Data/BCLConvert/fastq/HG002-a_S4_L003_R1_001.fastq.gz,/fsx/run_dir_mounts/20260512_LH01106_0006_A23K3H2LT4/Analysis/1/Data/BCLConvert/fastq/HG002-a_S4_L004_R1_001.fastq.gz,/fsx/run_dir_mounts/20260512_LH01106_0006_A23K3H2LT4/Analysis/1/Data/BCLConvert/fastq/HG002-a_S4_L005_R1_001.fastq.gz,/fsx/run_dir_mounts/20260512_LH01106_0006_A23K3H2LT4/Analysis/1/Data/BCLConvert/fastq/HG002-a_S4_L006_R1_001.fastq.gz,/fsx/run_dir_mounts/20260512_LH01106_0006_A23K3H2LT4/Analysis/1/Data/BCLConvert/fastq/HG002-a_S4_L007_R1_001.fastq.gz,/fsx/run_dir_mounts/20260512_LH01106_0006_A23K3H2LT4/Analysis/1/Data/BCLConvert/fastq/HG002-a_S4_L008_R1_001.fastq.gz	/fsx/run_dir_mounts/20260512_LH01106_0006_A23K3H2LT4/Analysis/1/Data/BCLConvert/fastq/HG002-a_S4_L001_R2_001.fastq.gz,/fsx/run_dir_mounts/20260512_LH01106_0006_A23K3H2LT4/Analysis/1/Data/BCLConvert/fastq/HG002-a_S4_L002_R2_001.fastq.gz,/fsx/run_dir_mounts/20260512_LH01106_0006_A23K3H2LT4/Analysis/1/Data/BCLConvert/fastq/HG002-a_S4_L003_R2_001.fastq.gz,/fsx/run_dir_mounts/20260512_LH01106_0006_A23K3H2LT4/Analysis/1/Data/BCLConvert/fastq/HG002-a_S4_L004_R2_001.fastq.gz,/fsx/run_dir_mounts/20260512_LH01106_0006_A23K3H2LT4/Analysis/1/Data/BCLConvert/fastq/HG002-a_S4_L005_R2_001.fastq.gz,/fsx/run_dir_mounts/20260512_LH01106_0006_A23K3H2LT4/Analysis/1/Data/BCLConvert/fastq/HG002-a_S4_L006_R2_001.fastq.gz,/fsx/run_dir_mounts/20260512_LH01106_0006_A23K3H2LT4/Analysis/1/Data/BCLConvert/fastq/HG002-a_S4_L007_R2_001.fastq.gz,/fsx/run_dir_mounts/20260512_LH01106_0006_A23K3H2LT4/Analysis/1/Data/BCLConvert/fastq/HG002-a_S4_L008_R2_001.fastq.gz							na		posControl	19	WGS																				
20260512-LH01106-0006-A23K3H2LT4	HG002-b	20260512-ILMN-Altair-Run-1	0	HG002-b	PF	ILMN	NOVASEQ	/fsx/run_dir_mounts/20260512_LH01106_0006_A23K3H2LT4/Analysis/1/Data/BCLConvert/fastq/HG002-b_S5_L001_R1_001.fastq.gz,/fsx/run_dir_mounts/20260512_LH01106_0006_A23K3H2LT4/Analysis/1/Data/BCLConvert/fastq/HG002-b_S5_L002_R1_001.fastq.gz,/fsx/run_dir_mounts/20260512_LH01106_0006_A23K3H2LT4/Analysis/1/Data/BCLConvert/fastq/HG002-b_S5_L003_R1_001.fastq.gz,/fsx/run_dir_mounts/20260512_LH01106_0006_A23K3H2LT4/Analysis/1/Data/BCLConvert/fastq/HG002-b_S5_L004_R1_001.fastq.gz,/fsx/run_dir_mounts/20260512_LH01106_0006_A23K3H2LT4/Analysis/1/Data/BCLConvert/fastq/HG002-b_S5_L005_R1_001.fastq.gz,/fsx/run_dir_mounts/20260512_LH01106_0006_A23K3H2LT4/Analysis/1/Data/BCLConvert/fastq/HG002-b_S5_L006_R1_001.fastq.gz,/fsx/run_dir_mounts/20260512_LH01106_0006_A23K3H2LT4/Analysis/1/Data/BCLConvert/fastq/HG002-b_S5_L007_R1_001.fastq.gz,/fsx/run_dir_mounts/20260512_LH01106_0006_A23K3H2LT4/Analysis/1/Data/BCLConvert/fastq/HG002-b_S5_L008_R1_001.fastq.gz	/fsx/run_dir_mounts/20260512_LH01106_0006_A23K3H2LT4/Analysis/1/Data/BCLConvert/fastq/HG002-b_S5_L001_R2_001.fastq.gz,/fsx/run_dir_mounts/20260512_LH01106_0006_A23K3H2LT4/Analysis/1/Data/BCLConvert/fastq/HG002-b_S5_L002_R2_001.fastq.gz,/fsx/run_dir_mounts/20260512_LH01106_0006_A23K3H2LT4/Analysis/1/Data/BCLConvert/fastq/HG002-b_S5_L003_R2_001.fastq.gz,/fsx/run_dir_mounts/20260512_LH01106_0006_A23K3H2LT4/Analysis/1/Data/BCLConvert/fastq/HG002-b_S5_L004_R2_001.fastq.gz,/fsx/run_dir_mounts/20260512_LH01106_0006_A23K3H2LT4/Analysis/1/Data/BCLConvert/fastq/HG002-b_S5_L005_R2_001.fastq.gz,/fsx/run_dir_mounts/20260512_LH01106_0006_A23K3H2LT4/Analysis/1/Data/BCLConvert/fastq/HG002-b_S5_L006_R2_001.fastq.gz,/fsx/run_dir_mounts/20260512_LH01106_0006_A23K3H2LT4/Analysis/1/Data/BCLConvert/fastq/HG002-b_S5_L007_R2_001.fastq.gz,/fsx/run_dir_mounts/20260512_LH01106_0006_A23K3H2LT4/Analysis/1/Data/BCLConvert/fastq/HG002-b_S5_L008_R2_001.fastq.gz							na		posControl	19	WGS																				
20260512-LH01106-0006-A23K3H2LT4	HG002-c	20260512-ILMN-Altair-Run-1	0	HG002-c	PF	ILMN	NOVASEQ	/fsx/run_dir_mounts/20260512_LH01106_0006_A23K3H2LT4/Analysis/1/Data/BCLConvert/fastq/HG002-c_S6_L001_R1_001.fastq.gz,/fsx/run_dir_mounts/20260512_LH01106_0006_A23K3H2LT4/Analysis/1/Data/BCLConvert/fastq/HG002-c_S6_L002_R1_001.fastq.gz,/fsx/run_dir_mounts/20260512_LH01106_0006_A23K3H2LT4/Analysis/1/Data/BCLConvert/fastq/HG002-c_S6_L003_R1_001.fastq.gz,/fsx/run_dir_mounts/20260512_LH01106_0006_A23K3H2LT4/Analysis/1/Data/BCLConvert/fastq/HG002-c_S6_L004_R1_001.fastq.gz,/fsx/run_dir_mounts/20260512_LH01106_0006_A23K3H2LT4/Analysis/1/Data/BCLConvert/fastq/HG002-c_S6_L005_R1_001.fastq.gz,/fsx/run_dir_mounts/20260512_LH01106_0006_A23K3H2LT4/Analysis/1/Data/BCLConvert/fastq/HG002-c_S6_L006_R1_001.fastq.gz,/fsx/run_dir_mounts/20260512_LH01106_0006_A23K3H2LT4/Analysis/1/Data/BCLConvert/fastq/HG002-c_S6_L007_R1_001.fastq.gz,/fsx/run_dir_mounts/20260512_LH01106_0006_A23K3H2LT4/Analysis/1/Data/BCLConvert/fastq/HG002-c_S6_L008_R1_001.fastq.gz	/fsx/run_dir_mounts/20260512_LH01106_0006_A23K3H2LT4/Analysis/1/Data/BCLConvert/fastq/HG002-c_S6_L001_R2_001.fastq.gz,/fsx/run_dir_mounts/20260512_LH01106_0006_A23K3H2LT4/Analysis/1/Data/BCLConvert/fastq/HG002-c_S6_L002_R2_001.fastq.gz,/fsx/run_dir_mounts/20260512_LH01106_0006_A23K3H2LT4/Analysis/1/Data/BCLConvert/fastq/HG002-c_S6_L003_R2_001.fastq.gz,/fsx/run_dir_mounts/20260512_LH01106_0006_A23K3H2LT4/Analysis/1/Data/BCLConvert/fastq/HG002-c_S6_L004_R2_001.fastq.gz,/fsx/run_dir_mounts/20260512_LH01106_0006_A23K3H2LT4/Analysis/1/Data/BCLConvert/fastq/HG002-c_S6_L005_R2_001.fastq.gz,/fsx/run_dir_mounts/20260512_LH01106_0006_A23K3H2LT4/Analysis/1/Data/BCLConvert/fastq/HG002-c_S6_L006_R2_001.fastq.gz,/fsx/run_dir_mounts/20260512_LH01106_0006_A23K3H2LT4/Analysis/1/Data/BCLConvert/fastq/HG002-c_S6_L007_R2_001.fastq.gz,/fsx/run_dir_mounts/20260512_LH01106_0006_A23K3H2LT4/Analysis/1/Data/BCLConvert/fastq/HG002-c_S6_L008_R2_001.fastq.gz							na		posControl	19	WGS																				
20260512-LH01106-0006-A23K3H2LT4	HG003-a	20260512-ILMN-Altair-Run-1	0	HG003-a	PF	ILMN	NOVASEQ	/fsx/run_dir_mounts/20260512_LH01106_0006_A23K3H2LT4/Analysis/1/Data/BCLConvert/fastq/HG003-a_S7_L001_R1_001.fastq.gz,/fsx/run_dir_mounts/20260512_LH01106_0006_A23K3H2LT4/Analysis/1/Data/BCLConvert/fastq/HG003-a_S7_L002_R1_001.fastq.gz,/fsx/run_dir_mounts/20260512_LH01106_0006_A23K3H2LT4/Analysis/1/Data/BCLConvert/fastq/HG003-a_S7_L003_R1_001.fastq.gz,/fsx/run_dir_mounts/20260512_LH01106_0006_A23K3H2LT4/Analysis/1/Data/BCLConvert/fastq/HG003-a_S7_L004_R1_001.fastq.gz,/fsx/run_dir_mounts/20260512_LH01106_0006_A23K3H2LT4/Analysis/1/Data/BCLConvert/fastq/HG003-a_S7_L005_R1_001.fastq.gz,/fsx/run_dir_mounts/20260512_LH01106_0006_A23K3H2LT4/Analysis/1/Data/BCLConvert/fastq/HG003-a_S7_L006_R1_001.fastq.gz,/fsx/run_dir_mounts/20260512_LH01106_0006_A23K3H2LT4/Analysis/1/Data/BCLConvert/fastq/HG003-a_S7_L007_R1_001.fastq.gz,/fsx/run_dir_mounts/20260512_LH01106_0006_A23K3H2LT4/Analysis/1/Data/BCLConvert/fastq/HG003-a_S7_L008_R1_001.fastq.gz	/fsx/run_dir_mounts/20260512_LH01106_0006_A23K3H2LT4/Analysis/1/Data/BCLConvert/fastq/HG003-a_S7_L001_R2_001.fastq.gz,/fsx/run_dir_mounts/20260512_LH01106_0006_A23K3H2LT4/Analysis/1/Data/BCLConvert/fastq/HG003-a_S7_L002_R2_001.fastq.gz,/fsx/run_dir_mounts/20260512_LH01106_0006_A23K3H2LT4/Analysis/1/Data/BCLConvert/fastq/HG003-a_S7_L003_R2_001.fastq.gz,/fsx/run_dir_mounts/20260512_LH01106_0006_A23K3H2LT4/Analysis/1/Data/BCLConvert/fastq/HG003-a_S7_L004_R2_001.fastq.gz,/fsx/run_dir_mounts/20260512_LH01106_0006_A23K3H2LT4/Analysis/1/Data/BCLConvert/fastq/HG003-a_S7_L005_R2_001.fastq.gz,/fsx/run_dir_mounts/20260512_LH01106_0006_A23K3H2LT4/Analysis/1/Data/BCLConvert/fastq/HG003-a_S7_L006_R2_001.fastq.gz,/fsx/run_dir_mounts/20260512_LH01106_0006_A23K3H2LT4/Analysis/1/Data/BCLConvert/fastq/HG003-a_S7_L007_R2_001.fastq.gz,/fsx/run_dir_mounts/20260512_LH01106_0006_A23K3H2LT4/Analysis/1/Data/BCLConvert/fastq/HG003-a_S7_L008_R2_001.fastq.gz							na		posControl	19	WGS																				
20260512-LH01106-0006-A23K3H2LT4	HG003-b	20260512-ILMN-Altair-Run-1	0	HG003-b	PF	ILMN	NOVASEQ	/fsx/run_dir_mounts/20260512_LH01106_0006_A23K3H2LT4/Analysis/1/Data/BCLConvert/fastq/HG003-b_S8_L001_R1_001.fastq.gz,/fsx/run_dir_mounts/20260512_LH01106_0006_A23K3H2LT4/Analysis/1/Data/BCLConvert/fastq/HG003-b_S8_L002_R1_001.fastq.gz,/fsx/run_dir_mounts/20260512_LH01106_0006_A23K3H2LT4/Analysis/1/Data/BCLConvert/fastq/HG003-b_S8_L003_R1_001.fastq.gz,/fsx/run_dir_mounts/20260512_LH01106_0006_A23K3H2LT4/Analysis/1/Data/BCLConvert/fastq/HG003-b_S8_L004_R1_001.fastq.gz,/fsx/run_dir_mounts/20260512_LH01106_0006_A23K3H2LT4/Analysis/1/Data/BCLConvert/fastq/HG003-b_S8_L005_R1_001.fastq.gz,/fsx/run_dir_mounts/20260512_LH01106_0006_A23K3H2LT4/Analysis/1/Data/BCLConvert/fastq/HG003-b_S8_L006_R1_001.fastq.gz,/fsx/run_dir_mounts/20260512_LH01106_0006_A23K3H2LT4/Analysis/1/Data/BCLConvert/fastq/HG003-b_S8_L007_R1_001.fastq.gz,/fsx/run_dir_mounts/20260512_LH01106_0006_A23K3H2LT4/Analysis/1/Data/BCLConvert/fastq/HG003-b_S8_L008_R1_001.fastq.gz	/fsx/run_dir_mounts/20260512_LH01106_0006_A23K3H2LT4/Analysis/1/Data/BCLConvert/fastq/HG003-b_S8_L001_R2_001.fastq.gz,/fsx/run_dir_mounts/20260512_LH01106_0006_A23K3H2LT4/Analysis/1/Data/BCLConvert/fastq/HG003-b_S8_L002_R2_001.fastq.gz,/fsx/run_dir_mounts/20260512_LH01106_0006_A23K3H2LT4/Analysis/1/Data/BCLConvert/fastq/HG003-b_S8_L003_R2_001.fastq.gz,/fsx/run_dir_mounts/20260512_LH01106_0006_A23K3H2LT4/Analysis/1/Data/BCLConvert/fastq/HG003-b_S8_L004_R2_001.fastq.gz,/fsx/run_dir_mounts/20260512_LH01106_0006_A23K3H2LT4/Analysis/1/Data/BCLConvert/fastq/HG003-b_S8_L005_R2_001.fastq.gz,/fsx/run_dir_mounts/20260512_LH01106_0006_A23K3H2LT4/Analysis/1/Data/BCLConvert/fastq/HG003-b_S8_L006_R2_001.fastq.gz,/fsx/run_dir_mounts/20260512_LH01106_0006_A23K3H2LT4/Analysis/1/Data/BCLConvert/fastq/HG003-b_S8_L007_R2_001.fastq.gz,/fsx/run_dir_mounts/20260512_LH01106_0006_A23K3H2LT4/Analysis/1/Data/BCLConvert/fastq/HG003-b_S8_L008_R2_001.fastq.gz							na		posControl	19	WGS																				
20260512-LH01106-0006-A23K3H2LT4	HG003-c	20260512-ILMN-Altair-Run-1	0	HG003-c	PF	ILMN	NOVASEQ	/fsx/run_dir_mounts/20260512_LH01106_0006_A23K3H2LT4/Analysis/1/Data/BCLConvert/fastq/HG003-c_S9_L001_R1_001.fastq.gz,/fsx/run_dir_mounts/20260512_LH01106_0006_A23K3H2LT4/Analysis/1/Data/BCLConvert/fastq/HG003-c_S9_L002_R1_001.fastq.gz,/fsx/run_dir_mounts/20260512_LH01106_0006_A23K3H2LT4/Analysis/1/Data/BCLConvert/fastq/HG003-c_S9_L003_R1_001.fastq.gz,/fsx/run_dir_mounts/20260512_LH01106_0006_A23K3H2LT4/Analysis/1/Data/BCLConvert/fastq/HG003-c_S9_L004_R1_001.fastq.gz,/fsx/run_dir_mounts/20260512_LH01106_0006_A23K3H2LT4/Analysis/1/Data/BCLConvert/fastq/HG003-c_S9_L005_R1_001.fastq.gz,/fsx/run_dir_mounts/20260512_LH01106_0006_A23K3H2LT4/Analysis/1/Data/BCLConvert/fastq/HG003-c_S9_L006_R1_001.fastq.gz,/fsx/run_dir_mounts/20260512_LH01106_0006_A23K3H2LT4/Analysis/1/Data/BCLConvert/fastq/HG003-c_S9_L007_R1_001.fastq.gz,/fsx/run_dir_mounts/20260512_LH01106_0006_A23K3H2LT4/Analysis/1/Data/BCLConvert/fastq/HG003-c_S9_L008_R1_001.fastq.gz	/fsx/run_dir_mounts/20260512_LH01106_0006_A23K3H2LT4/Analysis/1/Data/BCLConvert/fastq/HG003-c_S9_L001_R2_001.fastq.gz,/fsx/run_dir_mounts/20260512_LH01106_0006_A23K3H2LT4/Analysis/1/Data/BCLConvert/fastq/HG003-c_S9_L002_R2_001.fastq.gz,/fsx/run_dir_mounts/20260512_LH01106_0006_A23K3H2LT4/Analysis/1/Data/BCLConvert/fastq/HG003-c_S9_L003_R2_001.fastq.gz,/fsx/run_dir_mounts/20260512_LH01106_0006_A23K3H2LT4/Analysis/1/Data/BCLConvert/fastq/HG003-c_S9_L004_R2_001.fastq.gz,/fsx/run_dir_mounts/20260512_LH01106_0006_A23K3H2LT4/Analysis/1/Data/BCLConvert/fastq/HG003-c_S9_L005_R2_001.fastq.gz,/fsx/run_dir_mounts/20260512_LH01106_0006_A23K3H2LT4/Analysis/1/Data/BCLConvert/fastq/HG003-c_S9_L006_R2_001.fastq.gz,/fsx/run_dir_mounts/20260512_LH01106_0006_A23K3H2LT4/Analysis/1/Data/BCLConvert/fastq/HG003-c_S9_L007_R2_001.fastq.gz,/fsx/run_dir_mounts/20260512_LH01106_0006_A23K3H2LT4/Analysis/1/Data/BCLConvert/fastq/HG003-c_S9_L008_R2_001.fastq.gz							na		posControl	19	WGS																				
20260512-LH01106-0006-A23K3H2LT4	HG004-a	20260512-ILMN-Altair-Run-1	0	HG004-a	PF	ILMN	NOVASEQ	/fsx/run_dir_mounts/20260512_LH01106_0006_A23K3H2LT4/Analysis/1/Data/BCLConvert/fastq/HG004-a_S10_L001_R1_001.fastq.gz,/fsx/run_dir_mounts/20260512_LH01106_0006_A23K3H2LT4/Analysis/1/Data/BCLConvert/fastq/HG004-a_S10_L002_R1_001.fastq.gz,/fsx/run_dir_mounts/20260512_LH01106_0006_A23K3H2LT4/Analysis/1/Data/BCLConvert/fastq/HG004-a_S10_L003_R1_001.fastq.gz,/fsx/run_dir_mounts/20260512_LH01106_0006_A23K3H2LT4/Analysis/1/Data/BCLConvert/fastq/HG004-a_S10_L004_R1_001.fastq.gz,/fsx/run_dir_mounts/20260512_LH01106_0006_A23K3H2LT4/Analysis/1/Data/BCLConvert/fastq/HG004-a_S10_L005_R1_001.fastq.gz,/fsx/run_dir_mounts/20260512_LH01106_0006_A23K3H2LT4/Analysis/1/Data/BCLConvert/fastq/HG004-a_S10_L006_R1_001.fastq.gz,/fsx/run_dir_mounts/20260512_LH01106_0006_A23K3H2LT4/Analysis/1/Data/BCLConvert/fastq/HG004-a_S10_L007_R1_001.fastq.gz,/fsx/run_dir_mounts/20260512_LH01106_0006_A23K3H2LT4/Analysis/1/Data/BCLConvert/fastq/HG004-a_S10_L008_R1_001.fastq.gz	/fsx/run_dir_mounts/20260512_LH01106_0006_A23K3H2LT4/Analysis/1/Data/BCLConvert/fastq/HG004-a_S10_L001_R2_001.fastq.gz,/fsx/run_dir_mounts/20260512_LH01106_0006_A23K3H2LT4/Analysis/1/Data/BCLConvert/fastq/HG004-a_S10_L002_R2_001.fastq.gz,/fsx/run_dir_mounts/20260512_LH01106_0006_A23K3H2LT4/Analysis/1/Data/BCLConvert/fastq/HG004-a_S10_L003_R2_001.fastq.gz,/fsx/run_dir_mounts/20260512_LH01106_0006_A23K3H2LT4/Analysis/1/Data/BCLConvert/fastq/HG004-a_S10_L004_R2_001.fastq.gz,/fsx/run_dir_mounts/20260512_LH01106_0006_A23K3H2LT4/Analysis/1/Data/BCLConvert/fastq/HG004-a_S10_L005_R2_001.fastq.gz,/fsx/run_dir_mounts/20260512_LH01106_0006_A23K3H2LT4/Analysis/1/Data/BCLConvert/fastq/HG004-a_S10_L006_R2_001.fastq.gz,/fsx/run_dir_mounts/20260512_LH01106_0006_A23K3H2LT4/Analysis/1/Data/BCLConvert/fastq/HG004-a_S10_L007_R2_001.fastq.gz,/fsx/run_dir_mounts/20260512_LH01106_0006_A23K3H2LT4/Analysis/1/Data/BCLConvert/fastq/HG004-a_S10_L008_R2_001.fastq.gz							na		posControl	19	WGS																				
20260512-LH01106-0006-A23K3H2LT4	HG004-b	20260512-ILMN-Altair-Run-1	0	HG004-b	PF	ILMN	NOVASEQ	/fsx/run_dir_mounts/20260512_LH01106_0006_A23K3H2LT4/Analysis/1/Data/BCLConvert/fastq/HG004-b_S11_L001_R1_001.fastq.gz,/fsx/run_dir_mounts/20260512_LH01106_0006_A23K3H2LT4/Analysis/1/Data/BCLConvert/fastq/HG004-b_S11_L002_R1_001.fastq.gz,/fsx/run_dir_mounts/20260512_LH01106_0006_A23K3H2LT4/Analysis/1/Data/BCLConvert/fastq/HG004-b_S11_L003_R1_001.fastq.gz,/fsx/run_dir_mounts/20260512_LH01106_0006_A23K3H2LT4/Analysis/1/Data/BCLConvert/fastq/HG004-b_S11_L004_R1_001.fastq.gz,/fsx/run_dir_mounts/20260512_LH01106_0006_A23K3H2LT4/Analysis/1/Data/BCLConvert/fastq/HG004-b_S11_L005_R1_001.fastq.gz,/fsx/run_dir_mounts/20260512_LH01106_0006_A23K3H2LT4/Analysis/1/Data/BCLConvert/fastq/HG004-b_S11_L006_R1_001.fastq.gz,/fsx/run_dir_mounts/20260512_LH01106_0006_A23K3H2LT4/Analysis/1/Data/BCLConvert/fastq/HG004-b_S11_L007_R1_001.fastq.gz,/fsx/run_dir_mounts/20260512_LH01106_0006_A23K3H2LT4/Analysis/1/Data/BCLConvert/fastq/HG004-b_S11_L008_R1_001.fastq.gz	/fsx/run_dir_mounts/20260512_LH01106_0006_A23K3H2LT4/Analysis/1/Data/BCLConvert/fastq/HG004-b_S11_L001_R2_001.fastq.gz,/fsx/run_dir_mounts/20260512_LH01106_0006_A23K3H2LT4/Analysis/1/Data/BCLConvert/fastq/HG004-b_S11_L002_R2_001.fastq.gz,/fsx/run_dir_mounts/20260512_LH01106_0006_A23K3H2LT4/Analysis/1/Data/BCLConvert/fastq/HG004-b_S11_L003_R2_001.fastq.gz,/fsx/run_dir_mounts/20260512_LH01106_0006_A23K3H2LT4/Analysis/1/Data/BCLConvert/fastq/HG004-b_S11_L004_R2_001.fastq.gz,/fsx/run_dir_mounts/20260512_LH01106_0006_A23K3H2LT4/Analysis/1/Data/BCLConvert/fastq/HG004-b_S11_L005_R2_001.fastq.gz,/fsx/run_dir_mounts/20260512_LH01106_0006_A23K3H2LT4/Analysis/1/Data/BCLConvert/fastq/HG004-b_S11_L006_R2_001.fastq.gz,/fsx/run_dir_mounts/20260512_LH01106_0006_A23K3H2LT4/Analysis/1/Data/BCLConvert/fastq/HG004-b_S11_L007_R2_001.fastq.gz,/fsx/run_dir_mounts/20260512_LH01106_0006_A23K3H2LT4/Analysis/1/Data/BCLConvert/fastq/HG004-b_S11_L008_R2_001.fastq.gz							na		posControl	19	WGS																				
20260512-LH01106-0006-A23K3H2LT4	HG004-c	20260512-ILMN-Altair-Run-1	0	HG004-c	PF	ILMN	NOVASEQ	/fsx/run_dir_mounts/20260512_LH01106_0006_A23K3H2LT4/Analysis/1/Data/BCLConvert/fastq/HG004-c_S12_L001_R1_001.fastq.gz,/fsx/run_dir_mounts/20260512_LH01106_0006_A23K3H2LT4/Analysis/1/Data/BCLConvert/fastq/HG004-c_S12_L002_R1_001.fastq.gz,/fsx/run_dir_mounts/20260512_LH01106_0006_A23K3H2LT4/Analysis/1/Data/BCLConvert/fastq/HG004-c_S12_L003_R1_001.fastq.gz,/fsx/run_dir_mounts/20260512_LH01106_0006_A23K3H2LT4/Analysis/1/Data/BCLConvert/fastq/HG004-c_S12_L004_R1_001.fastq.gz,/fsx/run_dir_mounts/20260512_LH01106_0006_A23K3H2LT4/Analysis/1/Data/BCLConvert/fastq/HG004-c_S12_L005_R1_001.fastq.gz,/fsx/run_dir_mounts/20260512_LH01106_0006_A23K3H2LT4/Analysis/1/Data/BCLConvert/fastq/HG004-c_S12_L006_R1_001.fastq.gz,/fsx/run_dir_mounts/20260512_LH01106_0006_A23K3H2LT4/Analysis/1/Data/BCLConvert/fastq/HG004-c_S12_L007_R1_001.fastq.gz,/fsx/run_dir_mounts/20260512_LH01106_0006_A23K3H2LT4/Analysis/1/Data/BCLConvert/fastq/HG004-c_S12_L008_R1_001.fastq.gz	/fsx/run_dir_mounts/20260512_LH01106_0006_A23K3H2LT4/Analysis/1/Data/BCLConvert/fastq/HG004-c_S12_L001_R2_001.fastq.gz,/fsx/run_dir_mounts/20260512_LH01106_0006_A23K3H2LT4/Analysis/1/Data/BCLConvert/fastq/HG004-c_S12_L002_R2_001.fastq.gz,/fsx/run_dir_mounts/20260512_LH01106_0006_A23K3H2LT4/Analysis/1/Data/BCLConvert/fastq/HG004-c_S12_L003_R2_001.fastq.gz,/fsx/run_dir_mounts/20260512_LH01106_0006_A23K3H2LT4/Analysis/1/Data/BCLConvert/fastq/HG004-c_S12_L004_R2_001.fastq.gz,/fsx/run_dir_mounts/20260512_LH01106_0006_A23K3H2LT4/Analysis/1/Data/BCLConvert/fastq/HG004-c_S12_L005_R2_001.fastq.gz,/fsx/run_dir_mounts/20260512_LH01106_0006_A23K3H2LT4/Analysis/1/Data/BCLConvert/fastq/HG004-c_S12_L006_R2_001.fastq.gz,/fsx/run_dir_mounts/20260512_LH01106_0006_A23K3H2LT4/Analysis/1/Data/BCLConvert/fastq/HG004-c_S12_L007_R2_001.fastq.gz,/fsx/run_dir_mounts/20260512_LH01106_0006_A23K3H2LT4/Analysis/1/Data/BCLConvert/fastq/HG004-c_S12_L008_R2_001.fastq.gz							na		posControl	19	WGS																				
20260512-LH01106-0006-A23K3H2LT4	HG005-a	20260512-ILMN-Altair-Run-1	0	HG005-a	PF	ILMN	NOVASEQ	/fsx/run_dir_mounts/20260512_LH01106_0006_A23K3H2LT4/Analysis/1/Data/BCLConvert/fastq/HG005-a_S13_L001_R1_001.fastq.gz,/fsx/run_dir_mounts/20260512_LH01106_0006_A23K3H2LT4/Analysis/1/Data/BCLConvert/fastq/HG005-a_S13_L002_R1_001.fastq.gz,/fsx/run_dir_mounts/20260512_LH01106_0006_A23K3H2LT4/Analysis/1/Data/BCLConvert/fastq/HG005-a_S13_L003_R1_001.fastq.gz,/fsx/run_dir_mounts/20260512_LH01106_0006_A23K3H2LT4/Analysis/1/Data/BCLConvert/fastq/HG005-a_S13_L004_R1_001.fastq.gz,/fsx/run_dir_mounts/20260512_LH01106_0006_A23K3H2LT4/Analysis/1/Data/BCLConvert/fastq/HG005-a_S13_L005_R1_001.fastq.gz,/fsx/run_dir_mounts/20260512_LH01106_0006_A23K3H2LT4/Analysis/1/Data/BCLConvert/fastq/HG005-a_S13_L006_R1_001.fastq.gz,/fsx/run_dir_mounts/20260512_LH01106_0006_A23K3H2LT4/Analysis/1/Data/BCLConvert/fastq/HG005-a_S13_L007_R1_001.fastq.gz,/fsx/run_dir_mounts/20260512_LH01106_0006_A23K3H2LT4/Analysis/1/Data/BCLConvert/fastq/HG005-a_S13_L008_R1_001.fastq.gz	/fsx/run_dir_mounts/20260512_LH01106_0006_A23K3H2LT4/Analysis/1/Data/BCLConvert/fastq/HG005-a_S13_L001_R2_001.fastq.gz,/fsx/run_dir_mounts/20260512_LH01106_0006_A23K3H2LT4/Analysis/1/Data/BCLConvert/fastq/HG005-a_S13_L002_R2_001.fastq.gz,/fsx/run_dir_mounts/20260512_LH01106_0006_A23K3H2LT4/Analysis/1/Data/BCLConvert/fastq/HG005-a_S13_L003_R2_001.fastq.gz,/fsx/run_dir_mounts/20260512_LH01106_0006_A23K3H2LT4/Analysis/1/Data/BCLConvert/fastq/HG005-a_S13_L004_R2_001.fastq.gz,/fsx/run_dir_mounts/20260512_LH01106_0006_A23K3H2LT4/Analysis/1/Data/BCLConvert/fastq/HG005-a_S13_L005_R2_001.fastq.gz,/fsx/run_dir_mounts/20260512_LH01106_0006_A23K3H2LT4/Analysis/1/Data/BCLConvert/fastq/HG005-a_S13_L006_R2_001.fastq.gz,/fsx/run_dir_mounts/20260512_LH01106_0006_A23K3H2LT4/Analysis/1/Data/BCLConvert/fastq/HG005-a_S13_L007_R2_001.fastq.gz,/fsx/run_dir_mounts/20260512_LH01106_0006_A23K3H2LT4/Analysis/1/Data/BCLConvert/fastq/HG005-a_S13_L008_R2_001.fastq.gz							na		posControl	19	WGS																				
20260512-LH01106-0006-A23K3H2LT4	HG005-b	20260512-ILMN-Altair-Run-1	0	HG005-b	PF	ILMN	NOVASEQ	/fsx/run_dir_mounts/20260512_LH01106_0006_A23K3H2LT4/Analysis/1/Data/BCLConvert/fastq/HG005-b_S14_L001_R1_001.fastq.gz,/fsx/run_dir_mounts/20260512_LH01106_0006_A23K3H2LT4/Analysis/1/Data/BCLConvert/fastq/HG005-b_S14_L002_R1_001.fastq.gz,/fsx/run_dir_mounts/20260512_LH01106_0006_A23K3H2LT4/Analysis/1/Data/BCLConvert/fastq/HG005-b_S14_L003_R1_001.fastq.gz,/fsx/run_dir_mounts/20260512_LH01106_0006_A23K3H2LT4/Analysis/1/Data/BCLConvert/fastq/HG005-b_S14_L004_R1_001.fastq.gz,/fsx/run_dir_mounts/20260512_LH01106_0006_A23K3H2LT4/Analysis/1/Data/BCLConvert/fastq/HG005-b_S14_L005_R1_001.fastq.gz,/fsx/run_dir_mounts/20260512_LH01106_0006_A23K3H2LT4/Analysis/1/Data/BCLConvert/fastq/HG005-b_S14_L006_R1_001.fastq.gz,/fsx/run_dir_mounts/20260512_LH01106_0006_A23K3H2LT4/Analysis/1/Data/BCLConvert/fastq/HG005-b_S14_L007_R1_001.fastq.gz,/fsx/run_dir_mounts/20260512_LH01106_0006_A23K3H2LT4/Analysis/1/Data/BCLConvert/fastq/HG005-b_S14_L008_R1_001.fastq.gz	/fsx/run_dir_mounts/20260512_LH01106_0006_A23K3H2LT4/Analysis/1/Data/BCLConvert/fastq/HG005-b_S14_L001_R2_001.fastq.gz,/fsx/run_dir_mounts/20260512_LH01106_0006_A23K3H2LT4/Analysis/1/Data/BCLConvert/fastq/HG005-b_S14_L002_R2_001.fastq.gz,/fsx/run_dir_mounts/20260512_LH01106_0006_A23K3H2LT4/Analysis/1/Data/BCLConvert/fastq/HG005-b_S14_L003_R2_001.fastq.gz,/fsx/run_dir_mounts/20260512_LH01106_0006_A23K3H2LT4/Analysis/1/Data/BCLConvert/fastq/HG005-b_S14_L004_R2_001.fastq.gz,/fsx/run_dir_mounts/20260512_LH01106_0006_A23K3H2LT4/Analysis/1/Data/BCLConvert/fastq/HG005-b_S14_L005_R2_001.fastq.gz,/fsx/run_dir_mounts/20260512_LH01106_0006_A23K3H2LT4/Analysis/1/Data/BCLConvert/fastq/HG005-b_S14_L006_R2_001.fastq.gz,/fsx/run_dir_mounts/20260512_LH01106_0006_A23K3H2LT4/Analysis/1/Data/BCLConvert/fastq/HG005-b_S14_L007_R2_001.fastq.gz,/fsx/run_dir_mounts/20260512_LH01106_0006_A23K3H2LT4/Analysis/1/Data/BCLConvert/fastq/HG005-b_S14_L008_R2_001.fastq.gz							na		posControl	19	WGS																				
20260512-LH01106-0006-A23K3H2LT4	HG005-c	20260512-ILMN-Altair-Run-1	0	HG005-c	PF	ILMN	NOVASEQ	/fsx/run_dir_mounts/20260512_LH01106_0006_A23K3H2LT4/Analysis/1/Data/BCLConvert/fastq/HG005-c_S15_L001_R1_001.fastq.gz,/fsx/run_dir_mounts/20260512_LH01106_0006_A23K3H2LT4/Analysis/1/Data/BCLConvert/fastq/HG005-c_S15_L002_R1_001.fastq.gz,/fsx/run_dir_mounts/20260512_LH01106_0006_A23K3H2LT4/Analysis/1/Data/BCLConvert/fastq/HG005-c_S15_L003_R1_001.fastq.gz,/fsx/run_dir_mounts/20260512_LH01106_0006_A23K3H2LT4/Analysis/1/Data/BCLConvert/fastq/HG005-c_S15_L004_R1_001.fastq.gz,/fsx/run_dir_mounts/20260512_LH01106_0006_A23K3H2LT4/Analysis/1/Data/BCLConvert/fastq/HG005-c_S15_L005_R1_001.fastq.gz,/fsx/run_dir_mounts/20260512_LH01106_0006_A23K3H2LT4/Analysis/1/Data/BCLConvert/fastq/HG005-c_S15_L006_R1_001.fastq.gz,/fsx/run_dir_mounts/20260512_LH01106_0006_A23K3H2LT4/Analysis/1/Data/BCLConvert/fastq/HG005-c_S15_L007_R1_001.fastq.gz,/fsx/run_dir_mounts/20260512_LH01106_0006_A23K3H2LT4/Analysis/1/Data/BCLConvert/fastq/HG005-c_S15_L008_R1_001.fastq.gz	/fsx/run_dir_mounts/20260512_LH01106_0006_A23K3H2LT4/Analysis/1/Data/BCLConvert/fastq/HG005-c_S15_L001_R2_001.fastq.gz,/fsx/run_dir_mounts/20260512_LH01106_0006_A23K3H2LT4/Analysis/1/Data/BCLConvert/fastq/HG005-c_S15_L002_R2_001.fastq.gz,/fsx/run_dir_mounts/20260512_LH01106_0006_A23K3H2LT4/Analysis/1/Data/BCLConvert/fastq/HG005-c_S15_L003_R2_001.fastq.gz,/fsx/run_dir_mounts/20260512_LH01106_0006_A23K3H2LT4/Analysis/1/Data/BCLConvert/fastq/HG005-c_S15_L004_R2_001.fastq.gz,/fsx/run_dir_mounts/20260512_LH01106_0006_A23K3H2LT4/Analysis/1/Data/BCLConvert/fastq/HG005-c_S15_L005_R2_001.fastq.gz,/fsx/run_dir_mounts/20260512_LH01106_0006_A23K3H2LT4/Analysis/1/Data/BCLConvert/fastq/HG005-c_S15_L006_R2_001.fastq.gz,/fsx/run_dir_mounts/20260512_LH01106_0006_A23K3H2LT4/Analysis/1/Data/BCLConvert/fastq/HG005-c_S15_L007_R2_001.fastq.gz,/fsx/run_dir_mounts/20260512_LH01106_0006_A23K3H2LT4/Analysis/1/Data/BCLConvert/fastq/HG005-c_S15_L008_R2_001.fastq.gz							na		posControl	19	WGS																				
20260512-LH01106-0006-A23K3H2LT4	HG006-a	20260512-ILMN-Altair-Run-1	0	HG006-a	PF	ILMN	NOVASEQ	/fsx/run_dir_mounts/20260512_LH01106_0006_A23K3H2LT4/Analysis/1/Data/BCLConvert/fastq/HG006-a_S16_L001_R1_001.fastq.gz,/fsx/run_dir_mounts/20260512_LH01106_0006_A23K3H2LT4/Analysis/1/Data/BCLConvert/fastq/HG006-a_S16_L002_R1_001.fastq.gz,/fsx/run_dir_mounts/20260512_LH01106_0006_A23K3H2LT4/Analysis/1/Data/BCLConvert/fastq/HG006-a_S16_L003_R1_001.fastq.gz,/fsx/run_dir_mounts/20260512_LH01106_0006_A23K3H2LT4/Analysis/1/Data/BCLConvert/fastq/HG006-a_S16_L004_R1_001.fastq.gz,/fsx/run_dir_mounts/20260512_LH01106_0006_A23K3H2LT4/Analysis/1/Data/BCLConvert/fastq/HG006-a_S16_L005_R1_001.fastq.gz,/fsx/run_dir_mounts/20260512_LH01106_0006_A23K3H2LT4/Analysis/1/Data/BCLConvert/fastq/HG006-a_S16_L006_R1_001.fastq.gz,/fsx/run_dir_mounts/20260512_LH01106_0006_A23K3H2LT4/Analysis/1/Data/BCLConvert/fastq/HG006-a_S16_L007_R1_001.fastq.gz,/fsx/run_dir_mounts/20260512_LH01106_0006_A23K3H2LT4/Analysis/1/Data/BCLConvert/fastq/HG006-a_S16_L008_R1_001.fastq.gz	/fsx/run_dir_mounts/20260512_LH01106_0006_A23K3H2LT4/Analysis/1/Data/BCLConvert/fastq/HG006-a_S16_L001_R2_001.fastq.gz,/fsx/run_dir_mounts/20260512_LH01106_0006_A23K3H2LT4/Analysis/1/Data/BCLConvert/fastq/HG006-a_S16_L002_R2_001.fastq.gz,/fsx/run_dir_mounts/20260512_LH01106_0006_A23K3H2LT4/Analysis/1/Data/BCLConvert/fastq/HG006-a_S16_L003_R2_001.fastq.gz,/fsx/run_dir_mounts/20260512_LH01106_0006_A23K3H2LT4/Analysis/1/Data/BCLConvert/fastq/HG006-a_S16_L004_R2_001.fastq.gz,/fsx/run_dir_mounts/20260512_LH01106_0006_A23K3H2LT4/Analysis/1/Data/BCLConvert/fastq/HG006-a_S16_L005_R2_001.fastq.gz,/fsx/run_dir_mounts/20260512_LH01106_0006_A23K3H2LT4/Analysis/1/Data/BCLConvert/fastq/HG006-a_S16_L006_R2_001.fastq.gz,/fsx/run_dir_mounts/20260512_LH01106_0006_A23K3H2LT4/Analysis/1/Data/BCLConvert/fastq/HG006-a_S16_L007_R2_001.fastq.gz,/fsx/run_dir_mounts/20260512_LH01106_0006_A23K3H2LT4/Analysis/1/Data/BCLConvert/fastq/HG006-a_S16_L008_R2_001.fastq.gz							na		posControl	19	WGS																				
20260512-LH01106-0006-A23K3H2LT4	HG006-b	20260512-ILMN-Altair-Run-1	0	HG006-b	PF	ILMN	NOVASEQ	/fsx/run_dir_mounts/20260512_LH01106_0006_A23K3H2LT4/Analysis/1/Data/BCLConvert/fastq/HG006-b_S17_L001_R1_001.fastq.gz,/fsx/run_dir_mounts/20260512_LH01106_0006_A23K3H2LT4/Analysis/1/Data/BCLConvert/fastq/HG006-b_S17_L002_R1_001.fastq.gz,/fsx/run_dir_mounts/20260512_LH01106_0006_A23K3H2LT4/Analysis/1/Data/BCLConvert/fastq/HG006-b_S17_L003_R1_001.fastq.gz,/fsx/run_dir_mounts/20260512_LH01106_0006_A23K3H2LT4/Analysis/1/Data/BCLConvert/fastq/HG006-b_S17_L004_R1_001.fastq.gz,/fsx/run_dir_mounts/20260512_LH01106_0006_A23K3H2LT4/Analysis/1/Data/BCLConvert/fastq/HG006-b_S17_L005_R1_001.fastq.gz,/fsx/run_dir_mounts/20260512_LH01106_0006_A23K3H2LT4/Analysis/1/Data/BCLConvert/fastq/HG006-b_S17_L006_R1_001.fastq.gz,/fsx/run_dir_mounts/20260512_LH01106_0006_A23K3H2LT4/Analysis/1/Data/BCLConvert/fastq/HG006-b_S17_L007_R1_001.fastq.gz,/fsx/run_dir_mounts/20260512_LH01106_0006_A23K3H2LT4/Analysis/1/Data/BCLConvert/fastq/HG006-b_S17_L008_R1_001.fastq.gz	/fsx/run_dir_mounts/20260512_LH01106_0006_A23K3H2LT4/Analysis/1/Data/BCLConvert/fastq/HG006-b_S17_L001_R2_001.fastq.gz,/fsx/run_dir_mounts/20260512_LH01106_0006_A23K3H2LT4/Analysis/1/Data/BCLConvert/fastq/HG006-b_S17_L002_R2_001.fastq.gz,/fsx/run_dir_mounts/20260512_LH01106_0006_A23K3H2LT4/Analysis/1/Data/BCLConvert/fastq/HG006-b_S17_L003_R2_001.fastq.gz,/fsx/run_dir_mounts/20260512_LH01106_0006_A23K3H2LT4/Analysis/1/Data/BCLConvert/fastq/HG006-b_S17_L004_R2_001.fastq.gz,/fsx/run_dir_mounts/20260512_LH01106_0006_A23K3H2LT4/Analysis/1/Data/BCLConvert/fastq/HG006-b_S17_L005_R2_001.fastq.gz,/fsx/run_dir_mounts/20260512_LH01106_0006_A23K3H2LT4/Analysis/1/Data/BCLConvert/fastq/HG006-b_S17_L006_R2_001.fastq.gz,/fsx/run_dir_mounts/20260512_LH01106_0006_A23K3H2LT4/Analysis/1/Data/BCLConvert/fastq/HG006-b_S17_L007_R2_001.fastq.gz,/fsx/run_dir_mounts/20260512_LH01106_0006_A23K3H2LT4/Analysis/1/Data/BCLConvert/fastq/HG006-b_S17_L008_R2_001.fastq.gz							na		posControl	19	WGS																				
20260512-LH01106-0006-A23K3H2LT4	HG006-c	20260512-ILMN-Altair-Run-1	0	HG006-c	PF	ILMN	NOVASEQ	/fsx/run_dir_mounts/20260512_LH01106_0006_A23K3H2LT4/Analysis/1/Data/BCLConvert/fastq/HG006-c_S18_L001_R1_001.fastq.gz,/fsx/run_dir_mounts/20260512_LH01106_0006_A23K3H2LT4/Analysis/1/Data/BCLConvert/fastq/HG006-c_S18_L002_R1_001.fastq.gz,/fsx/run_dir_mounts/20260512_LH01106_0006_A23K3H2LT4/Analysis/1/Data/BCLConvert/fastq/HG006-c_S18_L003_R1_001.fastq.gz,/fsx/run_dir_mounts/20260512_LH01106_0006_A23K3H2LT4/Analysis/1/Data/BCLConvert/fastq/HG006-c_S18_L004_R1_001.fastq.gz,/fsx/run_dir_mounts/20260512_LH01106_0006_A23K3H2LT4/Analysis/1/Data/BCLConvert/fastq/HG006-c_S18_L005_R1_001.fastq.gz,/fsx/run_dir_mounts/20260512_LH01106_0006_A23K3H2LT4/Analysis/1/Data/BCLConvert/fastq/HG006-c_S18_L006_R1_001.fastq.gz,/fsx/run_dir_mounts/20260512_LH01106_0006_A23K3H2LT4/Analysis/1/Data/BCLConvert/fastq/HG006-c_S18_L007_R1_001.fastq.gz,/fsx/run_dir_mounts/20260512_LH01106_0006_A23K3H2LT4/Analysis/1/Data/BCLConvert/fastq/HG006-c_S18_L008_R1_001.fastq.gz	/fsx/run_dir_mounts/20260512_LH01106_0006_A23K3H2LT4/Analysis/1/Data/BCLConvert/fastq/HG006-c_S18_L001_R2_001.fastq.gz,/fsx/run_dir_mounts/20260512_LH01106_0006_A23K3H2LT4/Analysis/1/Data/BCLConvert/fastq/HG006-c_S18_L002_R2_001.fastq.gz,/fsx/run_dir_mounts/20260512_LH01106_0006_A23K3H2LT4/Analysis/1/Data/BCLConvert/fastq/HG006-c_S18_L003_R2_001.fastq.gz,/fsx/run_dir_mounts/20260512_LH01106_0006_A23K3H2LT4/Analysis/1/Data/BCLConvert/fastq/HG006-c_S18_L004_R2_001.fastq.gz,/fsx/run_dir_mounts/20260512_LH01106_0006_A23K3H2LT4/Analysis/1/Data/BCLConvert/fastq/HG006-c_S18_L005_R2_001.fastq.gz,/fsx/run_dir_mounts/20260512_LH01106_0006_A23K3H2LT4/Analysis/1/Data/BCLConvert/fastq/HG006-c_S18_L006_R2_001.fastq.gz,/fsx/run_dir_mounts/20260512_LH01106_0006_A23K3H2LT4/Analysis/1/Data/BCLConvert/fastq/HG006-c_S18_L007_R2_001.fastq.gz,/fsx/run_dir_mounts/20260512_LH01106_0006_A23K3H2LT4/Analysis/1/Data/BCLConvert/fastq/HG006-c_S18_L008_R2_001.fastq.gz							na		posControl	19	WGS																				
20260512-LH01106-0006-A23K3H2LT4	HG007-a	20260512-ILMN-Altair-Run-1	0	HG007-a	PF	ILMN	NOVASEQ	/fsx/run_dir_mounts/20260512_LH01106_0006_A23K3H2LT4/Analysis/1/Data/BCLConvert/fastq/HG007-a_S19_L001_R1_001.fastq.gz,/fsx/run_dir_mounts/20260512_LH01106_0006_A23K3H2LT4/Analysis/1/Data/BCLConvert/fastq/HG007-a_S19_L002_R1_001.fastq.gz,/fsx/run_dir_mounts/20260512_LH01106_0006_A23K3H2LT4/Analysis/1/Data/BCLConvert/fastq/HG007-a_S19_L003_R1_001.fastq.gz,/fsx/run_dir_mounts/20260512_LH01106_0006_A23K3H2LT4/Analysis/1/Data/BCLConvert/fastq/HG007-a_S19_L004_R1_001.fastq.gz,/fsx/run_dir_mounts/20260512_LH01106_0006_A23K3H2LT4/Analysis/1/Data/BCLConvert/fastq/HG007-a_S19_L005_R1_001.fastq.gz,/fsx/run_dir_mounts/20260512_LH01106_0006_A23K3H2LT4/Analysis/1/Data/BCLConvert/fastq/HG007-a_S19_L006_R1_001.fastq.gz,/fsx/run_dir_mounts/20260512_LH01106_0006_A23K3H2LT4/Analysis/1/Data/BCLConvert/fastq/HG007-a_S19_L007_R1_001.fastq.gz,/fsx/run_dir_mounts/20260512_LH01106_0006_A23K3H2LT4/Analysis/1/Data/BCLConvert/fastq/HG007-a_S19_L008_R1_001.fastq.gz	/fsx/run_dir_mounts/20260512_LH01106_0006_A23K3H2LT4/Analysis/1/Data/BCLConvert/fastq/HG007-a_S19_L001_R2_001.fastq.gz,/fsx/run_dir_mounts/20260512_LH01106_0006_A23K3H2LT4/Analysis/1/Data/BCLConvert/fastq/HG007-a_S19_L002_R2_001.fastq.gz,/fsx/run_dir_mounts/20260512_LH01106_0006_A23K3H2LT4/Analysis/1/Data/BCLConvert/fastq/HG007-a_S19_L003_R2_001.fastq.gz,/fsx/run_dir_mounts/20260512_LH01106_0006_A23K3H2LT4/Analysis/1/Data/BCLConvert/fastq/HG007-a_S19_L004_R2_001.fastq.gz,/fsx/run_dir_mounts/20260512_LH01106_0006_A23K3H2LT4/Analysis/1/Data/BCLConvert/fastq/HG007-a_S19_L005_R2_001.fastq.gz,/fsx/run_dir_mounts/20260512_LH01106_0006_A23K3H2LT4/Analysis/1/Data/BCLConvert/fastq/HG007-a_S19_L006_R2_001.fastq.gz,/fsx/run_dir_mounts/20260512_LH01106_0006_A23K3H2LT4/Analysis/1/Data/BCLConvert/fastq/HG007-a_S19_L007_R2_001.fastq.gz,/fsx/run_dir_mounts/20260512_LH01106_0006_A23K3H2LT4/Analysis/1/Data/BCLConvert/fastq/HG007-a_S19_L008_R2_001.fastq.gz							na		posControl	19	WGS																				
20260512-LH01106-0006-A23K3H2LT4	HG007-b	20260512-ILMN-Altair-Run-1	0	HG007-b	PF	ILMN	NOVASEQ	/fsx/run_dir_mounts/20260512_LH01106_0006_A23K3H2LT4/Analysis/1/Data/BCLConvert/fastq/HG007-b_S20_L001_R1_001.fastq.gz,/fsx/run_dir_mounts/20260512_LH01106_0006_A23K3H2LT4/Analysis/1/Data/BCLConvert/fastq/HG007-b_S20_L002_R1_001.fastq.gz,/fsx/run_dir_mounts/20260512_LH01106_0006_A23K3H2LT4/Analysis/1/Data/BCLConvert/fastq/HG007-b_S20_L003_R1_001.fastq.gz,/fsx/run_dir_mounts/20260512_LH01106_0006_A23K3H2LT4/Analysis/1/Data/BCLConvert/fastq/HG007-b_S20_L004_R1_001.fastq.gz,/fsx/run_dir_mounts/20260512_LH01106_0006_A23K3H2LT4/Analysis/1/Data/BCLConvert/fastq/HG007-b_S20_L005_R1_001.fastq.gz,/fsx/run_dir_mounts/20260512_LH01106_0006_A23K3H2LT4/Analysis/1/Data/BCLConvert/fastq/HG007-b_S20_L006_R1_001.fastq.gz,/fsx/run_dir_mounts/20260512_LH01106_0006_A23K3H2LT4/Analysis/1/Data/BCLConvert/fastq/HG007-b_S20_L007_R1_001.fastq.gz,/fsx/run_dir_mounts/20260512_LH01106_0006_A23K3H2LT4/Analysis/1/Data/BCLConvert/fastq/HG007-b_S20_L008_R1_001.fastq.gz	/fsx/run_dir_mounts/20260512_LH01106_0006_A23K3H2LT4/Analysis/1/Data/BCLConvert/fastq/HG007-b_S20_L001_R2_001.fastq.gz,/fsx/run_dir_mounts/20260512_LH01106_0006_A23K3H2LT4/Analysis/1/Data/BCLConvert/fastq/HG007-b_S20_L002_R2_001.fastq.gz,/fsx/run_dir_mounts/20260512_LH01106_0006_A23K3H2LT4/Analysis/1/Data/BCLConvert/fastq/HG007-b_S20_L003_R2_001.fastq.gz,/fsx/run_dir_mounts/20260512_LH01106_0006_A23K3H2LT4/Analysis/1/Data/BCLConvert/fastq/HG007-b_S20_L004_R2_001.fastq.gz,/fsx/run_dir_mounts/20260512_LH01106_0006_A23K3H2LT4/Analysis/1/Data/BCLConvert/fastq/HG007-b_S20_L005_R2_001.fastq.gz,/fsx/run_dir_mounts/20260512_LH01106_0006_A23K3H2LT4/Analysis/1/Data/BCLConvert/fastq/HG007-b_S20_L006_R2_001.fastq.gz,/fsx/run_dir_mounts/20260512_LH01106_0006_A23K3H2LT4/Analysis/1/Data/BCLConvert/fastq/HG007-b_S20_L007_R2_001.fastq.gz,/fsx/run_dir_mounts/20260512_LH01106_0006_A23K3H2LT4/Analysis/1/Data/BCLConvert/fastq/HG007-b_S20_L008_R2_001.fastq.gz							na		posControl	19	WGS																				
20260512-LH01106-0006-A23K3H2LT4	HG007-c	20260512-ILMN-Altair-Run-1	0	HG007-c	PF	ILMN	NOVASEQ	/fsx/run_dir_mounts/20260512_LH01106_0006_A23K3H2LT4/Analysis/1/Data/BCLConvert/fastq/HG007-c_S21_L001_R1_001.fastq.gz,/fsx/run_dir_mounts/20260512_LH01106_0006_A23K3H2LT4/Analysis/1/Data/BCLConvert/fastq/HG007-c_S21_L002_R1_001.fastq.gz,/fsx/run_dir_mounts/20260512_LH01106_0006_A23K3H2LT4/Analysis/1/Data/BCLConvert/fastq/HG007-c_S21_L003_R1_001.fastq.gz,/fsx/run_dir_mounts/20260512_LH01106_0006_A23K3H2LT4/Analysis/1/Data/BCLConvert/fastq/HG007-c_S21_L004_R1_001.fastq.gz,/fsx/run_dir_mounts/20260512_LH01106_0006_A23K3H2LT4/Analysis/1/Data/BCLConvert/fastq/HG007-c_S21_L005_R1_001.fastq.gz,/fsx/run_dir_mounts/20260512_LH01106_0006_A23K3H2LT4/Analysis/1/Data/BCLConvert/fastq/HG007-c_S21_L006_R1_001.fastq.gz,/fsx/run_dir_mounts/20260512_LH01106_0006_A23K3H2LT4/Analysis/1/Data/BCLConvert/fastq/HG007-c_S21_L007_R1_001.fastq.gz,/fsx/run_dir_mounts/20260512_LH01106_0006_A23K3H2LT4/Analysis/1/Data/BCLConvert/fastq/HG007-c_S21_L008_R1_001.fastq.gz	/fsx/run_dir_mounts/20260512_LH01106_0006_A23K3H2LT4/Analysis/1/Data/BCLConvert/fastq/HG007-c_S21_L001_R2_001.fastq.gz,/fsx/run_dir_mounts/20260512_LH01106_0006_A23K3H2LT4/Analysis/1/Data/BCLConvert/fastq/HG007-c_S21_L002_R2_001.fastq.gz,/fsx/run_dir_mounts/20260512_LH01106_0006_A23K3H2LT4/Analysis/1/Data/BCLConvert/fastq/HG007-c_S21_L003_R2_001.fastq.gz,/fsx/run_dir_mounts/20260512_LH01106_0006_A23K3H2LT4/Analysis/1/Data/BCLConvert/fastq/HG007-c_S21_L004_R2_001.fastq.gz,/fsx/run_dir_mounts/20260512_LH01106_0006_A23K3H2LT4/Analysis/1/Data/BCLConvert/fastq/HG007-c_S21_L005_R2_001.fastq.gz,/fsx/run_dir_mounts/20260512_LH01106_0006_A23K3H2LT4/Analysis/1/Data/BCLConvert/fastq/HG007-c_S21_L006_R2_001.fastq.gz,/fsx/run_dir_mounts/20260512_LH01106_0006_A23K3H2LT4/Analysis/1/Data/BCLConvert/fastq/HG007-c_S21_L007_R2_001.fastq.gz,/fsx/run_dir_mounts/20260512_LH01106_0006_A23K3H2LT4/Analysis/1/Data/BCLConvert/fastq/HG007-c_S21_L008_R2_001.fastq.gz							na		posControl	19	WGS																				
20260512-LH01106-0006-A23K3H2LT4	BUCCAL1-a	20260512-ILMN-Altair-Run-1	0	BUCCAL1-a	PF	ILMN	NOVASEQ	/fsx/run_dir_mounts/20260512_LH01106_0006_A23K3H2LT4/Analysis/1/Data/BCLConvert/fastq/BUCCAL1-a_S22_L001_R1_001.fastq.gz,/fsx/run_dir_mounts/20260512_LH01106_0006_A23K3H2LT4/Analysis/1/Data/BCLConvert/fastq/BUCCAL1-a_S22_L002_R1_001.fastq.gz,/fsx/run_dir_mounts/20260512_LH01106_0006_A23K3H2LT4/Analysis/1/Data/BCLConvert/fastq/BUCCAL1-a_S22_L003_R1_001.fastq.gz,/fsx/run_dir_mounts/20260512_LH01106_0006_A23K3H2LT4/Analysis/1/Data/BCLConvert/fastq/BUCCAL1-a_S22_L004_R1_001.fastq.gz,/fsx/run_dir_mounts/20260512_LH01106_0006_A23K3H2LT4/Analysis/1/Data/BCLConvert/fastq/BUCCAL1-a_S22_L005_R1_001.fastq.gz,/fsx/run_dir_mounts/20260512_LH01106_0006_A23K3H2LT4/Analysis/1/Data/BCLConvert/fastq/BUCCAL1-a_S22_L006_R1_001.fastq.gz,/fsx/run_dir_mounts/20260512_LH01106_0006_A23K3H2LT4/Analysis/1/Data/BCLConvert/fastq/BUCCAL1-a_S22_L007_R1_001.fastq.gz,/fsx/run_dir_mounts/20260512_LH01106_0006_A23K3H2LT4/Analysis/1/Data/BCLConvert/fastq/BUCCAL1-a_S22_L008_R1_001.fastq.gz	/fsx/run_dir_mounts/20260512_LH01106_0006_A23K3H2LT4/Analysis/1/Data/BCLConvert/fastq/BUCCAL1-a_S22_L001_R2_001.fastq.gz,/fsx/run_dir_mounts/20260512_LH01106_0006_A23K3H2LT4/Analysis/1/Data/BCLConvert/fastq/BUCCAL1-a_S22_L002_R2_001.fastq.gz,/fsx/run_dir_mounts/20260512_LH01106_0006_A23K3H2LT4/Analysis/1/Data/BCLConvert/fastq/BUCCAL1-a_S22_L003_R2_001.fastq.gz,/fsx/run_dir_mounts/20260512_LH01106_0006_A23K3H2LT4/Analysis/1/Data/BCLConvert/fastq/BUCCAL1-a_S22_L004_R2_001.fastq.gz,/fsx/run_dir_mounts/20260512_LH01106_0006_A23K3H2LT4/Analysis/1/Data/BCLConvert/fastq/BUCCAL1-a_S22_L005_R2_001.fastq.gz,/fsx/run_dir_mounts/20260512_LH01106_0006_A23K3H2LT4/Analysis/1/Data/BCLConvert/fastq/BUCCAL1-a_S22_L006_R2_001.fastq.gz,/fsx/run_dir_mounts/20260512_LH01106_0006_A23K3H2LT4/Analysis/1/Data/BCLConvert/fastq/BUCCAL1-a_S22_L007_R2_001.fastq.gz,/fsx/run_dir_mounts/20260512_LH01106_0006_A23K3H2LT4/Analysis/1/Data/BCLConvert/fastq/BUCCAL1-a_S22_L008_R2_001.fastq.gz							na		sample	19	WGS																				
20260512-LH01106-0006-A23K3H2LT4	BUCCAL1-b	20260512-ILMN-Altair-Run-1	0	BUCCAL1-b	PF	ILMN	NOVASEQ	/fsx/run_dir_mounts/20260512_LH01106_0006_A23K3H2LT4/Analysis/1/Data/BCLConvert/fastq/BUCCAL1-b_S23_L001_R1_001.fastq.gz,/fsx/run_dir_mounts/20260512_LH01106_0006_A23K3H2LT4/Analysis/1/Data/BCLConvert/fastq/BUCCAL1-b_S23_L002_R1_001.fastq.gz,/fsx/run_dir_mounts/20260512_LH01106_0006_A23K3H2LT4/Analysis/1/Data/BCLConvert/fastq/BUCCAL1-b_S23_L003_R1_001.fastq.gz,/fsx/run_dir_mounts/20260512_LH01106_0006_A23K3H2LT4/Analysis/1/Data/BCLConvert/fastq/BUCCAL1-b_S23_L004_R1_001.fastq.gz,/fsx/run_dir_mounts/20260512_LH01106_0006_A23K3H2LT4/Analysis/1/Data/BCLConvert/fastq/BUCCAL1-b_S23_L005_R1_001.fastq.gz,/fsx/run_dir_mounts/20260512_LH01106_0006_A23K3H2LT4/Analysis/1/Data/BCLConvert/fastq/BUCCAL1-b_S23_L006_R1_001.fastq.gz,/fsx/run_dir_mounts/20260512_LH01106_0006_A23K3H2LT4/Analysis/1/Data/BCLConvert/fastq/BUCCAL1-b_S23_L007_R1_001.fastq.gz,/fsx/run_dir_mounts/20260512_LH01106_0006_A23K3H2LT4/Analysis/1/Data/BCLConvert/fastq/BUCCAL1-b_S23_L008_R1_001.fastq.gz	/fsx/run_dir_mounts/20260512_LH01106_0006_A23K3H2LT4/Analysis/1/Data/BCLConvert/fastq/BUCCAL1-b_S23_L001_R2_001.fastq.gz,/fsx/run_dir_mounts/20260512_LH01106_0006_A23K3H2LT4/Analysis/1/Data/BCLConvert/fastq/BUCCAL1-b_S23_L002_R2_001.fastq.gz,/fsx/run_dir_mounts/20260512_LH01106_0006_A23K3H2LT4/Analysis/1/Data/BCLConvert/fastq/BUCCAL1-b_S23_L003_R2_001.fastq.gz,/fsx/run_dir_mounts/20260512_LH01106_0006_A23K3H2LT4/Analysis/1/Data/BCLConvert/fastq/BUCCAL1-b_S23_L004_R2_001.fastq.gz,/fsx/run_dir_mounts/20260512_LH01106_0006_A23K3H2LT4/Analysis/1/Data/BCLConvert/fastq/BUCCAL1-b_S23_L005_R2_001.fastq.gz,/fsx/run_dir_mounts/20260512_LH01106_0006_A23K3H2LT4/Analysis/1/Data/BCLConvert/fastq/BUCCAL1-b_S23_L006_R2_001.fastq.gz,/fsx/run_dir_mounts/20260512_LH01106_0006_A23K3H2LT4/Analysis/1/Data/BCLConvert/fastq/BUCCAL1-b_S23_L007_R2_001.fastq.gz,/fsx/run_dir_mounts/20260512_LH01106_0006_A23K3H2LT4/Analysis/1/Data/BCLConvert/fastq/BUCCAL1-b_S23_L008_R2_001.fastq.gz							na		sample	19	WGS																				
20260512-LH01106-0006-A23K3H2LT4	BUCCAL2-a	20260512-ILMN-Altair-Run-1	0	BUCCAL2-a	PF	ILMN	NOVASEQ	/fsx/run_dir_mounts/20260512_LH01106_0006_A23K3H2LT4/Analysis/1/Data/BCLConvert/fastq/BUCCAL2-a_S24_L001_R1_001.fastq.gz,/fsx/run_dir_mounts/20260512_LH01106_0006_A23K3H2LT4/Analysis/1/Data/BCLConvert/fastq/BUCCAL2-a_S24_L002_R1_001.fastq.gz,/fsx/run_dir_mounts/20260512_LH01106_0006_A23K3H2LT4/Analysis/1/Data/BCLConvert/fastq/BUCCAL2-a_S24_L003_R1_001.fastq.gz,/fsx/run_dir_mounts/20260512_LH01106_0006_A23K3H2LT4/Analysis/1/Data/BCLConvert/fastq/BUCCAL2-a_S24_L004_R1_001.fastq.gz,/fsx/run_dir_mounts/20260512_LH01106_0006_A23K3H2LT4/Analysis/1/Data/BCLConvert/fastq/BUCCAL2-a_S24_L005_R1_001.fastq.gz,/fsx/run_dir_mounts/20260512_LH01106_0006_A23K3H2LT4/Analysis/1/Data/BCLConvert/fastq/BUCCAL2-a_S24_L006_R1_001.fastq.gz,/fsx/run_dir_mounts/20260512_LH01106_0006_A23K3H2LT4/Analysis/1/Data/BCLConvert/fastq/BUCCAL2-a_S24_L007_R1_001.fastq.gz,/fsx/run_dir_mounts/20260512_LH01106_0006_A23K3H2LT4/Analysis/1/Data/BCLConvert/fastq/BUCCAL2-a_S24_L008_R1_001.fastq.gz	/fsx/run_dir_mounts/20260512_LH01106_0006_A23K3H2LT4/Analysis/1/Data/BCLConvert/fastq/BUCCAL2-a_S24_L001_R2_001.fastq.gz,/fsx/run_dir_mounts/20260512_LH01106_0006_A23K3H2LT4/Analysis/1/Data/BCLConvert/fastq/BUCCAL2-a_S24_L002_R2_001.fastq.gz,/fsx/run_dir_mounts/20260512_LH01106_0006_A23K3H2LT4/Analysis/1/Data/BCLConvert/fastq/BUCCAL2-a_S24_L003_R2_001.fastq.gz,/fsx/run_dir_mounts/20260512_LH01106_0006_A23K3H2LT4/Analysis/1/Data/BCLConvert/fastq/BUCCAL2-a_S24_L004_R2_001.fastq.gz,/fsx/run_dir_mounts/20260512_LH01106_0006_A23K3H2LT4/Analysis/1/Data/BCLConvert/fastq/BUCCAL2-a_S24_L005_R2_001.fastq.gz,/fsx/run_dir_mounts/20260512_LH01106_0006_A23K3H2LT4/Analysis/1/Data/BCLConvert/fastq/BUCCAL2-a_S24_L006_R2_001.fastq.gz,/fsx/run_dir_mounts/20260512_LH01106_0006_A23K3H2LT4/Analysis/1/Data/BCLConvert/fastq/BUCCAL2-a_S24_L007_R2_001.fastq.gz,/fsx/run_dir_mounts/20260512_LH01106_0006_A23K3H2LT4/Analysis/1/Data/BCLConvert/fastq/BUCCAL2-a_S24_L008_R2_001.fastq.gz							na		sample	19	WGS																				
20260512-LH01106-0006-A23K3H2LT4	BUCCAL2-b	20260512-ILMN-Altair-Run-1	0	BUCCAL2-b	PF	ILMN	NOVASEQ	/fsx/run_dir_mounts/20260512_LH01106_0006_A23K3H2LT4/Analysis/1/Data/BCLConvert/fastq/BUCCAL2-b_S25_L001_R1_001.fastq.gz,/fsx/run_dir_mounts/20260512_LH01106_0006_A23K3H2LT4/Analysis/1/Data/BCLConvert/fastq/BUCCAL2-b_S25_L002_R1_001.fastq.gz,/fsx/run_dir_mounts/20260512_LH01106_0006_A23K3H2LT4/Analysis/1/Data/BCLConvert/fastq/BUCCAL2-b_S25_L003_R1_001.fastq.gz,/fsx/run_dir_mounts/20260512_LH01106_0006_A23K3H2LT4/Analysis/1/Data/BCLConvert/fastq/BUCCAL2-b_S25_L004_R1_001.fastq.gz,/fsx/run_dir_mounts/20260512_LH01106_0006_A23K3H2LT4/Analysis/1/Data/BCLConvert/fastq/BUCCAL2-b_S25_L005_R1_001.fastq.gz,/fsx/run_dir_mounts/20260512_LH01106_0006_A23K3H2LT4/Analysis/1/Data/BCLConvert/fastq/BUCCAL2-b_S25_L006_R1_001.fastq.gz,/fsx/run_dir_mounts/20260512_LH01106_0006_A23K3H2LT4/Analysis/1/Data/BCLConvert/fastq/BUCCAL2-b_S25_L007_R1_001.fastq.gz,/fsx/run_dir_mounts/20260512_LH01106_0006_A23K3H2LT4/Analysis/1/Data/BCLConvert/fastq/BUCCAL2-b_S25_L008_R1_001.fastq.gz	/fsx/run_dir_mounts/20260512_LH01106_0006_A23K3H2LT4/Analysis/1/Data/BCLConvert/fastq/BUCCAL2-b_S25_L001_R2_001.fastq.gz,/fsx/run_dir_mounts/20260512_LH01106_0006_A23K3H2LT4/Analysis/1/Data/BCLConvert/fastq/BUCCAL2-b_S25_L002_R2_001.fastq.gz,/fsx/run_dir_mounts/20260512_LH01106_0006_A23K3H2LT4/Analysis/1/Data/BCLConvert/fastq/BUCCAL2-b_S25_L003_R2_001.fastq.gz,/fsx/run_dir_mounts/20260512_LH01106_0006_A23K3H2LT4/Analysis/1/Data/BCLConvert/fastq/BUCCAL2-b_S25_L004_R2_001.fastq.gz,/fsx/run_dir_mounts/20260512_LH01106_0006_A23K3H2LT4/Analysis/1/Data/BCLConvert/fastq/BUCCAL2-b_S25_L005_R2_001.fastq.gz,/fsx/run_dir_mounts/20260512_LH01106_0006_A23K3H2LT4/Analysis/1/Data/BCLConvert/fastq/BUCCAL2-b_S25_L006_R2_001.fastq.gz,/fsx/run_dir_mounts/20260512_LH01106_0006_A23K3H2LT4/Analysis/1/Data/BCLConvert/fastq/BUCCAL2-b_S25_L007_R2_001.fastq.gz,/fsx/run_dir_mounts/20260512_LH01106_0006_A23K3H2LT4/Analysis/1/Data/BCLConvert/fastq/BUCCAL2-b_S25_L008_R2_001.fastq.gz							na		sample	19	WGS																				
20260512-LH01106-0006-A23K3H2LT4	BUCCAL3-a	20260512-ILMN-Altair-Run-1	0	BUCCAL3-a	PF	ILMN	NOVASEQ	/fsx/run_dir_mounts/20260512_LH01106_0006_A23K3H2LT4/Analysis/1/Data/BCLConvert/fastq/BUCCAL3-a_S26_L001_R1_001.fastq.gz,/fsx/run_dir_mounts/20260512_LH01106_0006_A23K3H2LT4/Analysis/1/Data/BCLConvert/fastq/BUCCAL3-a_S26_L002_R1_001.fastq.gz,/fsx/run_dir_mounts/20260512_LH01106_0006_A23K3H2LT4/Analysis/1/Data/BCLConvert/fastq/BUCCAL3-a_S26_L003_R1_001.fastq.gz,/fsx/run_dir_mounts/20260512_LH01106_0006_A23K3H2LT4/Analysis/1/Data/BCLConvert/fastq/BUCCAL3-a_S26_L004_R1_001.fastq.gz,/fsx/run_dir_mounts/20260512_LH01106_0006_A23K3H2LT4/Analysis/1/Data/BCLConvert/fastq/BUCCAL3-a_S26_L005_R1_001.fastq.gz,/fsx/run_dir_mounts/20260512_LH01106_0006_A23K3H2LT4/Analysis/1/Data/BCLConvert/fastq/BUCCAL3-a_S26_L006_R1_001.fastq.gz,/fsx/run_dir_mounts/20260512_LH01106_0006_A23K3H2LT4/Analysis/1/Data/BCLConvert/fastq/BUCCAL3-a_S26_L007_R1_001.fastq.gz,/fsx/run_dir_mounts/20260512_LH01106_0006_A23K3H2LT4/Analysis/1/Data/BCLConvert/fastq/BUCCAL3-a_S26_L008_R1_001.fastq.gz	/fsx/run_dir_mounts/20260512_LH01106_0006_A23K3H2LT4/Analysis/1/Data/BCLConvert/fastq/BUCCAL3-a_S26_L001_R2_001.fastq.gz,/fsx/run_dir_mounts/20260512_LH01106_0006_A23K3H2LT4/Analysis/1/Data/BCLConvert/fastq/BUCCAL3-a_S26_L002_R2_001.fastq.gz,/fsx/run_dir_mounts/20260512_LH01106_0006_A23K3H2LT4/Analysis/1/Data/BCLConvert/fastq/BUCCAL3-a_S26_L003_R2_001.fastq.gz,/fsx/run_dir_mounts/20260512_LH01106_0006_A23K3H2LT4/Analysis/1/Data/BCLConvert/fastq/BUCCAL3-a_S26_L004_R2_001.fastq.gz,/fsx/run_dir_mounts/20260512_LH01106_0006_A23K3H2LT4/Analysis/1/Data/BCLConvert/fastq/BUCCAL3-a_S26_L005_R2_001.fastq.gz,/fsx/run_dir_mounts/20260512_LH01106_0006_A23K3H2LT4/Analysis/1/Data/BCLConvert/fastq/BUCCAL3-a_S26_L006_R2_001.fastq.gz,/fsx/run_dir_mounts/20260512_LH01106_0006_A23K3H2LT4/Analysis/1/Data/BCLConvert/fastq/BUCCAL3-a_S26_L007_R2_001.fastq.gz,/fsx/run_dir_mounts/20260512_LH01106_0006_A23K3H2LT4/Analysis/1/Data/BCLConvert/fastq/BUCCAL3-a_S26_L008_R2_001.fastq.gz							na		sample	19	WGS																				
20260512-LH01106-0006-A23K3H2LT4	BUCCAL3-b	20260512-ILMN-Altair-Run-1	0	BUCCAL3-b	PF	ILMN	NOVASEQ	/fsx/run_dir_mounts/20260512_LH01106_0006_A23K3H2LT4/Analysis/1/Data/BCLConvert/fastq/BUCCAL3-b_S27_L001_R1_001.fastq.gz,/fsx/run_dir_mounts/20260512_LH01106_0006_A23K3H2LT4/Analysis/1/Data/BCLConvert/fastq/BUCCAL3-b_S27_L002_R1_001.fastq.gz,/fsx/run_dir_mounts/20260512_LH01106_0006_A23K3H2LT4/Analysis/1/Data/BCLConvert/fastq/BUCCAL3-b_S27_L003_R1_001.fastq.gz,/fsx/run_dir_mounts/20260512_LH01106_0006_A23K3H2LT4/Analysis/1/Data/BCLConvert/fastq/BUCCAL3-b_S27_L004_R1_001.fastq.gz,/fsx/run_dir_mounts/20260512_LH01106_0006_A23K3H2LT4/Analysis/1/Data/BCLConvert/fastq/BUCCAL3-b_S27_L005_R1_001.fastq.gz,/fsx/run_dir_mounts/20260512_LH01106_0006_A23K3H2LT4/Analysis/1/Data/BCLConvert/fastq/BUCCAL3-b_S27_L006_R1_001.fastq.gz,/fsx/run_dir_mounts/20260512_LH01106_0006_A23K3H2LT4/Analysis/1/Data/BCLConvert/fastq/BUCCAL3-b_S27_L007_R1_001.fastq.gz,/fsx/run_dir_mounts/20260512_LH01106_0006_A23K3H2LT4/Analysis/1/Data/BCLConvert/fastq/BUCCAL3-b_S27_L008_R1_001.fastq.gz	/fsx/run_dir_mounts/20260512_LH01106_0006_A23K3H2LT4/Analysis/1/Data/BCLConvert/fastq/BUCCAL3-b_S27_L001_R2_001.fastq.gz,/fsx/run_dir_mounts/20260512_LH01106_0006_A23K3H2LT4/Analysis/1/Data/BCLConvert/fastq/BUCCAL3-b_S27_L002_R2_001.fastq.gz,/fsx/run_dir_mounts/20260512_LH01106_0006_A23K3H2LT4/Analysis/1/Data/BCLConvert/fastq/BUCCAL3-b_S27_L003_R2_001.fastq.gz,/fsx/run_dir_mounts/20260512_LH01106_0006_A23K3H2LT4/Analysis/1/Data/BCLConvert/fastq/BUCCAL3-b_S27_L004_R2_001.fastq.gz,/fsx/run_dir_mounts/20260512_LH01106_0006_A23K3H2LT4/Analysis/1/Data/BCLConvert/fastq/BUCCAL3-b_S27_L005_R2_001.fastq.gz,/fsx/run_dir_mounts/20260512_LH01106_0006_A23K3H2LT4/Analysis/1/Data/BCLConvert/fastq/BUCCAL3-b_S27_L006_R2_001.fastq.gz,/fsx/run_dir_mounts/20260512_LH01106_0006_A23K3H2LT4/Analysis/1/Data/BCLConvert/fastq/BUCCAL3-b_S27_L007_R2_001.fastq.gz,/fsx/run_dir_mounts/20260512_LH01106_0006_A23K3H2LT4/Analysis/1/Data/BCLConvert/fastq/BUCCAL3-b_S27_L008_R2_001.fastq.gz							na		sample	19	WGS																				
20260512-LH01106-0006-A23K3H2LT4	BUCCAL4-a	20260512-ILMN-Altair-Run-1	0	BUCCAL4-a	PF	ILMN	NOVASEQ	/fsx/run_dir_mounts/20260512_LH01106_0006_A23K3H2LT4/Analysis/1/Data/BCLConvert/fastq/BUCCAL4-a_S28_L001_R1_001.fastq.gz,/fsx/run_dir_mounts/20260512_LH01106_0006_A23K3H2LT4/Analysis/1/Data/BCLConvert/fastq/BUCCAL4-a_S28_L002_R1_001.fastq.gz,/fsx/run_dir_mounts/20260512_LH01106_0006_A23K3H2LT4/Analysis/1/Data/BCLConvert/fastq/BUCCAL4-a_S28_L003_R1_001.fastq.gz,/fsx/run_dir_mounts/20260512_LH01106_0006_A23K3H2LT4/Analysis/1/Data/BCLConvert/fastq/BUCCAL4-a_S28_L004_R1_001.fastq.gz,/fsx/run_dir_mounts/20260512_LH01106_0006_A23K3H2LT4/Analysis/1/Data/BCLConvert/fastq/BUCCAL4-a_S28_L005_R1_001.fastq.gz,/fsx/run_dir_mounts/20260512_LH01106_0006_A23K3H2LT4/Analysis/1/Data/BCLConvert/fastq/BUCCAL4-a_S28_L006_R1_001.fastq.gz,/fsx/run_dir_mounts/20260512_LH01106_0006_A23K3H2LT4/Analysis/1/Data/BCLConvert/fastq/BUCCAL4-a_S28_L007_R1_001.fastq.gz,/fsx/run_dir_mounts/20260512_LH01106_0006_A23K3H2LT4/Analysis/1/Data/BCLConvert/fastq/BUCCAL4-a_S28_L008_R1_001.fastq.gz	/fsx/run_dir_mounts/20260512_LH01106_0006_A23K3H2LT4/Analysis/1/Data/BCLConvert/fastq/BUCCAL4-a_S28_L001_R2_001.fastq.gz,/fsx/run_dir_mounts/20260512_LH01106_0006_A23K3H2LT4/Analysis/1/Data/BCLConvert/fastq/BUCCAL4-a_S28_L002_R2_001.fastq.gz,/fsx/run_dir_mounts/20260512_LH01106_0006_A23K3H2LT4/Analysis/1/Data/BCLConvert/fastq/BUCCAL4-a_S28_L003_R2_001.fastq.gz,/fsx/run_dir_mounts/20260512_LH01106_0006_A23K3H2LT4/Analysis/1/Data/BCLConvert/fastq/BUCCAL4-a_S28_L004_R2_001.fastq.gz,/fsx/run_dir_mounts/20260512_LH01106_0006_A23K3H2LT4/Analysis/1/Data/BCLConvert/fastq/BUCCAL4-a_S28_L005_R2_001.fastq.gz,/fsx/run_dir_mounts/20260512_LH01106_0006_A23K3H2LT4/Analysis/1/Data/BCLConvert/fastq/BUCCAL4-a_S28_L006_R2_001.fastq.gz,/fsx/run_dir_mounts/20260512_LH01106_0006_A23K3H2LT4/Analysis/1/Data/BCLConvert/fastq/BUCCAL4-a_S28_L007_R2_001.fastq.gz,/fsx/run_dir_mounts/20260512_LH01106_0006_A23K3H2LT4/Analysis/1/Data/BCLConvert/fastq/BUCCAL4-a_S28_L008_R2_001.fastq.gz							na		sample	19	WGS																				
20260512-LH01106-0006-A23K3H2LT4	BUCCAL5-a	20260512-ILMN-Altair-Run-1	0	BUCCAL5-a	PF	ILMN	NOVASEQ	/fsx/run_dir_mounts/20260512_LH01106_0006_A23K3H2LT4/Analysis/1/Data/BCLConvert/fastq/BUCCAL5-a_S29_L001_R1_001.fastq.gz,/fsx/run_dir_mounts/20260512_LH01106_0006_A23K3H2LT4/Analysis/1/Data/BCLConvert/fastq/BUCCAL5-a_S29_L002_R1_001.fastq.gz,/fsx/run_dir_mounts/20260512_LH01106_0006_A23K3H2LT4/Analysis/1/Data/BCLConvert/fastq/BUCCAL5-a_S29_L003_R1_001.fastq.gz,/fsx/run_dir_mounts/20260512_LH01106_0006_A23K3H2LT4/Analysis/1/Data/BCLConvert/fastq/BUCCAL5-a_S29_L004_R1_001.fastq.gz,/fsx/run_dir_mounts/20260512_LH01106_0006_A23K3H2LT4/Analysis/1/Data/BCLConvert/fastq/BUCCAL5-a_S29_L005_R1_001.fastq.gz,/fsx/run_dir_mounts/20260512_LH01106_0006_A23K3H2LT4/Analysis/1/Data/BCLConvert/fastq/BUCCAL5-a_S29_L006_R1_001.fastq.gz,/fsx/run_dir_mounts/20260512_LH01106_0006_A23K3H2LT4/Analysis/1/Data/BCLConvert/fastq/BUCCAL5-a_S29_L007_R1_001.fastq.gz,/fsx/run_dir_mounts/20260512_LH01106_0006_A23K3H2LT4/Analysis/1/Data/BCLConvert/fastq/BUCCAL5-a_S29_L008_R1_001.fastq.gz	/fsx/run_dir_mounts/20260512_LH01106_0006_A23K3H2LT4/Analysis/1/Data/BCLConvert/fastq/BUCCAL5-a_S29_L001_R2_001.fastq.gz,/fsx/run_dir_mounts/20260512_LH01106_0006_A23K3H2LT4/Analysis/1/Data/BCLConvert/fastq/BUCCAL5-a_S29_L002_R2_001.fastq.gz,/fsx/run_dir_mounts/20260512_LH01106_0006_A23K3H2LT4/Analysis/1/Data/BCLConvert/fastq/BUCCAL5-a_S29_L003_R2_001.fastq.gz,/fsx/run_dir_mounts/20260512_LH01106_0006_A23K3H2LT4/Analysis/1/Data/BCLConvert/fastq/BUCCAL5-a_S29_L004_R2_001.fastq.gz,/fsx/run_dir_mounts/20260512_LH01106_0006_A23K3H2LT4/Analysis/1/Data/BCLConvert/fastq/BUCCAL5-a_S29_L005_R2_001.fastq.gz,/fsx/run_dir_mounts/20260512_LH01106_0006_A23K3H2LT4/Analysis/1/Data/BCLConvert/fastq/BUCCAL5-a_S29_L006_R2_001.fastq.gz,/fsx/run_dir_mounts/20260512_LH01106_0006_A23K3H2LT4/Analysis/1/Data/BCLConvert/fastq/BUCCAL5-a_S29_L007_R2_001.fastq.gz,/fsx/run_dir_mounts/20260512_LH01106_0006_A23K3H2LT4/Analysis/1/Data/BCLConvert/fastq/BUCCAL5-a_S29_L008_R2_001.fastq.gz							na		sample	19	WGS																				
20260512-LH01106-0006-A23K3H2LT4	BUCCAL6-a	20260512-ILMN-Altair-Run-1	0	BUCCAL6-a	PF	ILMN	NOVASEQ	/fsx/run_dir_mounts/20260512_LH01106_0006_A23K3H2LT4/Analysis/1/Data/BCLConvert/fastq/BUCCAL6-a_S30_L001_R1_001.fastq.gz,/fsx/run_dir_mounts/20260512_LH01106_0006_A23K3H2LT4/Analysis/1/Data/BCLConvert/fastq/BUCCAL6-a_S30_L002_R1_001.fastq.gz,/fsx/run_dir_mounts/20260512_LH01106_0006_A23K3H2LT4/Analysis/1/Data/BCLConvert/fastq/BUCCAL6-a_S30_L003_R1_001.fastq.gz,/fsx/run_dir_mounts/20260512_LH01106_0006_A23K3H2LT4/Analysis/1/Data/BCLConvert/fastq/BUCCAL6-a_S30_L004_R1_001.fastq.gz,/fsx/run_dir_mounts/20260512_LH01106_0006_A23K3H2LT4/Analysis/1/Data/BCLConvert/fastq/BUCCAL6-a_S30_L005_R1_001.fastq.gz,/fsx/run_dir_mounts/20260512_LH01106_0006_A23K3H2LT4/Analysis/1/Data/BCLConvert/fastq/BUCCAL6-a_S30_L006_R1_001.fastq.gz,/fsx/run_dir_mounts/20260512_LH01106_0006_A23K3H2LT4/Analysis/1/Data/BCLConvert/fastq/BUCCAL6-a_S30_L007_R1_001.fastq.gz,/fsx/run_dir_mounts/20260512_LH01106_0006_A23K3H2LT4/Analysis/1/Data/BCLConvert/fastq/BUCCAL6-a_S30_L008_R1_001.fastq.gz	/fsx/run_dir_mounts/20260512_LH01106_0006_A23K3H2LT4/Analysis/1/Data/BCLConvert/fastq/BUCCAL6-a_S30_L001_R2_001.fastq.gz,/fsx/run_dir_mounts/20260512_LH01106_0006_A23K3H2LT4/Analysis/1/Data/BCLConvert/fastq/BUCCAL6-a_S30_L002_R2_001.fastq.gz,/fsx/run_dir_mounts/20260512_LH01106_0006_A23K3H2LT4/Analysis/1/Data/BCLConvert/fastq/BUCCAL6-a_S30_L003_R2_001.fastq.gz,/fsx/run_dir_mounts/20260512_LH01106_0006_A23K3H2LT4/Analysis/1/Data/BCLConvert/fastq/BUCCAL6-a_S30_L004_R2_001.fastq.gz,/fsx/run_dir_mounts/20260512_LH01106_0006_A23K3H2LT4/Analysis/1/Data/BCLConvert/fastq/BUCCAL6-a_S30_L005_R2_001.fastq.gz,/fsx/run_dir_mounts/20260512_LH01106_0006_A23K3H2LT4/Analysis/1/Data/BCLConvert/fastq/BUCCAL6-a_S30_L006_R2_001.fastq.gz,/fsx/run_dir_mounts/20260512_LH01106_0006_A23K3H2LT4/Analysis/1/Data/BCLConvert/fastq/BUCCAL6-a_S30_L007_R2_001.fastq.gz,/fsx/run_dir_mounts/20260512_LH01106_0006_A23K3H2LT4/Analysis/1/Data/BCLConvert/fastq/BUCCAL6-a_S30_L008_R2_001.fastq.gz							na		sample	19	WGS																				
20260512-LH01106-0006-A23K3H2LT4	BUCCAL7-a	20260512-ILMN-Altair-Run-1	0	BUCCAL7-a	PF	ILMN	NOVASEQ	/fsx/run_dir_mounts/20260512_LH01106_0006_A23K3H2LT4/Analysis/1/Data/BCLConvert/fastq/BUCCAL7-a_S31_L001_R1_001.fastq.gz,/fsx/run_dir_mounts/20260512_LH01106_0006_A23K3H2LT4/Analysis/1/Data/BCLConvert/fastq/BUCCAL7-a_S31_L002_R1_001.fastq.gz,/fsx/run_dir_mounts/20260512_LH01106_0006_A23K3H2LT4/Analysis/1/Data/BCLConvert/fastq/BUCCAL7-a_S31_L003_R1_001.fastq.gz,/fsx/run_dir_mounts/20260512_LH01106_0006_A23K3H2LT4/Analysis/1/Data/BCLConvert/fastq/BUCCAL7-a_S31_L004_R1_001.fastq.gz,/fsx/run_dir_mounts/20260512_LH01106_0006_A23K3H2LT4/Analysis/1/Data/BCLConvert/fastq/BUCCAL7-a_S31_L005_R1_001.fastq.gz,/fsx/run_dir_mounts/20260512_LH01106_0006_A23K3H2LT4/Analysis/1/Data/BCLConvert/fastq/BUCCAL7-a_S31_L006_R1_001.fastq.gz,/fsx/run_dir_mounts/20260512_LH01106_0006_A23K3H2LT4/Analysis/1/Data/BCLConvert/fastq/BUCCAL7-a_S31_L007_R1_001.fastq.gz,/fsx/run_dir_mounts/20260512_LH01106_0006_A23K3H2LT4/Analysis/1/Data/BCLConvert/fastq/BUCCAL7-a_S31_L008_R1_001.fastq.gz	/fsx/run_dir_mounts/20260512_LH01106_0006_A23K3H2LT4/Analysis/1/Data/BCLConvert/fastq/BUCCAL7-a_S31_L001_R2_001.fastq.gz,/fsx/run_dir_mounts/20260512_LH01106_0006_A23K3H2LT4/Analysis/1/Data/BCLConvert/fastq/BUCCAL7-a_S31_L002_R2_001.fastq.gz,/fsx/run_dir_mounts/20260512_LH01106_0006_A23K3H2LT4/Analysis/1/Data/BCLConvert/fastq/BUCCAL7-a_S31_L003_R2_001.fastq.gz,/fsx/run_dir_mounts/20260512_LH01106_0006_A23K3H2LT4/Analysis/1/Data/BCLConvert/fastq/BUCCAL7-a_S31_L004_R2_001.fastq.gz,/fsx/run_dir_mounts/20260512_LH01106_0006_A23K3H2LT4/Analysis/1/Data/BCLConvert/fastq/BUCCAL7-a_S31_L005_R2_001.fastq.gz,/fsx/run_dir_mounts/20260512_LH01106_0006_A23K3H2LT4/Analysis/1/Data/BCLConvert/fastq/BUCCAL7-a_S31_L006_R2_001.fastq.gz,/fsx/run_dir_mounts/20260512_LH01106_0006_A23K3H2LT4/Analysis/1/Data/BCLConvert/fastq/BUCCAL7-a_S31_L007_R2_001.fastq.gz,/fsx/run_dir_mounts/20260512_LH01106_0006_A23K3H2LT4/Analysis/1/Data/BCLConvert/fastq/BUCCAL7-a_S31_L008_R2_001.fastq.gz							na		sample	19	WGS																				
20260512-LH01106-0006-A23K3H2LT4	BUCCAL8-a	20260512-ILMN-Altair-Run-1	0	BUCCAL8-a	PF	ILMN	NOVASEQ	/fsx/run_dir_mounts/20260512_LH01106_0006_A23K3H2LT4/Analysis/1/Data/BCLConvert/fastq/BUCCAL8-a_S32_L001_R1_001.fastq.gz,/fsx/run_dir_mounts/20260512_LH01106_0006_A23K3H2LT4/Analysis/1/Data/BCLConvert/fastq/BUCCAL8-a_S32_L002_R1_001.fastq.gz,/fsx/run_dir_mounts/20260512_LH01106_0006_A23K3H2LT4/Analysis/1/Data/BCLConvert/fastq/BUCCAL8-a_S32_L003_R1_001.fastq.gz,/fsx/run_dir_mounts/20260512_LH01106_0006_A23K3H2LT4/Analysis/1/Data/BCLConvert/fastq/BUCCAL8-a_S32_L004_R1_001.fastq.gz,/fsx/run_dir_mounts/20260512_LH01106_0006_A23K3H2LT4/Analysis/1/Data/BCLConvert/fastq/BUCCAL8-a_S32_L005_R1_001.fastq.gz,/fsx/run_dir_mounts/20260512_LH01106_0006_A23K3H2LT4/Analysis/1/Data/BCLConvert/fastq/BUCCAL8-a_S32_L006_R1_001.fastq.gz,/fsx/run_dir_mounts/20260512_LH01106_0006_A23K3H2LT4/Analysis/1/Data/BCLConvert/fastq/BUCCAL8-a_S32_L007_R1_001.fastq.gz,/fsx/run_dir_mounts/20260512_LH01106_0006_A23K3H2LT4/Analysis/1/Data/BCLConvert/fastq/BUCCAL8-a_S32_L008_R1_001.fastq.gz	/fsx/run_dir_mounts/20260512_LH01106_0006_A23K3H2LT4/Analysis/1/Data/BCLConvert/fastq/BUCCAL8-a_S32_L001_R2_001.fastq.gz,/fsx/run_dir_mounts/20260512_LH01106_0006_A23K3H2LT4/Analysis/1/Data/BCLConvert/fastq/BUCCAL8-a_S32_L002_R2_001.fastq.gz,/fsx/run_dir_mounts/20260512_LH01106_0006_A23K3H2LT4/Analysis/1/Data/BCLConvert/fastq/BUCCAL8-a_S32_L003_R2_001.fastq.gz,/fsx/run_dir_mounts/20260512_LH01106_0006_A23K3H2LT4/Analysis/1/Data/BCLConvert/fastq/BUCCAL8-a_S32_L004_R2_001.fastq.gz,/fsx/run_dir_mounts/20260512_LH01106_0006_A23K3H2LT4/Analysis/1/Data/BCLConvert/fastq/BUCCAL8-a_S32_L005_R2_001.fastq.gz,/fsx/run_dir_mounts/20260512_LH01106_0006_A23K3H2LT4/Analysis/1/Data/BCLConvert/fastq/BUCCAL8-a_S32_L006_R2_001.fastq.gz,/fsx/run_dir_mounts/20260512_LH01106_0006_A23K3H2LT4/Analysis/1/Data/BCLConvert/fastq/BUCCAL8-a_S32_L007_R2_001.fastq.gz,/fsx/run_dir_mounts/20260512_LH01106_0006_A23K3H2LT4/Analysis/1/Data/BCLConvert/fastq/BUCCAL8-a_S32_L008_R2_001.fastq.gz							na		sample	19	WGS																				
20260512-LH01106-0006-A23K3H2LT4	BUCCAL9-a	20260512-ILMN-Altair-Run-1	0	BUCCAL9-a	PF	ILMN	NOVASEQ	/fsx/run_dir_mounts/20260512_LH01106_0006_A23K3H2LT4/Analysis/1/Data/BCLConvert/fastq/BUCCAL9-a_S33_L001_R1_001.fastq.gz,/fsx/run_dir_mounts/20260512_LH01106_0006_A23K3H2LT4/Analysis/1/Data/BCLConvert/fastq/BUCCAL9-a_S33_L002_R1_001.fastq.gz,/fsx/run_dir_mounts/20260512_LH01106_0006_A23K3H2LT4/Analysis/1/Data/BCLConvert/fastq/BUCCAL9-a_S33_L003_R1_001.fastq.gz,/fsx/run_dir_mounts/20260512_LH01106_0006_A23K3H2LT4/Analysis/1/Data/BCLConvert/fastq/BUCCAL9-a_S33_L004_R1_001.fastq.gz,/fsx/run_dir_mounts/20260512_LH01106_0006_A23K3H2LT4/Analysis/1/Data/BCLConvert/fastq/BUCCAL9-a_S33_L005_R1_001.fastq.gz,/fsx/run_dir_mounts/20260512_LH01106_0006_A23K3H2LT4/Analysis/1/Data/BCLConvert/fastq/BUCCAL9-a_S33_L006_R1_001.fastq.gz,/fsx/run_dir_mounts/20260512_LH01106_0006_A23K3H2LT4/Analysis/1/Data/BCLConvert/fastq/BUCCAL9-a_S33_L007_R1_001.fastq.gz,/fsx/run_dir_mounts/20260512_LH01106_0006_A23K3H2LT4/Analysis/1/Data/BCLConvert/fastq/BUCCAL9-a_S33_L008_R1_001.fastq.gz	/fsx/run_dir_mounts/20260512_LH01106_0006_A23K3H2LT4/Analysis/1/Data/BCLConvert/fastq/BUCCAL9-a_S33_L001_R2_001.fastq.gz,/fsx/run_dir_mounts/20260512_LH01106_0006_A23K3H2LT4/Analysis/1/Data/BCLConvert/fastq/BUCCAL9-a_S33_L002_R2_001.fastq.gz,/fsx/run_dir_mounts/20260512_LH01106_0006_A23K3H2LT4/Analysis/1/Data/BCLConvert/fastq/BUCCAL9-a_S33_L003_R2_001.fastq.gz,/fsx/run_dir_mounts/20260512_LH01106_0006_A23K3H2LT4/Analysis/1/Data/BCLConvert/fastq/BUCCAL9-a_S33_L004_R2_001.fastq.gz,/fsx/run_dir_mounts/20260512_LH01106_0006_A23K3H2LT4/Analysis/1/Data/BCLConvert/fastq/BUCCAL9-a_S33_L005_R2_001.fastq.gz,/fsx/run_dir_mounts/20260512_LH01106_0006_A23K3H2LT4/Analysis/1/Data/BCLConvert/fastq/BUCCAL9-a_S33_L006_R2_001.fastq.gz,/fsx/run_dir_mounts/20260512_LH01106_0006_A23K3H2LT4/Analysis/1/Data/BCLConvert/fastq/BUCCAL9-a_S33_L007_R2_001.fastq.gz,/fsx/run_dir_mounts/20260512_LH01106_0006_A23K3H2LT4/Analysis/1/Data/BCLConvert/fastq/BUCCAL9-a_S33_L008_R2_001.fastq.gz							na		sample	19	WGS																				
20260512-LH01106-0006-A23K3H2LT4	NA05115-a	20260512-ILMN-Altair-Run-1	0	NA05115-a	PF	ILMN	NOVASEQ	/fsx/run_dir_mounts/20260512_LH01106_0006_A23K3H2LT4/Analysis/1/Data/BCLConvert/fastq/NA05115-a_S34_L001_R1_001.fastq.gz,/fsx/run_dir_mounts/20260512_LH01106_0006_A23K3H2LT4/Analysis/1/Data/BCLConvert/fastq/NA05115-a_S34_L002_R1_001.fastq.gz,/fsx/run_dir_mounts/20260512_LH01106_0006_A23K3H2LT4/Analysis/1/Data/BCLConvert/fastq/NA05115-a_S34_L003_R1_001.fastq.gz,/fsx/run_dir_mounts/20260512_LH01106_0006_A23K3H2LT4/Analysis/1/Data/BCLConvert/fastq/NA05115-a_S34_L004_R1_001.fastq.gz,/fsx/run_dir_mounts/20260512_LH01106_0006_A23K3H2LT4/Analysis/1/Data/BCLConvert/fastq/NA05115-a_S34_L005_R1_001.fastq.gz,/fsx/run_dir_mounts/20260512_LH01106_0006_A23K3H2LT4/Analysis/1/Data/BCLConvert/fastq/NA05115-a_S34_L006_R1_001.fastq.gz,/fsx/run_dir_mounts/20260512_LH01106_0006_A23K3H2LT4/Analysis/1/Data/BCLConvert/fastq/NA05115-a_S34_L007_R1_001.fastq.gz,/fsx/run_dir_mounts/20260512_LH01106_0006_A23K3H2LT4/Analysis/1/Data/BCLConvert/fastq/NA05115-a_S34_L008_R1_001.fastq.gz	/fsx/run_dir_mounts/20260512_LH01106_0006_A23K3H2LT4/Analysis/1/Data/BCLConvert/fastq/NA05115-a_S34_L001_R2_001.fastq.gz,/fsx/run_dir_mounts/20260512_LH01106_0006_A23K3H2LT4/Analysis/1/Data/BCLConvert/fastq/NA05115-a_S34_L002_R2_001.fastq.gz,/fsx/run_dir_mounts/20260512_LH01106_0006_A23K3H2LT4/Analysis/1/Data/BCLConvert/fastq/NA05115-a_S34_L003_R2_001.fastq.gz,/fsx/run_dir_mounts/20260512_LH01106_0006_A23K3H2LT4/Analysis/1/Data/BCLConvert/fastq/NA05115-a_S34_L004_R2_001.fastq.gz,/fsx/run_dir_mounts/20260512_LH01106_0006_A23K3H2LT4/Analysis/1/Data/BCLConvert/fastq/NA05115-a_S34_L005_R2_001.fastq.gz,/fsx/run_dir_mounts/20260512_LH01106_0006_A23K3H2LT4/Analysis/1/Data/BCLConvert/fastq/NA05115-a_S34_L006_R2_001.fastq.gz,/fsx/run_dir_mounts/20260512_LH01106_0006_A23K3H2LT4/Analysis/1/Data/BCLConvert/fastq/NA05115-a_S34_L007_R2_001.fastq.gz,/fsx/run_dir_mounts/20260512_LH01106_0006_A23K3H2LT4/Analysis/1/Data/BCLConvert/fastq/NA05115-a_S34_L008_R2_001.fastq.gz							na		sample	19	WGS																				
20260512-LH01106-0006-A23K3H2LT4	NA09216-a	20260512-ILMN-Altair-Run-1	0	NA09216-a	PF	ILMN	NOVASEQ	/fsx/run_dir_mounts/20260512_LH01106_0006_A23K3H2LT4/Analysis/1/Data/BCLConvert/fastq/NA09216-a_S35_L001_R1_001.fastq.gz,/fsx/run_dir_mounts/20260512_LH01106_0006_A23K3H2LT4/Analysis/1/Data/BCLConvert/fastq/NA09216-a_S35_L002_R1_001.fastq.gz,/fsx/run_dir_mounts/20260512_LH01106_0006_A23K3H2LT4/Analysis/1/Data/BCLConvert/fastq/NA09216-a_S35_L003_R1_001.fastq.gz,/fsx/run_dir_mounts/20260512_LH01106_0006_A23K3H2LT4/Analysis/1/Data/BCLConvert/fastq/NA09216-a_S35_L004_R1_001.fastq.gz,/fsx/run_dir_mounts/20260512_LH01106_0006_A23K3H2LT4/Analysis/1/Data/BCLConvert/fastq/NA09216-a_S35_L005_R1_001.fastq.gz,/fsx/run_dir_mounts/20260512_LH01106_0006_A23K3H2LT4/Analysis/1/Data/BCLConvert/fastq/NA09216-a_S35_L006_R1_001.fastq.gz,/fsx/run_dir_mounts/20260512_LH01106_0006_A23K3H2LT4/Analysis/1/Data/BCLConvert/fastq/NA09216-a_S35_L007_R1_001.fastq.gz,/fsx/run_dir_mounts/20260512_LH01106_0006_A23K3H2LT4/Analysis/1/Data/BCLConvert/fastq/NA09216-a_S35_L008_R1_001.fastq.gz	/fsx/run_dir_mounts/20260512_LH01106_0006_A23K3H2LT4/Analysis/1/Data/BCLConvert/fastq/NA09216-a_S35_L001_R2_001.fastq.gz,/fsx/run_dir_mounts/20260512_LH01106_0006_A23K3H2LT4/Analysis/1/Data/BCLConvert/fastq/NA09216-a_S35_L002_R2_001.fastq.gz,/fsx/run_dir_mounts/20260512_LH01106_0006_A23K3H2LT4/Analysis/1/Data/BCLConvert/fastq/NA09216-a_S35_L003_R2_001.fastq.gz,/fsx/run_dir_mounts/20260512_LH01106_0006_A23K3H2LT4/Analysis/1/Data/BCLConvert/fastq/NA09216-a_S35_L004_R2_001.fastq.gz,/fsx/run_dir_mounts/20260512_LH01106_0006_A23K3H2LT4/Analysis/1/Data/BCLConvert/fastq/NA09216-a_S35_L005_R2_001.fastq.gz,/fsx/run_dir_mounts/20260512_LH01106_0006_A23K3H2LT4/Analysis/1/Data/BCLConvert/fastq/NA09216-a_S35_L006_R2_001.fastq.gz,/fsx/run_dir_mounts/20260512_LH01106_0006_A23K3H2LT4/Analysis/1/Data/BCLConvert/fastq/NA09216-a_S35_L007_R2_001.fastq.gz,/fsx/run_dir_mounts/20260512_LH01106_0006_A23K3H2LT4/Analysis/1/Data/BCLConvert/fastq/NA09216-a_S35_L008_R2_001.fastq.gz							na		sample	19	WGS																				
20260512-LH01106-0006-A23K3H2LT4	NA07439-a	20260512-ILMN-Altair-Run-1	0	NA07439-a	PF	ILMN	NOVASEQ	/fsx/run_dir_mounts/20260512_LH01106_0006_A23K3H2LT4/Analysis/1/Data/BCLConvert/fastq/NA07439-a_S36_L001_R1_001.fastq.gz,/fsx/run_dir_mounts/20260512_LH01106_0006_A23K3H2LT4/Analysis/1/Data/BCLConvert/fastq/NA07439-a_S36_L002_R1_001.fastq.gz,/fsx/run_dir_mounts/20260512_LH01106_0006_A23K3H2LT4/Analysis/1/Data/BCLConvert/fastq/NA07439-a_S36_L003_R1_001.fastq.gz,/fsx/run_dir_mounts/20260512_LH01106_0006_A23K3H2LT4/Analysis/1/Data/BCLConvert/fastq/NA07439-a_S36_L004_R1_001.fastq.gz,/fsx/run_dir_mounts/20260512_LH01106_0006_A23K3H2LT4/Analysis/1/Data/BCLConvert/fastq/NA07439-a_S36_L005_R1_001.fastq.gz,/fsx/run_dir_mounts/20260512_LH01106_0006_A23K3H2LT4/Analysis/1/Data/BCLConvert/fastq/NA07439-a_S36_L006_R1_001.fastq.gz,/fsx/run_dir_mounts/20260512_LH01106_0006_A23K3H2LT4/Analysis/1/Data/BCLConvert/fastq/NA07439-a_S36_L007_R1_001.fastq.gz,/fsx/run_dir_mounts/20260512_LH01106_0006_A23K3H2LT4/Analysis/1/Data/BCLConvert/fastq/NA07439-a_S36_L008_R1_001.fastq.gz	/fsx/run_dir_mounts/20260512_LH01106_0006_A23K3H2LT4/Analysis/1/Data/BCLConvert/fastq/NA07439-a_S36_L001_R2_001.fastq.gz,/fsx/run_dir_mounts/20260512_LH01106_0006_A23K3H2LT4/Analysis/1/Data/BCLConvert/fastq/NA07439-a_S36_L002_R2_001.fastq.gz,/fsx/run_dir_mounts/20260512_LH01106_0006_A23K3H2LT4/Analysis/1/Data/BCLConvert/fastq/NA07439-a_S36_L003_R2_001.fastq.gz,/fsx/run_dir_mounts/20260512_LH01106_0006_A23K3H2LT4/Analysis/1/Data/BCLConvert/fastq/NA07439-a_S36_L004_R2_001.fastq.gz,/fsx/run_dir_mounts/20260512_LH01106_0006_A23K3H2LT4/Analysis/1/Data/BCLConvert/fastq/NA07439-a_S36_L005_R2_001.fastq.gz,/fsx/run_dir_mounts/20260512_LH01106_0006_A23K3H2LT4/Analysis/1/Data/BCLConvert/fastq/NA07439-a_S36_L006_R2_001.fastq.gz,/fsx/run_dir_mounts/20260512_LH01106_0006_A23K3H2LT4/Analysis/1/Data/BCLConvert/fastq/NA07439-a_S36_L007_R2_001.fastq.gz,/fsx/run_dir_mounts/20260512_LH01106_0006_A23K3H2LT4/Analysis/1/Data/BCLConvert/fastq/NA07439-a_S36_L008_R2_001.fastq.gz							na		sample	19	WGS																				
20260512-LH01106-0006-A23K3H2LT4	NA20241-a	20260512-ILMN-Altair-Run-1	0	NA20241-a	PF	ILMN	NOVASEQ	/fsx/run_dir_mounts/20260512_LH01106_0006_A23K3H2LT4/Analysis/1/Data/BCLConvert/fastq/NA20241-a_S37_L001_R1_001.fastq.gz,/fsx/run_dir_mounts/20260512_LH01106_0006_A23K3H2LT4/Analysis/1/Data/BCLConvert/fastq/NA20241-a_S37_L002_R1_001.fastq.gz,/fsx/run_dir_mounts/20260512_LH01106_0006_A23K3H2LT4/Analysis/1/Data/BCLConvert/fastq/NA20241-a_S37_L003_R1_001.fastq.gz,/fsx/run_dir_mounts/20260512_LH01106_0006_A23K3H2LT4/Analysis/1/Data/BCLConvert/fastq/NA20241-a_S37_L004_R1_001.fastq.gz,/fsx/run_dir_mounts/20260512_LH01106_0006_A23K3H2LT4/Analysis/1/Data/BCLConvert/fastq/NA20241-a_S37_L005_R1_001.fastq.gz,/fsx/run_dir_mounts/20260512_LH01106_0006_A23K3H2LT4/Analysis/1/Data/BCLConvert/fastq/NA20241-a_S37_L006_R1_001.fastq.gz,/fsx/run_dir_mounts/20260512_LH01106_0006_A23K3H2LT4/Analysis/1/Data/BCLConvert/fastq/NA20241-a_S37_L007_R1_001.fastq.gz,/fsx/run_dir_mounts/20260512_LH01106_0006_A23K3H2LT4/Analysis/1/Data/BCLConvert/fastq/NA20241-a_S37_L008_R1_001.fastq.gz	/fsx/run_dir_mounts/20260512_LH01106_0006_A23K3H2LT4/Analysis/1/Data/BCLConvert/fastq/NA20241-a_S37_L001_R2_001.fastq.gz,/fsx/run_dir_mounts/20260512_LH01106_0006_A23K3H2LT4/Analysis/1/Data/BCLConvert/fastq/NA20241-a_S37_L002_R2_001.fastq.gz,/fsx/run_dir_mounts/20260512_LH01106_0006_A23K3H2LT4/Analysis/1/Data/BCLConvert/fastq/NA20241-a_S37_L003_R2_001.fastq.gz,/fsx/run_dir_mounts/20260512_LH01106_0006_A23K3H2LT4/Analysis/1/Data/BCLConvert/fastq/NA20241-a_S37_L004_R2_001.fastq.gz,/fsx/run_dir_mounts/20260512_LH01106_0006_A23K3H2LT4/Analysis/1/Data/BCLConvert/fastq/NA20241-a_S37_L005_R2_001.fastq.gz,/fsx/run_dir_mounts/20260512_LH01106_0006_A23K3H2LT4/Analysis/1/Data/BCLConvert/fastq/NA20241-a_S37_L006_R2_001.fastq.gz,/fsx/run_dir_mounts/20260512_LH01106_0006_A23K3H2LT4/Analysis/1/Data/BCLConvert/fastq/NA20241-a_S37_L007_R2_001.fastq.gz,/fsx/run_dir_mounts/20260512_LH01106_0006_A23K3H2LT4/Analysis/1/Data/BCLConvert/fastq/NA20241-a_S37_L008_R2_001.fastq.gz							na		sample	19	WGS																				
20260512-LH01106-0006-A23K3H2LT4	NA05212-a	20260512-ILMN-Altair-Run-1	0	NA05212-a	PF	ILMN	NOVASEQ	/fsx/run_dir_mounts/20260512_LH01106_0006_A23K3H2LT4/Analysis/1/Data/BCLConvert/fastq/NA05212-a_S38_L001_R1_001.fastq.gz,/fsx/run_dir_mounts/20260512_LH01106_0006_A23K3H2LT4/Analysis/1/Data/BCLConvert/fastq/NA05212-a_S38_L002_R1_001.fastq.gz,/fsx/run_dir_mounts/20260512_LH01106_0006_A23K3H2LT4/Analysis/1/Data/BCLConvert/fastq/NA05212-a_S38_L003_R1_001.fastq.gz,/fsx/run_dir_mounts/20260512_LH01106_0006_A23K3H2LT4/Analysis/1/Data/BCLConvert/fastq/NA05212-a_S38_L004_R1_001.fastq.gz,/fsx/run_dir_mounts/20260512_LH01106_0006_A23K3H2LT4/Analysis/1/Data/BCLConvert/fastq/NA05212-a_S38_L005_R1_001.fastq.gz,/fsx/run_dir_mounts/20260512_LH01106_0006_A23K3H2LT4/Analysis/1/Data/BCLConvert/fastq/NA05212-a_S38_L006_R1_001.fastq.gz,/fsx/run_dir_mounts/20260512_LH01106_0006_A23K3H2LT4/Analysis/1/Data/BCLConvert/fastq/NA05212-a_S38_L007_R1_001.fastq.gz,/fsx/run_dir_mounts/20260512_LH01106_0006_A23K3H2LT4/Analysis/1/Data/BCLConvert/fastq/NA05212-a_S38_L008_R1_001.fastq.gz	/fsx/run_dir_mounts/20260512_LH01106_0006_A23K3H2LT4/Analysis/1/Data/BCLConvert/fastq/NA05212-a_S38_L001_R2_001.fastq.gz,/fsx/run_dir_mounts/20260512_LH01106_0006_A23K3H2LT4/Analysis/1/Data/BCLConvert/fastq/NA05212-a_S38_L002_R2_001.fastq.gz,/fsx/run_dir_mounts/20260512_LH01106_0006_A23K3H2LT4/Analysis/1/Data/BCLConvert/fastq/NA05212-a_S38_L003_R2_001.fastq.gz,/fsx/run_dir_mounts/20260512_LH01106_0006_A23K3H2LT4/Analysis/1/Data/BCLConvert/fastq/NA05212-a_S38_L004_R2_001.fastq.gz,/fsx/run_dir_mounts/20260512_LH01106_0006_A23K3H2LT4/Analysis/1/Data/BCLConvert/fastq/NA05212-a_S38_L005_R2_001.fastq.gz,/fsx/run_dir_mounts/20260512_LH01106_0006_A23K3H2LT4/Analysis/1/Data/BCLConvert/fastq/NA05212-a_S38_L006_R2_001.fastq.gz,/fsx/run_dir_mounts/20260512_LH01106_0006_A23K3H2LT4/Analysis/1/Data/BCLConvert/fastq/NA05212-a_S38_L007_R2_001.fastq.gz,/fsx/run_dir_mounts/20260512_LH01106_0006_A23K3H2LT4/Analysis/1/Data/BCLConvert/fastq/NA05212-a_S38_L008_R2_001.fastq.gz							na		sample	19	WGS																				
20260512-LH01106-0006-A23K3H2LT4	NA15849-a	20260512-ILMN-Altair-Run-1	0	NA15849-a	PF	ILMN	NOVASEQ	/fsx/run_dir_mounts/20260512_LH01106_0006_A23K3H2LT4/Analysis/1/Data/BCLConvert/fastq/NA15849-a_S39_L001_R1_001.fastq.gz,/fsx/run_dir_mounts/20260512_LH01106_0006_A23K3H2LT4/Analysis/1/Data/BCLConvert/fastq/NA15849-a_S39_L002_R1_001.fastq.gz,/fsx/run_dir_mounts/20260512_LH01106_0006_A23K3H2LT4/Analysis/1/Data/BCLConvert/fastq/NA15849-a_S39_L003_R1_001.fastq.gz,/fsx/run_dir_mounts/20260512_LH01106_0006_A23K3H2LT4/Analysis/1/Data/BCLConvert/fastq/NA15849-a_S39_L004_R1_001.fastq.gz,/fsx/run_dir_mounts/20260512_LH01106_0006_A23K3H2LT4/Analysis/1/Data/BCLConvert/fastq/NA15849-a_S39_L005_R1_001.fastq.gz,/fsx/run_dir_mounts/20260512_LH01106_0006_A23K3H2LT4/Analysis/1/Data/BCLConvert/fastq/NA15849-a_S39_L006_R1_001.fastq.gz,/fsx/run_dir_mounts/20260512_LH01106_0006_A23K3H2LT4/Analysis/1/Data/BCLConvert/fastq/NA15849-a_S39_L007_R1_001.fastq.gz,/fsx/run_dir_mounts/20260512_LH01106_0006_A23K3H2LT4/Analysis/1/Data/BCLConvert/fastq/NA15849-a_S39_L008_R1_001.fastq.gz	/fsx/run_dir_mounts/20260512_LH01106_0006_A23K3H2LT4/Analysis/1/Data/BCLConvert/fastq/NA15849-a_S39_L001_R2_001.fastq.gz,/fsx/run_dir_mounts/20260512_LH01106_0006_A23K3H2LT4/Analysis/1/Data/BCLConvert/fastq/NA15849-a_S39_L002_R2_001.fastq.gz,/fsx/run_dir_mounts/20260512_LH01106_0006_A23K3H2LT4/Analysis/1/Data/BCLConvert/fastq/NA15849-a_S39_L003_R2_001.fastq.gz,/fsx/run_dir_mounts/20260512_LH01106_0006_A23K3H2LT4/Analysis/1/Data/BCLConvert/fastq/NA15849-a_S39_L004_R2_001.fastq.gz,/fsx/run_dir_mounts/20260512_LH01106_0006_A23K3H2LT4/Analysis/1/Data/BCLConvert/fastq/NA15849-a_S39_L005_R2_001.fastq.gz,/fsx/run_dir_mounts/20260512_LH01106_0006_A23K3H2LT4/Analysis/1/Data/BCLConvert/fastq/NA15849-a_S39_L006_R2_001.fastq.gz,/fsx/run_dir_mounts/20260512_LH01106_0006_A23K3H2LT4/Analysis/1/Data/BCLConvert/fastq/NA15849-a_S39_L007_R2_001.fastq.gz,/fsx/run_dir_mounts/20260512_LH01106_0006_A23K3H2LT4/Analysis/1/Data/BCLConvert/fastq/NA15849-a_S39_L008_R2_001.fastq.gz							na		sample	19	WGS																				
20260512-LH01106-0006-A23K3H2LT4	NA20208-a	20260512-ILMN-Altair-Run-1	0	NA20208-a	PF	ILMN	NOVASEQ	/fsx/run_dir_mounts/20260512_LH01106_0006_A23K3H2LT4/Analysis/1/Data/BCLConvert/fastq/NA20208-a_S40_L001_R1_001.fastq.gz,/fsx/run_dir_mounts/20260512_LH01106_0006_A23K3H2LT4/Analysis/1/Data/BCLConvert/fastq/NA20208-a_S40_L002_R1_001.fastq.gz,/fsx/run_dir_mounts/20260512_LH01106_0006_A23K3H2LT4/Analysis/1/Data/BCLConvert/fastq/NA20208-a_S40_L003_R1_001.fastq.gz,/fsx/run_dir_mounts/20260512_LH01106_0006_A23K3H2LT4/Analysis/1/Data/BCLConvert/fastq/NA20208-a_S40_L004_R1_001.fastq.gz,/fsx/run_dir_mounts/20260512_LH01106_0006_A23K3H2LT4/Analysis/1/Data/BCLConvert/fastq/NA20208-a_S40_L005_R1_001.fastq.gz,/fsx/run_dir_mounts/20260512_LH01106_0006_A23K3H2LT4/Analysis/1/Data/BCLConvert/fastq/NA20208-a_S40_L006_R1_001.fastq.gz,/fsx/run_dir_mounts/20260512_LH01106_0006_A23K3H2LT4/Analysis/1/Data/BCLConvert/fastq/NA20208-a_S40_L007_R1_001.fastq.gz,/fsx/run_dir_mounts/20260512_LH01106_0006_A23K3H2LT4/Analysis/1/Data/BCLConvert/fastq/NA20208-a_S40_L008_R1_001.fastq.gz	/fsx/run_dir_mounts/20260512_LH01106_0006_A23K3H2LT4/Analysis/1/Data/BCLConvert/fastq/NA20208-a_S40_L001_R2_001.fastq.gz,/fsx/run_dir_mounts/20260512_LH01106_0006_A23K3H2LT4/Analysis/1/Data/BCLConvert/fastq/NA20208-a_S40_L002_R2_001.fastq.gz,/fsx/run_dir_mounts/20260512_LH01106_0006_A23K3H2LT4/Analysis/1/Data/BCLConvert/fastq/NA20208-a_S40_L003_R2_001.fastq.gz,/fsx/run_dir_mounts/20260512_LH01106_0006_A23K3H2LT4/Analysis/1/Data/BCLConvert/fastq/NA20208-a_S40_L004_R2_001.fastq.gz,/fsx/run_dir_mounts/20260512_LH01106_0006_A23K3H2LT4/Analysis/1/Data/BCLConvert/fastq/NA20208-a_S40_L005_R2_001.fastq.gz,/fsx/run_dir_mounts/20260512_LH01106_0006_A23K3H2LT4/Analysis/1/Data/BCLConvert/fastq/NA20208-a_S40_L006_R2_001.fastq.gz,/fsx/run_dir_mounts/20260512_LH01106_0006_A23K3H2LT4/Analysis/1/Data/BCLConvert/fastq/NA20208-a_S40_L007_R2_001.fastq.gz,/fsx/run_dir_mounts/20260512_LH01106_0006_A23K3H2LT4/Analysis/1/Data/BCLConvert/fastq/NA20208-a_S40_L008_R2_001.fastq.gz							na		sample	19	WGS																				
