analysis_id	exported_at_utc	results_s3_uri	analysis_s3_uri	dyec_version	dayoa_version	sample_id	experiment_id	SNV VCF	SV VCF	CNV VCF	Mito VCF	SegdupVCF	alignstats report	repeat expander files	alignment bam/crams exist	qc reports exist	multiqc reports exist	snv_vcf_count	sv_vcf_count	cnv_vcf_count	mito_vcf_count	segdup_vcf_count	alignstats_count
hg003a_altair3_hiomr_full_1021	2026-05-24T05:28:14Z	s3://lsmc-ssf-sequencing-data/derived/hyb-hg003/analysis_results/hg003a_altair3_hiomr_full_1021/daylily-omics-analysis/results/day/hg38_broad/20260514-LH01106-0009-B23TVLGLT4-HIOMRFULL-HG003-a-20260514-Altair3-ONT-full-HIOMR-0-HG003-a-PF-ILMN-NOVASEQ/	s3://lsmc-ssf-sequencing-data/derived/hyb-hg003/analysis_results/hg003a_altair3_hiomr_full_1021/	not recorded in DRA export	1.0.21	HG003-a	20260514-Altair3-ONT-full-HIOMR	Y	N	N	N	N	Y	N	20260514-LH01106-0009-B23TVLGLT4-HIOMRFULL-HG003-a-20260514-Altair3-ONT-full-HIOMR-0-HG003-a-PF-ILMN-NOVASEQ.cram (pointer); 20260514-LH01106-0009-B23TVLGLT4-HIOMRFULL-HG003-a-20260514-Altair3-ONT-full-HIOMR-0-HG003-a-PF-ILMN-NOVASEQ.ont.dmd.cram (pointer); 20260514-LH01106-0009-B23TVLGLT4-HIOMRFULL-HG003-a-20260514-Altair3-ONT-full-HIOMR-0-HG003-a-PF-ILMN-NOVASEQ.ont.na.cram (pointer)	20260514-LH01106-0009-B23TVLGLT4-HIOMRFULL-HG003-a-20260514-Altair3-ONT-full-HIOMR-0-HG003-a-PF-ILMN-NOVASEQ.ont.dmd.alignstats.json; 20260514-LH01106-0009-B23TVLGLT4-HIOMRFULL-HG003-a-20260514-Altair3-ONT-full-HIOMR-0-HG003-a-PF-ILMN-NOVASEQ.ont.dmd.alignstats.tsv; snv_20260514-LH01106-0009-B23TVLGLT4-HIOMRFULL-HG003-a-20260514-Altair3-ONT-full-HIOMR-0-HG003-a-PF-ILMN-NOVASEQ_clinvar_genes_concordance.mqc.tsv; vcfeval_summary.parsed.tsv; snv_20260514-LH01106-0009-B23TVLGLT4-HIOMRFULL-HG003-a-20260514-Altair3-ONT-full-HIOMR-0-HG003-a-PF-ILMN-NOVASEQ_giabHC_concordance.mqc.tsv; snv_20260514-LH01106-0009-B23TVLGLT4-HIOMRFULL-HG003-a-20260514-Altair3-ONT-full-HIOMR-0-HG003-a-PF-ILMN-NOVASEQ_giabHC_x_clinvar_genes_concordance.mqc.tsv; snv_20260514-LH01106-0009-B23TVLGLT4-HIOMRFULL-HG003-a-20260514-Altair3-ONT-full-HIOMR-0-HG003-a-PF-ILMN-NOVASEQ_hg38_concordance.mqc.tsv; snv_20260514-LH01106-0009-B23TVLGLT4-HIOMRFULL-HG003-a-20260514-Altair3-ONT-full-HIOMR-0-HG003-a-PF-ILMN-NOVASEQ_hg38_m_giabHC_concordance.mqc.tsv; 20260514-LH01106-0009-B23TVLGLT4-HIOMRFULL-HG003-a-20260514-Altair3-ONT-full-HIOMR-0-HG003-a-PF-ILMN-NOVASEQ.ont.na.alignstats.json; 20260514-LH01106-0009-B23TVLGLT4-HIOMRFULL-HG003-a-20260514-Altair3-ONT-full-HIOMR-0-HG003-a-PF-ILMN-NOVASEQ.ont.na.alignstats.tsv; 20260514-LH01106-0009-B23TVLGLT4-HIOMRFULL-HG003-a-20260514-Altair3-ONT-full-HIOMR-0-HG003-a-PF-ILMN-NOVASEQ.ont.dmd.alignstats.bench.tsv; 20260514-LH01106-0009-B23TVLGLT4-HIOMRFULL-HG003-a-20260514-Altair3-ONT-full-HIOMR-0-HG003-a-PF-ILMN-NOVASEQ.ont.dmd.sentdhiomr.concordance.bench.tsv; +7 more	no multiqc html; MQC input TSVs: alignstats_combo_mqc.tsv; alignstats_gs_mqc.tsv; giab_concordance_mqc.tsv	175	0	0	0	0	10
hg003a_altair3_hiomr_full_1022	2026-05-26T06:43:47Z	s3://lsmc-ssf-sequencing-data/derived/hyb-hg003/analysis_results/hg003a_altair3_hiomr_full_1022/daylily-omics-analysis/results/day/hg38_broad/20260514-LH01106-0009-B23TVLGLT4-HIOMRFULL-HG003-a-20260514-Altair3-ONT-full-HIOMR-0-HG003-a-PF-ILMN-NOVASEQ/	s3://lsmc-ssf-sequencing-data/derived/hyb-hg003/analysis_results/hg003a_altair3_hiomr_full_1022/	not recorded in DRA export	1.0.24	HG003-a	20260514-Altair3-ONT-full-HIOMR	Y	N	N	N	N	Y	N	20260514-LH01106-0009-B23TVLGLT4-HIOMRFULL-HG003-a-20260514-Altair3-ONT-full-HIOMR-0-HG003-a-PF-ILMN-NOVASEQ.cram (pointer); 20260514-LH01106-0009-B23TVLGLT4-HIOMRFULL-HG003-a-20260514-Altair3-ONT-full-HIOMR-0-HG003-a-PF-ILMN-NOVASEQ.ont.dmd.cram (pointer); 20260514-LH01106-0009-B23TVLGLT4-HIOMRFULL-HG003-a-20260514-Altair3-ONT-full-HIOMR-0-HG003-a-PF-ILMN-NOVASEQ.ont.na.cram (pointer)	20260514-LH01106-0009-B23TVLGLT4-HIOMRFULL-HG003-a-20260514-Altair3-ONT-full-HIOMR-0-HG003-a-PF-ILMN-NOVASEQ.ont.dmd.alignstats.json; 20260514-LH01106-0009-B23TVLGLT4-HIOMRFULL-HG003-a-20260514-Altair3-ONT-full-HIOMR-0-HG003-a-PF-ILMN-NOVASEQ.ont.dmd.alignstats.tsv; snv_20260514-LH01106-0009-B23TVLGLT4-HIOMRFULL-HG003-a-20260514-Altair3-ONT-full-HIOMR-0-HG003-a-PF-ILMN-NOVASEQ_clinvar_genes_concordance.mqc.tsv; vcfeval_summary.parsed.tsv; snv_20260514-LH01106-0009-B23TVLGLT4-HIOMRFULL-HG003-a-20260514-Altair3-ONT-full-HIOMR-0-HG003-a-PF-ILMN-NOVASEQ_giabHC_concordance.mqc.tsv; snv_20260514-LH01106-0009-B23TVLGLT4-HIOMRFULL-HG003-a-20260514-Altair3-ONT-full-HIOMR-0-HG003-a-PF-ILMN-NOVASEQ_giabHC_x_clinvar_genes_concordance.mqc.tsv; snv_20260514-LH01106-0009-B23TVLGLT4-HIOMRFULL-HG003-a-20260514-Altair3-ONT-full-HIOMR-0-HG003-a-PF-ILMN-NOVASEQ_hg38_concordance.mqc.tsv; snv_20260514-LH01106-0009-B23TVLGLT4-HIOMRFULL-HG003-a-20260514-Altair3-ONT-full-HIOMR-0-HG003-a-PF-ILMN-NOVASEQ_hg38_m_giabHC_concordance.mqc.tsv; 20260514-LH01106-0009-B23TVLGLT4-HIOMRFULL-HG003-a-20260514-Altair3-ONT-full-HIOMR-0-HG003-a-PF-ILMN-NOVASEQ.ont.na.alignstats.json; 20260514-LH01106-0009-B23TVLGLT4-HIOMRFULL-HG003-a-20260514-Altair3-ONT-full-HIOMR-0-HG003-a-PF-ILMN-NOVASEQ.ont.na.alignstats.tsv; 20260514-LH01106-0009-B23TVLGLT4-HIOMRFULL-HG003-a-20260514-Altair3-ONT-full-HIOMR-0-HG003-a-PF-ILMN-NOVASEQ.ont.dmd.alignstats.bench.tsv; 20260514-LH01106-0009-B23TVLGLT4-HIOMRFULL-HG003-a-20260514-Altair3-ONT-full-HIOMR-0-HG003-a-PF-ILMN-NOVASEQ.ont.dmd.sentdhiomr.concordance.bench.tsv; +7 more	no multiqc html; MQC input TSVs: alignstats_combo_mqc.tsv; alignstats_gs_mqc.tsv; giab_concordance_mqc.tsv	175	0	0	0	0	10
hg003a_altair3_hiomr_ilmn10x_ont10x_1022	2026-05-26T15:20:36Z	s3://lsmc-ssf-sequencing-data/derived/hyb-hg003/analysis_results/hg003a_altair3_hiomr_ilmn10x_ont10x_1022/daylily-omics-analysis/results/day/hg38_broad/20260514-LH01106-0009-B23TVLGLT4-HIOMR-ILMN10X-ONT10X-HG003-a-20260514-Altair3-ONT-HIOMR-ILMN10x-ONT10x-0-HG003-a-PF-ILMN-NOVASEQ/	s3://lsmc-ssf-sequencing-data/derived/hyb-hg003/analysis_results/hg003a_altair3_hiomr_ilmn10x_ont10x_1022/	not recorded in DRA export	1.0.24	HG003-a	20260514-Altair3-ONT-HIOMR-ILMN10x-ONT10x	Y	N	N	N	N	Y	N	20260514-LH01106-0009-B23TVLGLT4-HIOMR-ILMN10X-ONT10X-HG003-a-20260514-Altair3-ONT-HIOMR-ILMN10x-ONT10x-0-HG003-a-PF-ILMN-NOVASEQ.cram (pointer); 20260514-LH01106-0009-B23TVLGLT4-HIOMR-ILMN10X-ONT10X-HG003-a-20260514-Altair3-ONT-HIOMR-ILMN10x-ONT10x-0-HG003-a-PF-ILMN-NOVASEQ.ont.dmd.cram (pointer); 20260514-LH01106-0009-B23TVLGLT4-HIOMR-ILMN10X-ONT10X-HG003-a-20260514-Altair3-ONT-HIOMR-ILMN10x-ONT10x-0-HG003-a-PF-ILMN-NOVASEQ.ont.na.cram (pointer)	20260514-LH01106-0009-B23TVLGLT4-HIOMR-ILMN10X-ONT10X-HG003-a-20260514-Altair3-ONT-HIOMR-ILMN10x-ONT10x-0-HG003-a-PF-ILMN-NOVASEQ.ont.dmd.alignstats.json; 20260514-LH01106-0009-B23TVLGLT4-HIOMR-ILMN10X-ONT10X-HG003-a-20260514-Altair3-ONT-HIOMR-ILMN10x-ONT10x-0-HG003-a-PF-ILMN-NOVASEQ.ont.dmd.alignstats.tsv; snv_20260514-LH01106-0009-B23TVLGLT4-HIOMR-ILMN10X-ONT10X-HG003-a-20260514-Altair3-ONT-HIOMR-ILMN10x-ONT10x-0-HG003-a-PF-ILMN-NOVASEQ_clinvar_genes_concordance.mqc.tsv; vcfeval_summary.parsed.tsv; snv_20260514-LH01106-0009-B23TVLGLT4-HIOMR-ILMN10X-ONT10X-HG003-a-20260514-Altair3-ONT-HIOMR-ILMN10x-ONT10x-0-HG003-a-PF-ILMN-NOVASEQ_giabHC_x_clinvar_genes_concordance.mqc.tsv; snv_20260514-LH01106-0009-B23TVLGLT4-HIOMR-ILMN10X-ONT10X-HG003-a-20260514-Altair3-ONT-HIOMR-ILMN10x-ONT10x-0-HG003-a-PF-ILMN-NOVASEQ_hg38_concordance.mqc.tsv; snv_20260514-LH01106-0009-B23TVLGLT4-HIOMR-ILMN10X-ONT10X-HG003-a-20260514-Altair3-ONT-HIOMR-ILMN10x-ONT10x-0-HG003-a-PF-ILMN-NOVASEQ_hg38_m_giabHC_concordance.mqc.tsv; 20260514-LH01106-0009-B23TVLGLT4-HIOMR-ILMN10X-ONT10X-HG003-a-20260514-Altair3-ONT-HIOMR-ILMN10x-ONT10x-0-HG003-a-PF-ILMN-NOVASEQ.ont.na.alignstats.json; 20260514-LH01106-0009-B23TVLGLT4-HIOMR-ILMN10X-ONT10X-HG003-a-20260514-Altair3-ONT-HIOMR-ILMN10x-ONT10x-0-HG003-a-PF-ILMN-NOVASEQ.ont.na.alignstats.tsv; 20260514-LH01106-0009-B23TVLGLT4-HIOMR-ILMN10X-ONT10X-HG003-a-20260514-Altair3-ONT-HIOMR-ILMN10x-ONT10x-0-HG003-a-PF-ILMN-NOVASEQ.ont.dmd.alignstats.bench.tsv; 20260514-LH01106-0009-B23TVLGLT4-HIOMR-ILMN10X-ONT10X-HG003-a-20260514-Altair3-ONT-HIOMR-ILMN10x-ONT10x-0-HG003-a-PF-ILMN-NOVASEQ.ont.na.alignstats.bench.tsv; all.alignstats_smmary_compile.bench.tsv; +3 more	no multiqc html; MQC input TSVs: alignstats_combo_mqc.tsv; alignstats_gs_mqc.tsv	166	0	0	0	0	10
hg003a_altair3_hiomr_ilmn15x_ont10x_1022	2026-05-26T13:36:13Z	s3://lsmc-ssf-sequencing-data/derived/hyb-hg003/analysis_results/hg003a_altair3_hiomr_ilmn15x_ont10x_1022/daylily-omics-analysis/results/day/hg38_broad/20260514-LH01106-0009-B23TVLGLT4-HIOMR-ILMN15X-ONT10X-HG003-a-20260514-Altair3-ONT-HIOMR-ILMN15x-ONT10x-0-HG003-a-PF-ILMN-NOVASEQ/	s3://lsmc-ssf-sequencing-data/derived/hyb-hg003/analysis_results/hg003a_altair3_hiomr_ilmn15x_ont10x_1022/	not recorded in DRA export	1.0.24	HG003-a	20260514-Altair3-ONT-HIOMR-ILMN15x-ONT10x	Y	N	N	N	N	Y	N	20260514-LH01106-0009-B23TVLGLT4-HIOMR-ILMN15X-ONT10X-HG003-a-20260514-Altair3-ONT-HIOMR-ILMN15x-ONT10x-0-HG003-a-PF-ILMN-NOVASEQ.cram (pointer); 20260514-LH01106-0009-B23TVLGLT4-HIOMR-ILMN15X-ONT10X-HG003-a-20260514-Altair3-ONT-HIOMR-ILMN15x-ONT10x-0-HG003-a-PF-ILMN-NOVASEQ.ont.dmd.cram (pointer); 20260514-LH01106-0009-B23TVLGLT4-HIOMR-ILMN15X-ONT10X-HG003-a-20260514-Altair3-ONT-HIOMR-ILMN15x-ONT10x-0-HG003-a-PF-ILMN-NOVASEQ.ont.na.cram (pointer)	20260514-LH01106-0009-B23TVLGLT4-HIOMR-ILMN15X-ONT10X-HG003-a-20260514-Altair3-ONT-HIOMR-ILMN15x-ONT10x-0-HG003-a-PF-ILMN-NOVASEQ.ont.dmd.alignstats.json; 20260514-LH01106-0009-B23TVLGLT4-HIOMR-ILMN15X-ONT10X-HG003-a-20260514-Altair3-ONT-HIOMR-ILMN15x-ONT10x-0-HG003-a-PF-ILMN-NOVASEQ.ont.dmd.alignstats.tsv; snv_20260514-LH01106-0009-B23TVLGLT4-HIOMR-ILMN15X-ONT10X-HG003-a-20260514-Altair3-ONT-HIOMR-ILMN15x-ONT10x-0-HG003-a-PF-ILMN-NOVASEQ_clinvar_genes_concordance.mqc.tsv; vcfeval_summary.parsed.tsv; snv_20260514-LH01106-0009-B23TVLGLT4-HIOMR-ILMN15X-ONT10X-HG003-a-20260514-Altair3-ONT-HIOMR-ILMN15x-ONT10x-0-HG003-a-PF-ILMN-NOVASEQ_giabHC_concordance.mqc.tsv; snv_20260514-LH01106-0009-B23TVLGLT4-HIOMR-ILMN15X-ONT10X-HG003-a-20260514-Altair3-ONT-HIOMR-ILMN15x-ONT10x-0-HG003-a-PF-ILMN-NOVASEQ_giabHC_x_clinvar_genes_concordance.mqc.tsv; snv_20260514-LH01106-0009-B23TVLGLT4-HIOMR-ILMN15X-ONT10X-HG003-a-20260514-Altair3-ONT-HIOMR-ILMN15x-ONT10x-0-HG003-a-PF-ILMN-NOVASEQ_hg38_concordance.mqc.tsv; snv_20260514-LH01106-0009-B23TVLGLT4-HIOMR-ILMN15X-ONT10X-HG003-a-20260514-Altair3-ONT-HIOMR-ILMN15x-ONT10x-0-HG003-a-PF-ILMN-NOVASEQ_hg38_m_giabHC_concordance.mqc.tsv; 20260514-LH01106-0009-B23TVLGLT4-HIOMR-ILMN15X-ONT10X-HG003-a-20260514-Altair3-ONT-HIOMR-ILMN15x-ONT10x-0-HG003-a-PF-ILMN-NOVASEQ.ont.na.alignstats.json; 20260514-LH01106-0009-B23TVLGLT4-HIOMR-ILMN15X-ONT10X-HG003-a-20260514-Altair3-ONT-HIOMR-ILMN15x-ONT10x-0-HG003-a-PF-ILMN-NOVASEQ.ont.na.alignstats.tsv; 20260514-LH01106-0009-B23TVLGLT4-HIOMR-ILMN15X-ONT10X-HG003-a-20260514-Altair3-ONT-HIOMR-ILMN15x-ONT10x-0-HG003-a-PF-ILMN-NOVASEQ.ont.dmd.alignstats.bench.tsv; 20260514-LH01106-0009-B23TVLGLT4-HIOMR-ILMN15X-ONT10X-HG003-a-20260514-Altair3-ONT-HIOMR-ILMN15x-ONT10x-0-HG003-a-PF-ILMN-NOVASEQ.ont.dmd.sentdhiomr.concordance.bench.tsv; +7 more	no multiqc html; MQC input TSVs: alignstats_combo_mqc.tsv; alignstats_gs_mqc.tsv; giab_concordance_mqc.tsv	175	0	0	0	0	10
hg003a_altair3_hiomr_ilmn15x_ont5x_1022	2026-05-26T15:20:35Z	s3://lsmc-ssf-sequencing-data/derived/hyb-hg003/analysis_results/hg003a_altair3_hiomr_ilmn15x_ont5x_1022/daylily-omics-analysis/results/day/hg38_broad/20260514-LH01106-0009-B23TVLGLT4-HIOMR-ILMN15X-ONT5X-HG003-a-20260514-Altair3-ONT-HIOMR-ILMN15x-ONT5x-0-HG003-a-PF-ILMN-NOVASEQ/	s3://lsmc-ssf-sequencing-data/derived/hyb-hg003/analysis_results/hg003a_altair3_hiomr_ilmn15x_ont5x_1022/	not recorded in DRA export	1.0.24	HG003-a	20260514-Altair3-ONT-HIOMR-ILMN15x-ONT5x	Y	N	N	N	N	Y	N	20260514-LH01106-0009-B23TVLGLT4-HIOMR-ILMN15X-ONT5X-HG003-a-20260514-Altair3-ONT-HIOMR-ILMN15x-ONT5x-0-HG003-a-PF-ILMN-NOVASEQ.cram (pointer); 20260514-LH01106-0009-B23TVLGLT4-HIOMR-ILMN15X-ONT5X-HG003-a-20260514-Altair3-ONT-HIOMR-ILMN15x-ONT5x-0-HG003-a-PF-ILMN-NOVASEQ.ont.dmd.cram (pointer); 20260514-LH01106-0009-B23TVLGLT4-HIOMR-ILMN15X-ONT5X-HG003-a-20260514-Altair3-ONT-HIOMR-ILMN15x-ONT5x-0-HG003-a-PF-ILMN-NOVASEQ.ont.na.cram (pointer)	20260514-LH01106-0009-B23TVLGLT4-HIOMR-ILMN15X-ONT5X-HG003-a-20260514-Altair3-ONT-HIOMR-ILMN15x-ONT5x-0-HG003-a-PF-ILMN-NOVASEQ.ont.dmd.alignstats.json; 20260514-LH01106-0009-B23TVLGLT4-HIOMR-ILMN15X-ONT5X-HG003-a-20260514-Altair3-ONT-HIOMR-ILMN15x-ONT5x-0-HG003-a-PF-ILMN-NOVASEQ.ont.dmd.alignstats.tsv; 20260514-LH01106-0009-B23TVLGLT4-HIOMR-ILMN15X-ONT5X-HG003-a-20260514-Altair3-ONT-HIOMR-ILMN15x-ONT5x-0-HG003-a-PF-ILMN-NOVASEQ.ont.na.alignstats.json; 20260514-LH01106-0009-B23TVLGLT4-HIOMR-ILMN15X-ONT5X-HG003-a-20260514-Altair3-ONT-HIOMR-ILMN15x-ONT5x-0-HG003-a-PF-ILMN-NOVASEQ.ont.na.alignstats.tsv; 20260514-LH01106-0009-B23TVLGLT4-HIOMR-ILMN15X-ONT5X-HG003-a-20260514-Altair3-ONT-HIOMR-ILMN15x-ONT5x-0-HG003-a-PF-ILMN-NOVASEQ.ont.dmd.alignstats.bench.tsv; 20260514-LH01106-0009-B23TVLGLT4-HIOMR-ILMN15X-ONT5X-HG003-a-20260514-Altair3-ONT-HIOMR-ILMN15x-ONT5x-0-HG003-a-PF-ILMN-NOVASEQ.ont.na.alignstats.bench.tsv; all.alignstats_smmary_compile.bench.tsv; all.alignstats_summary.bench.tsv; alignstats_combo_mqc.tsv; alignstats_gs_mqc.tsv	no multiqc html; MQC input TSVs: alignstats_combo_mqc.tsv; alignstats_gs_mqc.tsv	11	0	0	0	0	10
hg003a_altair3_hiomr_ilmn15x_ont7x_1022	2026-05-26T13:41:12Z	s3://lsmc-ssf-sequencing-data/derived/hyb-hg003/analysis_results/hg003a_altair3_hiomr_ilmn15x_ont7x_1022/daylily-omics-analysis/results/day/hg38_broad/20260514-LH01106-0009-B23TVLGLT4-HIOMR-ILMN15X-ONT7X-HG003-a-20260514-Altair3-ONT-HIOMR-ILMN15x-ONT7x-0-HG003-a-PF-ILMN-NOVASEQ/	s3://lsmc-ssf-sequencing-data/derived/hyb-hg003/analysis_results/hg003a_altair3_hiomr_ilmn15x_ont7x_1022/	not recorded in DRA export	1.0.24	HG003-a	20260514-Altair3-ONT-HIOMR-ILMN15x-ONT7x	Y	N	N	N	N	Y	N	20260514-LH01106-0009-B23TVLGLT4-HIOMR-ILMN15X-ONT7X-HG003-a-20260514-Altair3-ONT-HIOMR-ILMN15x-ONT7x-0-HG003-a-PF-ILMN-NOVASEQ.cram (pointer); 20260514-LH01106-0009-B23TVLGLT4-HIOMR-ILMN15X-ONT7X-HG003-a-20260514-Altair3-ONT-HIOMR-ILMN15x-ONT7x-0-HG003-a-PF-ILMN-NOVASEQ.ont.dmd.cram (pointer); 20260514-LH01106-0009-B23TVLGLT4-HIOMR-ILMN15X-ONT7X-HG003-a-20260514-Altair3-ONT-HIOMR-ILMN15x-ONT7x-0-HG003-a-PF-ILMN-NOVASEQ.ont.na.cram (pointer)	20260514-LH01106-0009-B23TVLGLT4-HIOMR-ILMN15X-ONT7X-HG003-a-20260514-Altair3-ONT-HIOMR-ILMN15x-ONT7x-0-HG003-a-PF-ILMN-NOVASEQ.ont.dmd.alignstats.json; 20260514-LH01106-0009-B23TVLGLT4-HIOMR-ILMN15X-ONT7X-HG003-a-20260514-Altair3-ONT-HIOMR-ILMN15x-ONT7x-0-HG003-a-PF-ILMN-NOVASEQ.ont.dmd.alignstats.tsv; snv_20260514-LH01106-0009-B23TVLGLT4-HIOMR-ILMN15X-ONT7X-HG003-a-20260514-Altair3-ONT-HIOMR-ILMN15x-ONT7x-0-HG003-a-PF-ILMN-NOVASEQ_clinvar_genes_concordance.mqc.tsv; vcfeval_summary.parsed.tsv; snv_20260514-LH01106-0009-B23TVLGLT4-HIOMR-ILMN15X-ONT7X-HG003-a-20260514-Altair3-ONT-HIOMR-ILMN15x-ONT7x-0-HG003-a-PF-ILMN-NOVASEQ_giabHC_concordance.mqc.tsv; snv_20260514-LH01106-0009-B23TVLGLT4-HIOMR-ILMN15X-ONT7X-HG003-a-20260514-Altair3-ONT-HIOMR-ILMN15x-ONT7x-0-HG003-a-PF-ILMN-NOVASEQ_giabHC_x_clinvar_genes_concordance.mqc.tsv; snv_20260514-LH01106-0009-B23TVLGLT4-HIOMR-ILMN15X-ONT7X-HG003-a-20260514-Altair3-ONT-HIOMR-ILMN15x-ONT7x-0-HG003-a-PF-ILMN-NOVASEQ_hg38_concordance.mqc.tsv; snv_20260514-LH01106-0009-B23TVLGLT4-HIOMR-ILMN15X-ONT7X-HG003-a-20260514-Altair3-ONT-HIOMR-ILMN15x-ONT7x-0-HG003-a-PF-ILMN-NOVASEQ_hg38_m_giabHC_concordance.mqc.tsv; 20260514-LH01106-0009-B23TVLGLT4-HIOMR-ILMN15X-ONT7X-HG003-a-20260514-Altair3-ONT-HIOMR-ILMN15x-ONT7x-0-HG003-a-PF-ILMN-NOVASEQ.ont.na.alignstats.json; 20260514-LH01106-0009-B23TVLGLT4-HIOMR-ILMN15X-ONT7X-HG003-a-20260514-Altair3-ONT-HIOMR-ILMN15x-ONT7x-0-HG003-a-PF-ILMN-NOVASEQ.ont.na.alignstats.tsv; 20260514-LH01106-0009-B23TVLGLT4-HIOMR-ILMN15X-ONT7X-HG003-a-20260514-Altair3-ONT-HIOMR-ILMN15x-ONT7x-0-HG003-a-PF-ILMN-NOVASEQ.ont.dmd.alignstats.bench.tsv; 20260514-LH01106-0009-B23TVLGLT4-HIOMR-ILMN15X-ONT7X-HG003-a-20260514-Altair3-ONT-HIOMR-ILMN15x-ONT7x-0-HG003-a-PF-ILMN-NOVASEQ.ont.dmd.sentdhiomr.concordance.bench.tsv; +7 more	no multiqc html; MQC input TSVs: alignstats_combo_mqc.tsv; alignstats_gs_mqc.tsv; giab_concordance_mqc.tsv	175	0	0	0	0	10
hg003a_altair3_hiomr_ilmn20x_ont10x_1022	2026-05-26T08:31:55Z	s3://lsmc-ssf-sequencing-data/derived/hyb-hg003/analysis_results/hg003a_altair3_hiomr_ilmn20x_ont10x_1022/daylily-omics-analysis/results/day/hg38_broad/20260514-LH01106-0009-B23TVLGLT4-HIOMR-ILMN20X-ONT10X-HG003-a-20260514-Altair3-ONT-HIOMR-ILMN20x-ONT10x-0-HG003-a-PF-ILMN-NOVASEQ/	s3://lsmc-ssf-sequencing-data/derived/hyb-hg003/analysis_results/hg003a_altair3_hiomr_ilmn20x_ont10x_1022/	not recorded in DRA export	1.0.24	HG003-a	20260514-Altair3-ONT-HIOMR-ILMN20x-ONT10x	Y	N	N	N	N	Y	N	20260514-LH01106-0009-B23TVLGLT4-HIOMR-ILMN20X-ONT10X-HG003-a-20260514-Altair3-ONT-HIOMR-ILMN20x-ONT10x-0-HG003-a-PF-ILMN-NOVASEQ.cram (pointer); 20260514-LH01106-0009-B23TVLGLT4-HIOMR-ILMN20X-ONT10X-HG003-a-20260514-Altair3-ONT-HIOMR-ILMN20x-ONT10x-0-HG003-a-PF-ILMN-NOVASEQ.ont.dmd.cram (pointer); 20260514-LH01106-0009-B23TVLGLT4-HIOMR-ILMN20X-ONT10X-HG003-a-20260514-Altair3-ONT-HIOMR-ILMN20x-ONT10x-0-HG003-a-PF-ILMN-NOVASEQ.ont.na.cram (pointer)	20260514-LH01106-0009-B23TVLGLT4-HIOMR-ILMN20X-ONT10X-HG003-a-20260514-Altair3-ONT-HIOMR-ILMN20x-ONT10x-0-HG003-a-PF-ILMN-NOVASEQ.ont.dmd.alignstats.json; 20260514-LH01106-0009-B23TVLGLT4-HIOMR-ILMN20X-ONT10X-HG003-a-20260514-Altair3-ONT-HIOMR-ILMN20x-ONT10x-0-HG003-a-PF-ILMN-NOVASEQ.ont.dmd.alignstats.tsv; snv_20260514-LH01106-0009-B23TVLGLT4-HIOMR-ILMN20X-ONT10X-HG003-a-20260514-Altair3-ONT-HIOMR-ILMN20x-ONT10x-0-HG003-a-PF-ILMN-NOVASEQ_clinvar_genes_concordance.mqc.tsv; vcfeval_summary.parsed.tsv; snv_20260514-LH01106-0009-B23TVLGLT4-HIOMR-ILMN20X-ONT10X-HG003-a-20260514-Altair3-ONT-HIOMR-ILMN20x-ONT10x-0-HG003-a-PF-ILMN-NOVASEQ_giabHC_concordance.mqc.tsv; snv_20260514-LH01106-0009-B23TVLGLT4-HIOMR-ILMN20X-ONT10X-HG003-a-20260514-Altair3-ONT-HIOMR-ILMN20x-ONT10x-0-HG003-a-PF-ILMN-NOVASEQ_giabHC_x_clinvar_genes_concordance.mqc.tsv; snv_20260514-LH01106-0009-B23TVLGLT4-HIOMR-ILMN20X-ONT10X-HG003-a-20260514-Altair3-ONT-HIOMR-ILMN20x-ONT10x-0-HG003-a-PF-ILMN-NOVASEQ_hg38_concordance.mqc.tsv; snv_20260514-LH01106-0009-B23TVLGLT4-HIOMR-ILMN20X-ONT10X-HG003-a-20260514-Altair3-ONT-HIOMR-ILMN20x-ONT10x-0-HG003-a-PF-ILMN-NOVASEQ_hg38_m_giabHC_concordance.mqc.tsv; 20260514-LH01106-0009-B23TVLGLT4-HIOMR-ILMN20X-ONT10X-HG003-a-20260514-Altair3-ONT-HIOMR-ILMN20x-ONT10x-0-HG003-a-PF-ILMN-NOVASEQ.ont.na.alignstats.json; 20260514-LH01106-0009-B23TVLGLT4-HIOMR-ILMN20X-ONT10X-HG003-a-20260514-Altair3-ONT-HIOMR-ILMN20x-ONT10x-0-HG003-a-PF-ILMN-NOVASEQ.ont.na.alignstats.tsv; 20260514-LH01106-0009-B23TVLGLT4-HIOMR-ILMN20X-ONT10X-HG003-a-20260514-Altair3-ONT-HIOMR-ILMN20x-ONT10x-0-HG003-a-PF-ILMN-NOVASEQ.ont.dmd.alignstats.bench.tsv; 20260514-LH01106-0009-B23TVLGLT4-HIOMR-ILMN20X-ONT10X-HG003-a-20260514-Altair3-ONT-HIOMR-ILMN20x-ONT10x-0-HG003-a-PF-ILMN-NOVASEQ.ont.dmd.sentdhiomr.concordance.bench.tsv; +7 more	no multiqc html; MQC input TSVs: alignstats_combo_mqc.tsv; alignstats_gs_mqc.tsv; giab_concordance_mqc.tsv	175	0	0	0	0	10
hg003a_altair3_hiomr_ilmn20x_ont5x_1022	2026-05-26T13:29:16Z	s3://lsmc-ssf-sequencing-data/derived/hyb-hg003/analysis_results/hg003a_altair3_hiomr_ilmn20x_ont5x_1022/daylily-omics-analysis/results/day/hg38_broad/20260514-LH01106-0009-B23TVLGLT4-HIOMR-ILMN20X-ONT5X-HG003-a-20260514-Altair3-ONT-HIOMR-ILMN20x-ONT5x-0-HG003-a-PF-ILMN-NOVASEQ/	s3://lsmc-ssf-sequencing-data/derived/hyb-hg003/analysis_results/hg003a_altair3_hiomr_ilmn20x_ont5x_1022/	not recorded in DRA export	1.0.24	HG003-a	20260514-Altair3-ONT-HIOMR-ILMN20x-ONT5x	Y	N	N	N	N	Y	N	20260514-LH01106-0009-B23TVLGLT4-HIOMR-ILMN20X-ONT5X-HG003-a-20260514-Altair3-ONT-HIOMR-ILMN20x-ONT5x-0-HG003-a-PF-ILMN-NOVASEQ.cram (pointer); 20260514-LH01106-0009-B23TVLGLT4-HIOMR-ILMN20X-ONT5X-HG003-a-20260514-Altair3-ONT-HIOMR-ILMN20x-ONT5x-0-HG003-a-PF-ILMN-NOVASEQ.ont.dmd.cram (pointer); 20260514-LH01106-0009-B23TVLGLT4-HIOMR-ILMN20X-ONT5X-HG003-a-20260514-Altair3-ONT-HIOMR-ILMN20x-ONT5x-0-HG003-a-PF-ILMN-NOVASEQ.ont.na.cram (pointer)	20260514-LH01106-0009-B23TVLGLT4-HIOMR-ILMN20X-ONT5X-HG003-a-20260514-Altair3-ONT-HIOMR-ILMN20x-ONT5x-0-HG003-a-PF-ILMN-NOVASEQ.ont.dmd.alignstats.json; 20260514-LH01106-0009-B23TVLGLT4-HIOMR-ILMN20X-ONT5X-HG003-a-20260514-Altair3-ONT-HIOMR-ILMN20x-ONT5x-0-HG003-a-PF-ILMN-NOVASEQ.ont.dmd.alignstats.tsv; snv_20260514-LH01106-0009-B23TVLGLT4-HIOMR-ILMN20X-ONT5X-HG003-a-20260514-Altair3-ONT-HIOMR-ILMN20x-ONT5x-0-HG003-a-PF-ILMN-NOVASEQ_clinvar_genes_concordance.mqc.tsv; vcfeval_summary.parsed.tsv; snv_20260514-LH01106-0009-B23TVLGLT4-HIOMR-ILMN20X-ONT5X-HG003-a-20260514-Altair3-ONT-HIOMR-ILMN20x-ONT5x-0-HG003-a-PF-ILMN-NOVASEQ_giabHC_concordance.mqc.tsv; snv_20260514-LH01106-0009-B23TVLGLT4-HIOMR-ILMN20X-ONT5X-HG003-a-20260514-Altair3-ONT-HIOMR-ILMN20x-ONT5x-0-HG003-a-PF-ILMN-NOVASEQ_giabHC_x_clinvar_genes_concordance.mqc.tsv; snv_20260514-LH01106-0009-B23TVLGLT4-HIOMR-ILMN20X-ONT5X-HG003-a-20260514-Altair3-ONT-HIOMR-ILMN20x-ONT5x-0-HG003-a-PF-ILMN-NOVASEQ_hg38_concordance.mqc.tsv; snv_20260514-LH01106-0009-B23TVLGLT4-HIOMR-ILMN20X-ONT5X-HG003-a-20260514-Altair3-ONT-HIOMR-ILMN20x-ONT5x-0-HG003-a-PF-ILMN-NOVASEQ_hg38_m_giabHC_concordance.mqc.tsv; 20260514-LH01106-0009-B23TVLGLT4-HIOMR-ILMN20X-ONT5X-HG003-a-20260514-Altair3-ONT-HIOMR-ILMN20x-ONT5x-0-HG003-a-PF-ILMN-NOVASEQ.ont.na.alignstats.json; 20260514-LH01106-0009-B23TVLGLT4-HIOMR-ILMN20X-ONT5X-HG003-a-20260514-Altair3-ONT-HIOMR-ILMN20x-ONT5x-0-HG003-a-PF-ILMN-NOVASEQ.ont.na.alignstats.tsv; 20260514-LH01106-0009-B23TVLGLT4-HIOMR-ILMN20X-ONT5X-HG003-a-20260514-Altair3-ONT-HIOMR-ILMN20x-ONT5x-0-HG003-a-PF-ILMN-NOVASEQ.ont.dmd.alignstats.bench.tsv; 20260514-LH01106-0009-B23TVLGLT4-HIOMR-ILMN20X-ONT5X-HG003-a-20260514-Altair3-ONT-HIOMR-ILMN20x-ONT5x-0-HG003-a-PF-ILMN-NOVASEQ.ont.dmd.sentdhiomr.concordance.bench.tsv; +7 more	no multiqc html; MQC input TSVs: alignstats_combo_mqc.tsv; alignstats_gs_mqc.tsv; giab_concordance_mqc.tsv	175	0	0	0	0	10
hg003a_altair3_hiomr_ilmn20x_ont7x_1022	2026-05-26T10:59:08Z	s3://lsmc-ssf-sequencing-data/derived/hyb-hg003/analysis_results/hg003a_altair3_hiomr_ilmn20x_ont7x_1022/daylily-omics-analysis/results/day/hg38_broad/20260514-LH01106-0009-B23TVLGLT4-HIOMR-ILMN20X-ONT7X-HG003-a-20260514-Altair3-ONT-HIOMR-ILMN20x-ONT7x-0-HG003-a-PF-ILMN-NOVASEQ/	s3://lsmc-ssf-sequencing-data/derived/hyb-hg003/analysis_results/hg003a_altair3_hiomr_ilmn20x_ont7x_1022/	not recorded in DRA export	1.0.24	HG003-a	20260514-Altair3-ONT-HIOMR-ILMN20x-ONT7x	Y	N	N	N	N	Y	N	20260514-LH01106-0009-B23TVLGLT4-HIOMR-ILMN20X-ONT7X-HG003-a-20260514-Altair3-ONT-HIOMR-ILMN20x-ONT7x-0-HG003-a-PF-ILMN-NOVASEQ.cram (pointer); 20260514-LH01106-0009-B23TVLGLT4-HIOMR-ILMN20X-ONT7X-HG003-a-20260514-Altair3-ONT-HIOMR-ILMN20x-ONT7x-0-HG003-a-PF-ILMN-NOVASEQ.ont.dmd.cram (pointer); 20260514-LH01106-0009-B23TVLGLT4-HIOMR-ILMN20X-ONT7X-HG003-a-20260514-Altair3-ONT-HIOMR-ILMN20x-ONT7x-0-HG003-a-PF-ILMN-NOVASEQ.ont.na.cram (pointer)	20260514-LH01106-0009-B23TVLGLT4-HIOMR-ILMN20X-ONT7X-HG003-a-20260514-Altair3-ONT-HIOMR-ILMN20x-ONT7x-0-HG003-a-PF-ILMN-NOVASEQ.ont.dmd.alignstats.json; 20260514-LH01106-0009-B23TVLGLT4-HIOMR-ILMN20X-ONT7X-HG003-a-20260514-Altair3-ONT-HIOMR-ILMN20x-ONT7x-0-HG003-a-PF-ILMN-NOVASEQ.ont.dmd.alignstats.tsv; snv_20260514-LH01106-0009-B23TVLGLT4-HIOMR-ILMN20X-ONT7X-HG003-a-20260514-Altair3-ONT-HIOMR-ILMN20x-ONT7x-0-HG003-a-PF-ILMN-NOVASEQ_clinvar_genes_concordance.mqc.tsv; vcfeval_summary.parsed.tsv; snv_20260514-LH01106-0009-B23TVLGLT4-HIOMR-ILMN20X-ONT7X-HG003-a-20260514-Altair3-ONT-HIOMR-ILMN20x-ONT7x-0-HG003-a-PF-ILMN-NOVASEQ_giabHC_concordance.mqc.tsv; snv_20260514-LH01106-0009-B23TVLGLT4-HIOMR-ILMN20X-ONT7X-HG003-a-20260514-Altair3-ONT-HIOMR-ILMN20x-ONT7x-0-HG003-a-PF-ILMN-NOVASEQ_giabHC_x_clinvar_genes_concordance.mqc.tsv; snv_20260514-LH01106-0009-B23TVLGLT4-HIOMR-ILMN20X-ONT7X-HG003-a-20260514-Altair3-ONT-HIOMR-ILMN20x-ONT7x-0-HG003-a-PF-ILMN-NOVASEQ_hg38_concordance.mqc.tsv; snv_20260514-LH01106-0009-B23TVLGLT4-HIOMR-ILMN20X-ONT7X-HG003-a-20260514-Altair3-ONT-HIOMR-ILMN20x-ONT7x-0-HG003-a-PF-ILMN-NOVASEQ_hg38_m_giabHC_concordance.mqc.tsv; 20260514-LH01106-0009-B23TVLGLT4-HIOMR-ILMN20X-ONT7X-HG003-a-20260514-Altair3-ONT-HIOMR-ILMN20x-ONT7x-0-HG003-a-PF-ILMN-NOVASEQ.ont.na.alignstats.json; 20260514-LH01106-0009-B23TVLGLT4-HIOMR-ILMN20X-ONT7X-HG003-a-20260514-Altair3-ONT-HIOMR-ILMN20x-ONT7x-0-HG003-a-PF-ILMN-NOVASEQ.ont.na.alignstats.tsv; 20260514-LH01106-0009-B23TVLGLT4-HIOMR-ILMN20X-ONT7X-HG003-a-20260514-Altair3-ONT-HIOMR-ILMN20x-ONT7x-0-HG003-a-PF-ILMN-NOVASEQ.ont.dmd.alignstats.bench.tsv; 20260514-LH01106-0009-B23TVLGLT4-HIOMR-ILMN20X-ONT7X-HG003-a-20260514-Altair3-ONT-HIOMR-ILMN20x-ONT7x-0-HG003-a-PF-ILMN-NOVASEQ.ont.dmd.sentdhiomr.concordance.bench.tsv; +7 more	no multiqc html; MQC input TSVs: alignstats_combo_mqc.tsv; alignstats_gs_mqc.tsv; giab_concordance_mqc.tsv	175	0	0	0	0	10
hg003a_altair3_hiomr_ilmn5x_ont5x_1022	2026-05-26T15:18:38Z	s3://lsmc-ssf-sequencing-data/derived/hyb-hg003/analysis_results/hg003a_altair3_hiomr_ilmn5x_ont5x_1022/daylily-omics-analysis/results/day/hg38_broad/20260514-LH01106-0009-B23TVLGLT4-HIOMR-ILMN5X-ONT5X-HG003-a-20260514-Altair3-ONT-HIOMR-ILMN5x-ONT5x-0-HG003-a-PF-ILMN-NOVASEQ/	s3://lsmc-ssf-sequencing-data/derived/hyb-hg003/analysis_results/hg003a_altair3_hiomr_ilmn5x_ont5x_1022/	not recorded in DRA export	1.0.24	HG003-a	20260514-Altair3-ONT-HIOMR-ILMN5x-ONT5x	Y	N	N	N	N	Y	N	20260514-LH01106-0009-B23TVLGLT4-HIOMR-ILMN5X-ONT5X-HG003-a-20260514-Altair3-ONT-HIOMR-ILMN5x-ONT5x-0-HG003-a-PF-ILMN-NOVASEQ.cram (pointer); 20260514-LH01106-0009-B23TVLGLT4-HIOMR-ILMN5X-ONT5X-HG003-a-20260514-Altair3-ONT-HIOMR-ILMN5x-ONT5x-0-HG003-a-PF-ILMN-NOVASEQ.ont.dmd.cram (pointer); 20260514-LH01106-0009-B23TVLGLT4-HIOMR-ILMN5X-ONT5X-HG003-a-20260514-Altair3-ONT-HIOMR-ILMN5x-ONT5x-0-HG003-a-PF-ILMN-NOVASEQ.ont.na.cram (pointer)	20260514-LH01106-0009-B23TVLGLT4-HIOMR-ILMN5X-ONT5X-HG003-a-20260514-Altair3-ONT-HIOMR-ILMN5x-ONT5x-0-HG003-a-PF-ILMN-NOVASEQ.ont.dmd.alignstats.json; 20260514-LH01106-0009-B23TVLGLT4-HIOMR-ILMN5X-ONT5X-HG003-a-20260514-Altair3-ONT-HIOMR-ILMN5x-ONT5x-0-HG003-a-PF-ILMN-NOVASEQ.ont.dmd.alignstats.tsv; 20260514-LH01106-0009-B23TVLGLT4-HIOMR-ILMN5X-ONT5X-HG003-a-20260514-Altair3-ONT-HIOMR-ILMN5x-ONT5x-0-HG003-a-PF-ILMN-NOVASEQ.ont.na.alignstats.json; 20260514-LH01106-0009-B23TVLGLT4-HIOMR-ILMN5X-ONT5X-HG003-a-20260514-Altair3-ONT-HIOMR-ILMN5x-ONT5x-0-HG003-a-PF-ILMN-NOVASEQ.ont.na.alignstats.tsv; 20260514-LH01106-0009-B23TVLGLT4-HIOMR-ILMN5X-ONT5X-HG003-a-20260514-Altair3-ONT-HIOMR-ILMN5x-ONT5x-0-HG003-a-PF-ILMN-NOVASEQ.ont.dmd.alignstats.bench.tsv; 20260514-LH01106-0009-B23TVLGLT4-HIOMR-ILMN5X-ONT5X-HG003-a-20260514-Altair3-ONT-HIOMR-ILMN5x-ONT5x-0-HG003-a-PF-ILMN-NOVASEQ.ont.na.alignstats.bench.tsv; all.alignstats_smmary_compile.bench.tsv; all.alignstats_summary.bench.tsv; alignstats_combo_mqc.tsv; alignstats_gs_mqc.tsv	no multiqc html; MQC input TSVs: alignstats_combo_mqc.tsv; alignstats_gs_mqc.tsv	5	0	0	0	0	10
hg003a_altair3_hiomr_ilmn7x_ont5x_1022	2026-05-26T15:18:15Z	s3://lsmc-ssf-sequencing-data/derived/hyb-hg003/analysis_results/hg003a_altair3_hiomr_ilmn7x_ont5x_1022/daylily-omics-analysis/results/day/hg38_broad/20260514-LH01106-0009-B23TVLGLT4-HIOMR-ILMN7X-ONT5X-HG003-a-20260514-Altair3-ONT-HIOMR-ILMN7x-ONT5x-0-HG003-a-PF-ILMN-NOVASEQ/	s3://lsmc-ssf-sequencing-data/derived/hyb-hg003/analysis_results/hg003a_altair3_hiomr_ilmn7x_ont5x_1022/	not recorded in DRA export	1.0.24	HG003-a	20260514-Altair3-ONT-HIOMR-ILMN7x-ONT5x	Y	N	N	N	N	Y	N	20260514-LH01106-0009-B23TVLGLT4-HIOMR-ILMN7X-ONT5X-HG003-a-20260514-Altair3-ONT-HIOMR-ILMN7x-ONT5x-0-HG003-a-PF-ILMN-NOVASEQ.cram (pointer); 20260514-LH01106-0009-B23TVLGLT4-HIOMR-ILMN7X-ONT5X-HG003-a-20260514-Altair3-ONT-HIOMR-ILMN7x-ONT5x-0-HG003-a-PF-ILMN-NOVASEQ.ont.dmd.cram (pointer); 20260514-LH01106-0009-B23TVLGLT4-HIOMR-ILMN7X-ONT5X-HG003-a-20260514-Altair3-ONT-HIOMR-ILMN7x-ONT5x-0-HG003-a-PF-ILMN-NOVASEQ.ont.na.cram (pointer)	20260514-LH01106-0009-B23TVLGLT4-HIOMR-ILMN7X-ONT5X-HG003-a-20260514-Altair3-ONT-HIOMR-ILMN7x-ONT5x-0-HG003-a-PF-ILMN-NOVASEQ.ont.dmd.alignstats.json; 20260514-LH01106-0009-B23TVLGLT4-HIOMR-ILMN7X-ONT5X-HG003-a-20260514-Altair3-ONT-HIOMR-ILMN7x-ONT5x-0-HG003-a-PF-ILMN-NOVASEQ.ont.dmd.alignstats.tsv; 20260514-LH01106-0009-B23TVLGLT4-HIOMR-ILMN7X-ONT5X-HG003-a-20260514-Altair3-ONT-HIOMR-ILMN7x-ONT5x-0-HG003-a-PF-ILMN-NOVASEQ.ont.na.alignstats.json; 20260514-LH01106-0009-B23TVLGLT4-HIOMR-ILMN7X-ONT5X-HG003-a-20260514-Altair3-ONT-HIOMR-ILMN7x-ONT5x-0-HG003-a-PF-ILMN-NOVASEQ.ont.na.alignstats.tsv; 20260514-LH01106-0009-B23TVLGLT4-HIOMR-ILMN7X-ONT5X-HG003-a-20260514-Altair3-ONT-HIOMR-ILMN7x-ONT5x-0-HG003-a-PF-ILMN-NOVASEQ.ont.dmd.alignstats.bench.tsv; 20260514-LH01106-0009-B23TVLGLT4-HIOMR-ILMN7X-ONT5X-HG003-a-20260514-Altair3-ONT-HIOMR-ILMN7x-ONT5x-0-HG003-a-PF-ILMN-NOVASEQ.ont.na.alignstats.bench.tsv; all.alignstats_smmary_compile.bench.tsv; all.alignstats_summary.bench.tsv; alignstats_combo_mqc.tsv; alignstats_gs_mqc.tsv	no multiqc html; MQC input TSVs: alignstats_combo_mqc.tsv; alignstats_gs_mqc.tsv	2	0	0	0	0	10
hg003a_altair3_hiomr_ilmn7x_ont7x_1022	2026-05-26T15:14:06Z	s3://lsmc-ssf-sequencing-data/derived/hyb-hg003/analysis_results/hg003a_altair3_hiomr_ilmn7x_ont7x_1022/daylily-omics-analysis/results/day/hg38_broad/20260514-LH01106-0009-B23TVLGLT4-HIOMR-ILMN7X-ONT7X-HG003-a-20260514-Altair3-ONT-HIOMR-ILMN7x-ONT7x-0-HG003-a-PF-ILMN-NOVASEQ/	s3://lsmc-ssf-sequencing-data/derived/hyb-hg003/analysis_results/hg003a_altair3_hiomr_ilmn7x_ont7x_1022/	not recorded in DRA export	1.0.24	HG003-a	20260514-Altair3-ONT-HIOMR-ILMN7x-ONT7x	Y	N	N	N	N	Y	N	20260514-LH01106-0009-B23TVLGLT4-HIOMR-ILMN7X-ONT7X-HG003-a-20260514-Altair3-ONT-HIOMR-ILMN7x-ONT7x-0-HG003-a-PF-ILMN-NOVASEQ.cram (pointer); 20260514-LH01106-0009-B23TVLGLT4-HIOMR-ILMN7X-ONT7X-HG003-a-20260514-Altair3-ONT-HIOMR-ILMN7x-ONT7x-0-HG003-a-PF-ILMN-NOVASEQ.ont.dmd.cram (pointer); 20260514-LH01106-0009-B23TVLGLT4-HIOMR-ILMN7X-ONT7X-HG003-a-20260514-Altair3-ONT-HIOMR-ILMN7x-ONT7x-0-HG003-a-PF-ILMN-NOVASEQ.ont.na.cram (pointer)	20260514-LH01106-0009-B23TVLGLT4-HIOMR-ILMN7X-ONT7X-HG003-a-20260514-Altair3-ONT-HIOMR-ILMN7x-ONT7x-0-HG003-a-PF-ILMN-NOVASEQ.ont.dmd.alignstats.json; 20260514-LH01106-0009-B23TVLGLT4-HIOMR-ILMN7X-ONT7X-HG003-a-20260514-Altair3-ONT-HIOMR-ILMN7x-ONT7x-0-HG003-a-PF-ILMN-NOVASEQ.ont.dmd.alignstats.tsv; snv_20260514-LH01106-0009-B23TVLGLT4-HIOMR-ILMN7X-ONT7X-HG003-a-20260514-Altair3-ONT-HIOMR-ILMN7x-ONT7x-0-HG003-a-PF-ILMN-NOVASEQ_giabHC_concordance.mqc.tsv; vcfeval_summary.parsed.tsv; snv_20260514-LH01106-0009-B23TVLGLT4-HIOMR-ILMN7X-ONT7X-HG003-a-20260514-Altair3-ONT-HIOMR-ILMN7x-ONT7x-0-HG003-a-PF-ILMN-NOVASEQ_giabHC_x_clinvar_genes_concordance.mqc.tsv; snv_20260514-LH01106-0009-B23TVLGLT4-HIOMR-ILMN7X-ONT7X-HG003-a-20260514-Altair3-ONT-HIOMR-ILMN7x-ONT7x-0-HG003-a-PF-ILMN-NOVASEQ_hg38_concordance.mqc.tsv; snv_20260514-LH01106-0009-B23TVLGLT4-HIOMR-ILMN7X-ONT7X-HG003-a-20260514-Altair3-ONT-HIOMR-ILMN7x-ONT7x-0-HG003-a-PF-ILMN-NOVASEQ_hg38_m_giabHC_concordance.mqc.tsv; 20260514-LH01106-0009-B23TVLGLT4-HIOMR-ILMN7X-ONT7X-HG003-a-20260514-Altair3-ONT-HIOMR-ILMN7x-ONT7x-0-HG003-a-PF-ILMN-NOVASEQ.ont.na.alignstats.json; 20260514-LH01106-0009-B23TVLGLT4-HIOMR-ILMN7X-ONT7X-HG003-a-20260514-Altair3-ONT-HIOMR-ILMN7x-ONT7x-0-HG003-a-PF-ILMN-NOVASEQ.ont.na.alignstats.tsv; 20260514-LH01106-0009-B23TVLGLT4-HIOMR-ILMN7X-ONT7X-HG003-a-20260514-Altair3-ONT-HIOMR-ILMN7x-ONT7x-0-HG003-a-PF-ILMN-NOVASEQ.ont.dmd.alignstats.bench.tsv; 20260514-LH01106-0009-B23TVLGLT4-HIOMR-ILMN7X-ONT7X-HG003-a-20260514-Altair3-ONT-HIOMR-ILMN7x-ONT7x-0-HG003-a-PF-ILMN-NOVASEQ.ont.na.alignstats.bench.tsv; all.alignstats_smmary_compile.bench.tsv; +3 more	no multiqc html; MQC input TSVs: alignstats_combo_mqc.tsv; alignstats_gs_mqc.tsv	170	0	0	0	0	10
