index,owner,command_id,type,command_class,input_contract,test_data_profile,genome,git_tag,requires_run_mount,analysis_id,session_name,dy_r_command,wrapped_dy_command,export_destination_s3_uri
1,Agent 01,illumina_snv_alignstats,prod,sample_analysis,sample_manifest,default_reads_slim,hg38_broad,10.0.70,False,ccv_live_illumina_snv_alignstats_20260708T150500Z,ccv_live_illumina_snv_alignstats_20260708T150500Z,dy-r produce_sent_align produce_dmd_dedup_cram produce_sentd_snv_vcf produce_snv_concordances produce_alignstats -j 300 -p -k -T 0,"export DAYOA_AGENT_ID=dyec-jul8itelx4-agent01-20260708T150500Z; export DAYOA_AGENT_KIND=dyec-cli; export DAYOA_HUMAN_REQUESTOR=jmajor; export DAYOA_TMUX_SESSION=ccv_live_illumina_snv_alignstats_20260708T150500Z; export DAYOA_LEDGER_PATH=/Users/jmajor/projects/lsmc/daylily-ephemeral-cluster/docs/plans/20260708T142032Z_intel_catalog_bjuice_jul8itelx4_dyec_10_0_118_ledger.md; export DAYOA_RUNTIME_TMPDIR=/tmp/dayoa-conda-tmp-ccv_live_illumina_snv_alignstats_20260708T150500Z; mkdir -p ""$DAYOA_RUNTIME_TMPDIR"" ""$DAYOA_RUNTIME_TMPDIR/pip-cache"" ""$DAYOA_RUNTIME_TMPDIR/xdg-cache"" ""$DAYOA_RUNTIME_TMPDIR/pip-build-tracker""; export TMPDIR=""$DAYOA_RUNTIME_TMPDIR""; export TEMP=""$DAYOA_RUNTIME_TMPDIR""; export TMP=""$DAYOA_RUNTIME_TMPDIR""; export PIP_CACHE_DIR=""$DAYOA_RUNTIME_TMPDIR/pip-cache""; export XDG_CACHE_HOME=""$DAYOA_RUNTIME_TMPDIR/xdg-cache""; export PIP_BUILD_TRACKER=""$DAYOA_RUNTIME_TMPDIR/pip-build-tracker""; analysis_root=$(dirname ""$DAYLILY_REPO_PATH""); dyec analysis visit --analysis-root ""$analysis_root"" --mode write --intent 'DYEC catalog illumina_snv_alignstats live run on jul8itelx4' --human-requestor jmajor; dyec analysis lock acquire --analysis-root ""$analysis_root"" --operation write --intent 'DYEC catalog illumina_snv_alignstats live run on jul8itelx4' --human-requestor jmajor --command-summary illumina_snv_alignstats; python3 -c 'from pathlib import Path

common_old = '""'""''""'""''""'""'def _normalize_run_context_row(row):
    normalized = {column: str(row.get(column, """") or """").strip() for column in RUN_CONTEXT_REQUIRED_COLUMNS}'""'""''""'""''""'""'
common_new = '""'""''""'""''""'""'def _normalize_run_context_row(row):
    normalized = {str(column): str(value or """").strip() for column, value in row.items()}
    for column in RUN_CONTEXT_REQUIRED_COLUMNS:
        normalized[column] = str(row.get(column, """") or """").strip()'""'""''""'""''""'""'
ug_metrics_old = '""'""''""'""''""'""'RUNQC_UG_DEMUX_MULTIQC_HTML = RUNQC_UG_ROOT + ""/ultima_demux_fastq.multiqc.html""
RUNQC_UG_REPORT_INPUTS = [RUNQC_UG_LOG_DIR + ""/ultima_run_qc_report.done""]'""'""''""'""''""'""'
ug_metrics_new = '""'""''""'""''""'""'RUNQC_UG_DEMUX_MULTIQC_HTML = RUNQC_UG_ROOT + ""/ultima_demux_fastq.multiqc.html""
RUNQC_UG_METRICS_PATH = (
    RUNQC_UG_CONTEXT.get(""METRICS_PATH"", """")
    if RUNQC_UG_CONTEXT is not None
    else _runqc_text(RUNQC_UG_CFG, ""metrics_path"")
)
RUNQC_UG_REPORT_INPUTS = [RUNQC_UG_LOG_DIR + ""/ultima_run_qc_report.done""]'""'""''""'""''""'""'
ug_param_old = '""'""''""'""''""'""'    params:
        metrics_path=_runqc_text(RUNQC_UG_CFG, ""metrics_path""),
        run_s3_uri=RUNQC_UG_RUN_S3_URI,'""'""''""'""''""'""'
ug_param_new = '""'""''""'""''""'""'    params:
        metrics_path=RUNQC_UG_METRICS_PATH,
        run_s3_uri=RUNQC_UG_RUN_S3_URI,'""'""''""'""''""'""'

edits = {
    ""bin/day_run"": [
        (
            ""export TMPDIR=$(yq -r '""'""'.daylily.sentieon_tmpdir'""'""' \""$CONFIG_FILE\"")"",
            ""export TMPDIR=\""${DAYOA_RUNTIME_TMPDIR:-$(yq -r '""'""'.daylily.sentieon_tmpdir'""'""' \""$CONFIG_FILE\"")}\"""",
        ),
    ],
    ""bin/day_activate"": [
        (
            ""    export TMPDIR=$SENTIEON_TMPDIR"",
            ""    export TMPDIR=\""${DAYOA_RUNTIME_TMPDIR:-$SENTIEON_TMPDIR}\"""",
        ),
    ],
    ""workflow/rules/common.smk"": [
        (common_old, common_new),
    ],
    ""workflow/rules/run_qc_reports.smk"": [
        (ug_metrics_old, ug_metrics_new),
        (ug_param_old, ug_param_new),
    ],
}
changed = []
for name, replacements in edits.items():
    path = Path(name)
    if not path.is_file():
        raise SystemExit(f""[DYEC] missing DayOA launch script: {name}"")
    text = path.read_text()
    for old, new in replacements:
        if old in text:
            text = text.replace(old, new)
            changed.append(name)
        elif new not in text:
            raise SystemExit(f""[DYEC] expected TMPDIR assignment not found in {name}"")
    path.write_text(text)
print(""[DYEC] DayOA runtime TMPDIR override patch:"", "","".join(sorted(set(changed))) or ""already-applied"")'; dy-r produce_sent_align produce_dmd_dedup_cram produce_sentd_snv_vcf produce_snv_concordances produce_alignstats -j 300 -p -k -T 0; workflow_rc=$?; dyec analysis lock release --analysis-root ""$analysis_root"" --human-requestor jmajor --note ""workflow exit $workflow_rc""; exit $workflow_rc",s3://lsmc-ssf-sequencing-data/derived/jul8itelx4/command_catalog_results/10.0.70-20260708T142032Z/ubuntu/ccv_live_illumina_snv_alignstats_20260708T150500Z/
2,Agent 02,illumina_snv_alignstats_relatedness_vep_multiqc,prod,sample_analysis,sample_manifest,default_reads_slim,hg38_broad,10.0.70,False,ccv_live_illumina_snv_alignstats_relatedness_vep_multiqc_20260708T152112Z,ccv_live_illumina_snv_alignstats_relatedness_vep_multiqc_20260708T152112Z,"dy-r produce_sent_align produce_dmd_dedup_cram produce_sentd_snv_vcf produce_alignstats produce_snv_concordances produce_relatedness produce_vep produce_multiqc_all --config 'multiqc_qc={""enable_tools"":[""vep""]}' -j 300 -p -k -T 0","export DAYOA_AGENT_ID=dyec-jul8itelx4-agent02-20260708T152112Z; export DAYOA_AGENT_KIND=dyec-cli; export DAYOA_HUMAN_REQUESTOR=jmajor; export DAYOA_TMUX_SESSION=ccv_live_illumina_snv_alignstats_relatedness_vep_multiqc_20260708T152112Z; export DAYOA_LEDGER_PATH=/Users/jmajor/projects/lsmc/daylily-ephemeral-cluster/docs/plans/20260708T142032Z_intel_catalog_bjuice_jul8itelx4_dyec_10_0_118_ledger.md; export DAYOA_RUNTIME_TMPDIR=/tmp/dayoa-conda-tmp-ccv_live_illumina_snv_alignstats_relatedness_vep_multiqc_20260708T152112Z; mkdir -p ""$DAYOA_RUNTIME_TMPDIR"" ""$DAYOA_RUNTIME_TMPDIR/pip-cache"" ""$DAYOA_RUNTIME_TMPDIR/xdg-cache"" ""$DAYOA_RUNTIME_TMPDIR/pip-build-tracker""; export TMPDIR=""$DAYOA_RUNTIME_TMPDIR""; export TEMP=""$DAYOA_RUNTIME_TMPDIR""; export TMP=""$DAYOA_RUNTIME_TMPDIR""; export PIP_CACHE_DIR=""$DAYOA_RUNTIME_TMPDIR/pip-cache""; export XDG_CACHE_HOME=""$DAYOA_RUNTIME_TMPDIR/xdg-cache""; export PIP_BUILD_TRACKER=""$DAYOA_RUNTIME_TMPDIR/pip-build-tracker""; analysis_root=$(dirname ""$DAYLILY_REPO_PATH""); dyec analysis visit --analysis-root ""$analysis_root"" --mode write --intent 'DYEC catalog illumina_snv_alignstats_relatedness_vep_multiqc live run on jul8itelx4' --human-requestor jmajor; dyec analysis lock acquire --analysis-root ""$analysis_root"" --operation write --intent 'DYEC catalog illumina_snv_alignstats_relatedness_vep_multiqc live run on jul8itelx4' --human-requestor jmajor --command-summary illumina_snv_alignstats_relatedness_vep_multiqc; python3 -c 'from pathlib import Path

common_old = '""'""''""'""''""'""'def _normalize_run_context_row(row):
    normalized = {column: str(row.get(column, """") or """").strip() for column in RUN_CONTEXT_REQUIRED_COLUMNS}'""'""''""'""''""'""'
common_new = '""'""''""'""''""'""'def _normalize_run_context_row(row):
    normalized = {str(column): str(value or """").strip() for column, value in row.items()}
    for column in RUN_CONTEXT_REQUIRED_COLUMNS:
        normalized[column] = str(row.get(column, """") or """").strip()'""'""''""'""''""'""'
ug_metrics_old = '""'""''""'""''""'""'RUNQC_UG_DEMUX_MULTIQC_HTML = RUNQC_UG_ROOT + ""/ultima_demux_fastq.multiqc.html""
RUNQC_UG_REPORT_INPUTS = [RUNQC_UG_LOG_DIR + ""/ultima_run_qc_report.done""]'""'""''""'""''""'""'
ug_metrics_new = '""'""''""'""''""'""'RUNQC_UG_DEMUX_MULTIQC_HTML = RUNQC_UG_ROOT + ""/ultima_demux_fastq.multiqc.html""
RUNQC_UG_METRICS_PATH = (
    RUNQC_UG_CONTEXT.get(""METRICS_PATH"", """")
    if RUNQC_UG_CONTEXT is not None
    else _runqc_text(RUNQC_UG_CFG, ""metrics_path"")
)
RUNQC_UG_REPORT_INPUTS = [RUNQC_UG_LOG_DIR + ""/ultima_run_qc_report.done""]'""'""''""'""''""'""'
ug_param_old = '""'""''""'""''""'""'    params:
        metrics_path=_runqc_text(RUNQC_UG_CFG, ""metrics_path""),
        run_s3_uri=RUNQC_UG_RUN_S3_URI,'""'""''""'""''""'""'
ug_param_new = '""'""''""'""''""'""'    params:
        metrics_path=RUNQC_UG_METRICS_PATH,
        run_s3_uri=RUNQC_UG_RUN_S3_URI,'""'""''""'""''""'""'

edits = {
    ""bin/day_run"": [
        (
            ""export TMPDIR=$(yq -r '""'""'.daylily.sentieon_tmpdir'""'""' \""$CONFIG_FILE\"")"",
            ""export TMPDIR=\""${DAYOA_RUNTIME_TMPDIR:-$(yq -r '""'""'.daylily.sentieon_tmpdir'""'""' \""$CONFIG_FILE\"")}\"""",
        ),
    ],
    ""bin/day_activate"": [
        (
            ""    export TMPDIR=$SENTIEON_TMPDIR"",
            ""    export TMPDIR=\""${DAYOA_RUNTIME_TMPDIR:-$SENTIEON_TMPDIR}\"""",
        ),
    ],
    ""workflow/rules/common.smk"": [
        (common_old, common_new),
    ],
    ""workflow/rules/run_qc_reports.smk"": [
        (ug_metrics_old, ug_metrics_new),
        (ug_param_old, ug_param_new),
    ],
}
changed = []
for name, replacements in edits.items():
    path = Path(name)
    if not path.is_file():
        raise SystemExit(f""[DYEC] missing DayOA launch script: {name}"")
    text = path.read_text()
    for old, new in replacements:
        if old in text:
            text = text.replace(old, new)
            changed.append(name)
        elif new not in text:
            raise SystemExit(f""[DYEC] expected TMPDIR assignment not found in {name}"")
    path.write_text(text)
print(""[DYEC] DayOA runtime TMPDIR override patch:"", "","".join(sorted(set(changed))) or ""already-applied"")'; dy-r produce_sent_align produce_dmd_dedup_cram produce_sentd_snv_vcf produce_alignstats produce_snv_concordances produce_relatedness produce_vep produce_multiqc_all --config 'multiqc_qc={""enable_tools"":[""vep""]}' -j 300 -p -k -T 0; workflow_rc=$?; dyec analysis lock release --analysis-root ""$analysis_root"" --human-requestor jmajor --note ""workflow exit $workflow_rc""; exit $workflow_rc",s3://lsmc-ssf-sequencing-data/derived/jul8itelx4/command_catalog_results/10.0.70-20260708T142032Z/ubuntu/ccv_live_illumina_snv_alignstats_relatedness_vep_multiqc_20260708T152112Z/
3,Agent 03,illumina_hg002_kitchensink_multiqc,prod,sample_analysis,sample_manifest,default_reads_slim,hg38,10.0.70,False,ccv_live_illumina_hg002_kitchensink_multiqc_20260708T152112Z,ccv_live_illumina_hg002_kitchensink_multiqc_20260708T152112Z,"dy-r produce_sent_align produce_dmd_dedup_cram produce_sentd_snv_vcf produce_alignstats produce_snv_concordances produce_relatedness produce_gatk_contam_estimate produce_site_mix_contam_estimate produce_vep produce_expansionhunter produce_htd_calls produce_metagenomics produce_multiqc_all results/day/hg38/reports/DAY_final_multiqc.html results/day/hg38/reports/dayoa_evidence_manifest.json --config 'aligners=[""sent""]' 'dedupers=[""dmd""]' 'snv_callers=[""sentd""]' 'htd_callers=[""cyrius""]' 'multiqc_qc={""enable_tools"":[""vep"",""metagenomics""]}' --rerun-triggers mtime -j 300 -p -k -T 0","export DAYOA_AGENT_ID=dyec-jul8itelx4-agent03-20260708T152112Z; export DAYOA_AGENT_KIND=dyec-cli; export DAYOA_HUMAN_REQUESTOR=jmajor; export DAYOA_TMUX_SESSION=ccv_live_illumina_hg002_kitchensink_multiqc_20260708T152112Z; export DAYOA_LEDGER_PATH=/Users/jmajor/projects/lsmc/daylily-ephemeral-cluster/docs/plans/20260708T142032Z_intel_catalog_bjuice_jul8itelx4_dyec_10_0_118_ledger.md; export DAYOA_RUNTIME_TMPDIR=/tmp/dayoa-conda-tmp-ccv_live_illumina_hg002_kitchensink_multiqc_20260708T152112Z; mkdir -p ""$DAYOA_RUNTIME_TMPDIR"" ""$DAYOA_RUNTIME_TMPDIR/pip-cache"" ""$DAYOA_RUNTIME_TMPDIR/xdg-cache"" ""$DAYOA_RUNTIME_TMPDIR/pip-build-tracker""; export TMPDIR=""$DAYOA_RUNTIME_TMPDIR""; export TEMP=""$DAYOA_RUNTIME_TMPDIR""; export TMP=""$DAYOA_RUNTIME_TMPDIR""; export PIP_CACHE_DIR=""$DAYOA_RUNTIME_TMPDIR/pip-cache""; export XDG_CACHE_HOME=""$DAYOA_RUNTIME_TMPDIR/xdg-cache""; export PIP_BUILD_TRACKER=""$DAYOA_RUNTIME_TMPDIR/pip-build-tracker""; analysis_root=$(dirname ""$DAYLILY_REPO_PATH""); dyec analysis visit --analysis-root ""$analysis_root"" --mode write --intent 'DYEC catalog illumina_hg002_kitchensink_multiqc live run on jul8itelx4' --human-requestor jmajor; dyec analysis lock acquire --analysis-root ""$analysis_root"" --operation write --intent 'DYEC catalog illumina_hg002_kitchensink_multiqc live run on jul8itelx4' --human-requestor jmajor --command-summary illumina_hg002_kitchensink_multiqc; python3 -c 'from pathlib import Path

common_old = '""'""''""'""''""'""'def _normalize_run_context_row(row):
    normalized = {column: str(row.get(column, """") or """").strip() for column in RUN_CONTEXT_REQUIRED_COLUMNS}'""'""''""'""''""'""'
common_new = '""'""''""'""''""'""'def _normalize_run_context_row(row):
    normalized = {str(column): str(value or """").strip() for column, value in row.items()}
    for column in RUN_CONTEXT_REQUIRED_COLUMNS:
        normalized[column] = str(row.get(column, """") or """").strip()'""'""''""'""''""'""'
ug_metrics_old = '""'""''""'""''""'""'RUNQC_UG_DEMUX_MULTIQC_HTML = RUNQC_UG_ROOT + ""/ultima_demux_fastq.multiqc.html""
RUNQC_UG_REPORT_INPUTS = [RUNQC_UG_LOG_DIR + ""/ultima_run_qc_report.done""]'""'""''""'""''""'""'
ug_metrics_new = '""'""''""'""''""'""'RUNQC_UG_DEMUX_MULTIQC_HTML = RUNQC_UG_ROOT + ""/ultima_demux_fastq.multiqc.html""
RUNQC_UG_METRICS_PATH = (
    RUNQC_UG_CONTEXT.get(""METRICS_PATH"", """")
    if RUNQC_UG_CONTEXT is not None
    else _runqc_text(RUNQC_UG_CFG, ""metrics_path"")
)
RUNQC_UG_REPORT_INPUTS = [RUNQC_UG_LOG_DIR + ""/ultima_run_qc_report.done""]'""'""''""'""''""'""'
ug_param_old = '""'""''""'""''""'""'    params:
        metrics_path=_runqc_text(RUNQC_UG_CFG, ""metrics_path""),
        run_s3_uri=RUNQC_UG_RUN_S3_URI,'""'""''""'""''""'""'
ug_param_new = '""'""''""'""''""'""'    params:
        metrics_path=RUNQC_UG_METRICS_PATH,
        run_s3_uri=RUNQC_UG_RUN_S3_URI,'""'""''""'""''""'""'

edits = {
    ""bin/day_run"": [
        (
            ""export TMPDIR=$(yq -r '""'""'.daylily.sentieon_tmpdir'""'""' \""$CONFIG_FILE\"")"",
            ""export TMPDIR=\""${DAYOA_RUNTIME_TMPDIR:-$(yq -r '""'""'.daylily.sentieon_tmpdir'""'""' \""$CONFIG_FILE\"")}\"""",
        ),
    ],
    ""bin/day_activate"": [
        (
            ""    export TMPDIR=$SENTIEON_TMPDIR"",
            ""    export TMPDIR=\""${DAYOA_RUNTIME_TMPDIR:-$SENTIEON_TMPDIR}\"""",
        ),
    ],
    ""workflow/rules/common.smk"": [
        (common_old, common_new),
    ],
    ""workflow/rules/run_qc_reports.smk"": [
        (ug_metrics_old, ug_metrics_new),
        (ug_param_old, ug_param_new),
    ],
}
changed = []
for name, replacements in edits.items():
    path = Path(name)
    if not path.is_file():
        raise SystemExit(f""[DYEC] missing DayOA launch script: {name}"")
    text = path.read_text()
    for old, new in replacements:
        if old in text:
            text = text.replace(old, new)
            changed.append(name)
        elif new not in text:
            raise SystemExit(f""[DYEC] expected TMPDIR assignment not found in {name}"")
    path.write_text(text)
print(""[DYEC] DayOA runtime TMPDIR override patch:"", "","".join(sorted(set(changed))) or ""already-applied"")'; dy-r produce_sent_align produce_dmd_dedup_cram produce_sentd_snv_vcf produce_alignstats produce_snv_concordances produce_relatedness produce_gatk_contam_estimate produce_site_mix_contam_estimate produce_vep produce_expansionhunter produce_htd_calls produce_metagenomics produce_multiqc_all results/day/hg38/reports/DAY_final_multiqc.html results/day/hg38/reports/dayoa_evidence_manifest.json --config 'aligners=[""sent""]' 'dedupers=[""dmd""]' 'snv_callers=[""sentd""]' 'htd_callers=[""cyrius""]' 'multiqc_qc={""enable_tools"":[""vep"",""metagenomics""]}' --rerun-triggers mtime -j 300 -p -k -T 0; workflow_rc=$?; dyec analysis lock release --analysis-root ""$analysis_root"" --human-requestor jmajor --note ""workflow exit $workflow_rc""; exit $workflow_rc",s3://lsmc-ssf-sequencing-data/derived/jul8itelx4/command_catalog_results/10.0.70-20260708T142032Z/ubuntu/ccv_live_illumina_hg002_kitchensink_multiqc_20260708T152112Z/
4,Agent 04,ultima_snv_alignstats,prod,sample_analysis,sample_manifest,default_reads_slim,hg38_broad,10.0.70,False,ccv_live_ultima_snv_alignstats_20260708T152112Z,ccv_live_ultima_snv_alignstats_20260708T152112Z,dy-r produce_alignstats produce_na_dedup_cram produce_sentdug_snv_vcf produce_snv_concordances -j 300 -p -k -T 0,"export DAYOA_AGENT_ID=dyec-jul8itelx4-agent04-20260708T152112Z; export DAYOA_AGENT_KIND=dyec-cli; export DAYOA_HUMAN_REQUESTOR=jmajor; export DAYOA_TMUX_SESSION=ccv_live_ultima_snv_alignstats_20260708T152112Z; export DAYOA_LEDGER_PATH=/Users/jmajor/projects/lsmc/daylily-ephemeral-cluster/docs/plans/20260708T142032Z_intel_catalog_bjuice_jul8itelx4_dyec_10_0_118_ledger.md; export DAYOA_RUNTIME_TMPDIR=/tmp/dayoa-conda-tmp-ccv_live_ultima_snv_alignstats_20260708T152112Z; mkdir -p ""$DAYOA_RUNTIME_TMPDIR"" ""$DAYOA_RUNTIME_TMPDIR/pip-cache"" ""$DAYOA_RUNTIME_TMPDIR/xdg-cache"" ""$DAYOA_RUNTIME_TMPDIR/pip-build-tracker""; export TMPDIR=""$DAYOA_RUNTIME_TMPDIR""; export TEMP=""$DAYOA_RUNTIME_TMPDIR""; export TMP=""$DAYOA_RUNTIME_TMPDIR""; export PIP_CACHE_DIR=""$DAYOA_RUNTIME_TMPDIR/pip-cache""; export XDG_CACHE_HOME=""$DAYOA_RUNTIME_TMPDIR/xdg-cache""; export PIP_BUILD_TRACKER=""$DAYOA_RUNTIME_TMPDIR/pip-build-tracker""; analysis_root=$(dirname ""$DAYLILY_REPO_PATH""); dyec analysis visit --analysis-root ""$analysis_root"" --mode write --intent 'DYEC catalog ultima_snv_alignstats live run on jul8itelx4' --human-requestor jmajor; dyec analysis lock acquire --analysis-root ""$analysis_root"" --operation write --intent 'DYEC catalog ultima_snv_alignstats live run on jul8itelx4' --human-requestor jmajor --command-summary ultima_snv_alignstats; python3 -c 'from pathlib import Path

common_old = '""'""''""'""''""'""'def _normalize_run_context_row(row):
    normalized = {column: str(row.get(column, """") or """").strip() for column in RUN_CONTEXT_REQUIRED_COLUMNS}'""'""''""'""''""'""'
common_new = '""'""''""'""''""'""'def _normalize_run_context_row(row):
    normalized = {str(column): str(value or """").strip() for column, value in row.items()}
    for column in RUN_CONTEXT_REQUIRED_COLUMNS:
        normalized[column] = str(row.get(column, """") or """").strip()'""'""''""'""''""'""'
ug_metrics_old = '""'""''""'""''""'""'RUNQC_UG_DEMUX_MULTIQC_HTML = RUNQC_UG_ROOT + ""/ultima_demux_fastq.multiqc.html""
RUNQC_UG_REPORT_INPUTS = [RUNQC_UG_LOG_DIR + ""/ultima_run_qc_report.done""]'""'""''""'""''""'""'
ug_metrics_new = '""'""''""'""''""'""'RUNQC_UG_DEMUX_MULTIQC_HTML = RUNQC_UG_ROOT + ""/ultima_demux_fastq.multiqc.html""
RUNQC_UG_METRICS_PATH = (
    RUNQC_UG_CONTEXT.get(""METRICS_PATH"", """")
    if RUNQC_UG_CONTEXT is not None
    else _runqc_text(RUNQC_UG_CFG, ""metrics_path"")
)
RUNQC_UG_REPORT_INPUTS = [RUNQC_UG_LOG_DIR + ""/ultima_run_qc_report.done""]'""'""''""'""''""'""'
ug_param_old = '""'""''""'""''""'""'    params:
        metrics_path=_runqc_text(RUNQC_UG_CFG, ""metrics_path""),
        run_s3_uri=RUNQC_UG_RUN_S3_URI,'""'""''""'""''""'""'
ug_param_new = '""'""''""'""''""'""'    params:
        metrics_path=RUNQC_UG_METRICS_PATH,
        run_s3_uri=RUNQC_UG_RUN_S3_URI,'""'""''""'""''""'""'

edits = {
    ""bin/day_run"": [
        (
            ""export TMPDIR=$(yq -r '""'""'.daylily.sentieon_tmpdir'""'""' \""$CONFIG_FILE\"")"",
            ""export TMPDIR=\""${DAYOA_RUNTIME_TMPDIR:-$(yq -r '""'""'.daylily.sentieon_tmpdir'""'""' \""$CONFIG_FILE\"")}\"""",
        ),
    ],
    ""bin/day_activate"": [
        (
            ""    export TMPDIR=$SENTIEON_TMPDIR"",
            ""    export TMPDIR=\""${DAYOA_RUNTIME_TMPDIR:-$SENTIEON_TMPDIR}\"""",
        ),
    ],
    ""workflow/rules/common.smk"": [
        (common_old, common_new),
    ],
    ""workflow/rules/run_qc_reports.smk"": [
        (ug_metrics_old, ug_metrics_new),
        (ug_param_old, ug_param_new),
    ],
}
changed = []
for name, replacements in edits.items():
    path = Path(name)
    if not path.is_file():
        raise SystemExit(f""[DYEC] missing DayOA launch script: {name}"")
    text = path.read_text()
    for old, new in replacements:
        if old in text:
            text = text.replace(old, new)
            changed.append(name)
        elif new not in text:
            raise SystemExit(f""[DYEC] expected TMPDIR assignment not found in {name}"")
    path.write_text(text)
print(""[DYEC] DayOA runtime TMPDIR override patch:"", "","".join(sorted(set(changed))) or ""already-applied"")'; dy-r produce_alignstats produce_na_dedup_cram produce_sentdug_snv_vcf produce_snv_concordances -j 300 -p -k -T 0; workflow_rc=$?; dyec analysis lock release --analysis-root ""$analysis_root"" --human-requestor jmajor --note ""workflow exit $workflow_rc""; exit $workflow_rc",s3://lsmc-ssf-sequencing-data/derived/jul8itelx4/command_catalog_results/10.0.70-20260708T142032Z/ubuntu/ccv_live_ultima_snv_alignstats_20260708T152112Z/
5,Agent 05,ultima_snv_alignstats_kitchensink,prod,sample_analysis,sample_manifest,default_reads_slim,hg38_broad,10.0.70,False,ccv_live_ultima_snv_alignstats_kitchensink_20260708T152112Z,ccv_live_ultima_snv_alignstats_kitchensink_20260708T152112Z,"dy-r produce_alignstats produce_na_dedup_cram produce_sentdug_snv_vcf produce_snv_concordances produce_relatedness produce_vep produce_multiqc_all --config 'multiqc_qc={""enable_tools"":[""vep""]}' -j 300 -p -k -T 0","export DAYOA_AGENT_ID=dyec-jul8itelx4-agent05-20260708T152112Z; export DAYOA_AGENT_KIND=dyec-cli; export DAYOA_HUMAN_REQUESTOR=jmajor; export DAYOA_TMUX_SESSION=ccv_live_ultima_snv_alignstats_kitchensink_20260708T152112Z; export DAYOA_LEDGER_PATH=/Users/jmajor/projects/lsmc/daylily-ephemeral-cluster/docs/plans/20260708T142032Z_intel_catalog_bjuice_jul8itelx4_dyec_10_0_118_ledger.md; export DAYOA_RUNTIME_TMPDIR=/tmp/dayoa-conda-tmp-ccv_live_ultima_snv_alignstats_kitchensink_20260708T152112Z; mkdir -p ""$DAYOA_RUNTIME_TMPDIR"" ""$DAYOA_RUNTIME_TMPDIR/pip-cache"" ""$DAYOA_RUNTIME_TMPDIR/xdg-cache"" ""$DAYOA_RUNTIME_TMPDIR/pip-build-tracker""; export TMPDIR=""$DAYOA_RUNTIME_TMPDIR""; export TEMP=""$DAYOA_RUNTIME_TMPDIR""; export TMP=""$DAYOA_RUNTIME_TMPDIR""; export PIP_CACHE_DIR=""$DAYOA_RUNTIME_TMPDIR/pip-cache""; export XDG_CACHE_HOME=""$DAYOA_RUNTIME_TMPDIR/xdg-cache""; export PIP_BUILD_TRACKER=""$DAYOA_RUNTIME_TMPDIR/pip-build-tracker""; analysis_root=$(dirname ""$DAYLILY_REPO_PATH""); dyec analysis visit --analysis-root ""$analysis_root"" --mode write --intent 'DYEC catalog ultima_snv_alignstats_kitchensink live run on jul8itelx4' --human-requestor jmajor; dyec analysis lock acquire --analysis-root ""$analysis_root"" --operation write --intent 'DYEC catalog ultima_snv_alignstats_kitchensink live run on jul8itelx4' --human-requestor jmajor --command-summary ultima_snv_alignstats_kitchensink; python3 -c 'from pathlib import Path

common_old = '""'""''""'""''""'""'def _normalize_run_context_row(row):
    normalized = {column: str(row.get(column, """") or """").strip() for column in RUN_CONTEXT_REQUIRED_COLUMNS}'""'""''""'""''""'""'
common_new = '""'""''""'""''""'""'def _normalize_run_context_row(row):
    normalized = {str(column): str(value or """").strip() for column, value in row.items()}
    for column in RUN_CONTEXT_REQUIRED_COLUMNS:
        normalized[column] = str(row.get(column, """") or """").strip()'""'""''""'""''""'""'
ug_metrics_old = '""'""''""'""''""'""'RUNQC_UG_DEMUX_MULTIQC_HTML = RUNQC_UG_ROOT + ""/ultima_demux_fastq.multiqc.html""
RUNQC_UG_REPORT_INPUTS = [RUNQC_UG_LOG_DIR + ""/ultima_run_qc_report.done""]'""'""''""'""''""'""'
ug_metrics_new = '""'""''""'""''""'""'RUNQC_UG_DEMUX_MULTIQC_HTML = RUNQC_UG_ROOT + ""/ultima_demux_fastq.multiqc.html""
RUNQC_UG_METRICS_PATH = (
    RUNQC_UG_CONTEXT.get(""METRICS_PATH"", """")
    if RUNQC_UG_CONTEXT is not None
    else _runqc_text(RUNQC_UG_CFG, ""metrics_path"")
)
RUNQC_UG_REPORT_INPUTS = [RUNQC_UG_LOG_DIR + ""/ultima_run_qc_report.done""]'""'""''""'""''""'""'
ug_param_old = '""'""''""'""''""'""'    params:
        metrics_path=_runqc_text(RUNQC_UG_CFG, ""metrics_path""),
        run_s3_uri=RUNQC_UG_RUN_S3_URI,'""'""''""'""''""'""'
ug_param_new = '""'""''""'""''""'""'    params:
        metrics_path=RUNQC_UG_METRICS_PATH,
        run_s3_uri=RUNQC_UG_RUN_S3_URI,'""'""''""'""''""'""'

edits = {
    ""bin/day_run"": [
        (
            ""export TMPDIR=$(yq -r '""'""'.daylily.sentieon_tmpdir'""'""' \""$CONFIG_FILE\"")"",
            ""export TMPDIR=\""${DAYOA_RUNTIME_TMPDIR:-$(yq -r '""'""'.daylily.sentieon_tmpdir'""'""' \""$CONFIG_FILE\"")}\"""",
        ),
    ],
    ""bin/day_activate"": [
        (
            ""    export TMPDIR=$SENTIEON_TMPDIR"",
            ""    export TMPDIR=\""${DAYOA_RUNTIME_TMPDIR:-$SENTIEON_TMPDIR}\"""",
        ),
    ],
    ""workflow/rules/common.smk"": [
        (common_old, common_new),
    ],
    ""workflow/rules/run_qc_reports.smk"": [
        (ug_metrics_old, ug_metrics_new),
        (ug_param_old, ug_param_new),
    ],
}
changed = []
for name, replacements in edits.items():
    path = Path(name)
    if not path.is_file():
        raise SystemExit(f""[DYEC] missing DayOA launch script: {name}"")
    text = path.read_text()
    for old, new in replacements:
        if old in text:
            text = text.replace(old, new)
            changed.append(name)
        elif new not in text:
            raise SystemExit(f""[DYEC] expected TMPDIR assignment not found in {name}"")
    path.write_text(text)
print(""[DYEC] DayOA runtime TMPDIR override patch:"", "","".join(sorted(set(changed))) or ""already-applied"")'; dy-r produce_alignstats produce_na_dedup_cram produce_sentdug_snv_vcf produce_snv_concordances produce_relatedness produce_vep produce_multiqc_all --config 'multiqc_qc={""enable_tools"":[""vep""]}' -j 300 -p -k -T 0; workflow_rc=$?; dyec analysis lock release --analysis-root ""$analysis_root"" --human-requestor jmajor --note ""workflow exit $workflow_rc""; exit $workflow_rc",s3://lsmc-ssf-sequencing-data/derived/jul8itelx4/command_catalog_results/10.0.70-20260708T142032Z/ubuntu/ccv_live_ultima_snv_alignstats_kitchensink_20260708T152112Z/
6,Agent 06,ont_snv_alignstats,prod,sample_analysis,sample_manifest,default_reads_slim,hg38_broad,10.0.70,False,ccv_live_ont_snv_alignstats_20260708T152112Z,ccv_live_ont_snv_alignstats_20260708T152112Z,dy-r produce_alignstats produce_sentdont_snv_vcf produce_snv_concordances -j 300 -p -k -T 0,"export DAYOA_AGENT_ID=dyec-jul8itelx4-agent06-20260708T152112Z; export DAYOA_AGENT_KIND=dyec-cli; export DAYOA_HUMAN_REQUESTOR=jmajor; export DAYOA_TMUX_SESSION=ccv_live_ont_snv_alignstats_20260708T152112Z; export DAYOA_LEDGER_PATH=/Users/jmajor/projects/lsmc/daylily-ephemeral-cluster/docs/plans/20260708T142032Z_intel_catalog_bjuice_jul8itelx4_dyec_10_0_118_ledger.md; export DAYOA_RUNTIME_TMPDIR=/tmp/dayoa-conda-tmp-ccv_live_ont_snv_alignstats_20260708T152112Z; mkdir -p ""$DAYOA_RUNTIME_TMPDIR"" ""$DAYOA_RUNTIME_TMPDIR/pip-cache"" ""$DAYOA_RUNTIME_TMPDIR/xdg-cache"" ""$DAYOA_RUNTIME_TMPDIR/pip-build-tracker""; export TMPDIR=""$DAYOA_RUNTIME_TMPDIR""; export TEMP=""$DAYOA_RUNTIME_TMPDIR""; export TMP=""$DAYOA_RUNTIME_TMPDIR""; export PIP_CACHE_DIR=""$DAYOA_RUNTIME_TMPDIR/pip-cache""; export XDG_CACHE_HOME=""$DAYOA_RUNTIME_TMPDIR/xdg-cache""; export PIP_BUILD_TRACKER=""$DAYOA_RUNTIME_TMPDIR/pip-build-tracker""; analysis_root=$(dirname ""$DAYLILY_REPO_PATH""); dyec analysis visit --analysis-root ""$analysis_root"" --mode write --intent 'DYEC catalog ont_snv_alignstats live run on jul8itelx4' --human-requestor jmajor; dyec analysis lock acquire --analysis-root ""$analysis_root"" --operation write --intent 'DYEC catalog ont_snv_alignstats live run on jul8itelx4' --human-requestor jmajor --command-summary ont_snv_alignstats; python3 -c 'from pathlib import Path

common_old = '""'""''""'""''""'""'def _normalize_run_context_row(row):
    normalized = {column: str(row.get(column, """") or """").strip() for column in RUN_CONTEXT_REQUIRED_COLUMNS}'""'""''""'""''""'""'
common_new = '""'""''""'""''""'""'def _normalize_run_context_row(row):
    normalized = {str(column): str(value or """").strip() for column, value in row.items()}
    for column in RUN_CONTEXT_REQUIRED_COLUMNS:
        normalized[column] = str(row.get(column, """") or """").strip()'""'""''""'""''""'""'
ug_metrics_old = '""'""''""'""''""'""'RUNQC_UG_DEMUX_MULTIQC_HTML = RUNQC_UG_ROOT + ""/ultima_demux_fastq.multiqc.html""
RUNQC_UG_REPORT_INPUTS = [RUNQC_UG_LOG_DIR + ""/ultima_run_qc_report.done""]'""'""''""'""''""'""'
ug_metrics_new = '""'""''""'""''""'""'RUNQC_UG_DEMUX_MULTIQC_HTML = RUNQC_UG_ROOT + ""/ultima_demux_fastq.multiqc.html""
RUNQC_UG_METRICS_PATH = (
    RUNQC_UG_CONTEXT.get(""METRICS_PATH"", """")
    if RUNQC_UG_CONTEXT is not None
    else _runqc_text(RUNQC_UG_CFG, ""metrics_path"")
)
RUNQC_UG_REPORT_INPUTS = [RUNQC_UG_LOG_DIR + ""/ultima_run_qc_report.done""]'""'""''""'""''""'""'
ug_param_old = '""'""''""'""''""'""'    params:
        metrics_path=_runqc_text(RUNQC_UG_CFG, ""metrics_path""),
        run_s3_uri=RUNQC_UG_RUN_S3_URI,'""'""''""'""''""'""'
ug_param_new = '""'""''""'""''""'""'    params:
        metrics_path=RUNQC_UG_METRICS_PATH,
        run_s3_uri=RUNQC_UG_RUN_S3_URI,'""'""''""'""''""'""'

edits = {
    ""bin/day_run"": [
        (
            ""export TMPDIR=$(yq -r '""'""'.daylily.sentieon_tmpdir'""'""' \""$CONFIG_FILE\"")"",
            ""export TMPDIR=\""${DAYOA_RUNTIME_TMPDIR:-$(yq -r '""'""'.daylily.sentieon_tmpdir'""'""' \""$CONFIG_FILE\"")}\"""",
        ),
    ],
    ""bin/day_activate"": [
        (
            ""    export TMPDIR=$SENTIEON_TMPDIR"",
            ""    export TMPDIR=\""${DAYOA_RUNTIME_TMPDIR:-$SENTIEON_TMPDIR}\"""",
        ),
    ],
    ""workflow/rules/common.smk"": [
        (common_old, common_new),
    ],
    ""workflow/rules/run_qc_reports.smk"": [
        (ug_metrics_old, ug_metrics_new),
        (ug_param_old, ug_param_new),
    ],
}
changed = []
for name, replacements in edits.items():
    path = Path(name)
    if not path.is_file():
        raise SystemExit(f""[DYEC] missing DayOA launch script: {name}"")
    text = path.read_text()
    for old, new in replacements:
        if old in text:
            text = text.replace(old, new)
            changed.append(name)
        elif new not in text:
            raise SystemExit(f""[DYEC] expected TMPDIR assignment not found in {name}"")
    path.write_text(text)
print(""[DYEC] DayOA runtime TMPDIR override patch:"", "","".join(sorted(set(changed))) or ""already-applied"")'; dy-r produce_alignstats produce_sentdont_snv_vcf produce_snv_concordances -j 300 -p -k -T 0; workflow_rc=$?; dyec analysis lock release --analysis-root ""$analysis_root"" --human-requestor jmajor --note ""workflow exit $workflow_rc""; exit $workflow_rc",s3://lsmc-ssf-sequencing-data/derived/jul8itelx4/command_catalog_results/10.0.70-20260708T142032Z/ubuntu/ccv_live_ont_snv_alignstats_20260708T152112Z/
7,Agent 07,ont_snv_alignstats_kitchensink,prod,sample_analysis,sample_manifest,default_reads_slim,hg38_broad,10.0.70,False,ccv_live_ont_snv_alignstats_kitchensink_20260708T152112Z,ccv_live_ont_snv_alignstats_kitchensink_20260708T152112Z,"dy-r produce_alignstats produce_na_dedup_cram produce_sentdont_snv_vcf produce_snv_concordances produce_relatedness produce_vep produce_multiqc_all results/day/hg38_broad/reports/DAY_final_multiqc.html results/day/hg38_broad/reports/dayoa_evidence_manifest.json --config 'multiqc_qc={""enable_tools"":[""vep""]}' --rerun-triggers mtime -j 300 -p -k -T 0","export DAYOA_AGENT_ID=dyec-jul8itelx4-agent07-20260708T152112Z; export DAYOA_AGENT_KIND=dyec-cli; export DAYOA_HUMAN_REQUESTOR=jmajor; export DAYOA_TMUX_SESSION=ccv_live_ont_snv_alignstats_kitchensink_20260708T152112Z; export DAYOA_LEDGER_PATH=/Users/jmajor/projects/lsmc/daylily-ephemeral-cluster/docs/plans/20260708T142032Z_intel_catalog_bjuice_jul8itelx4_dyec_10_0_118_ledger.md; export DAYOA_RUNTIME_TMPDIR=/tmp/dayoa-conda-tmp-ccv_live_ont_snv_alignstats_kitchensink_20260708T152112Z; mkdir -p ""$DAYOA_RUNTIME_TMPDIR"" ""$DAYOA_RUNTIME_TMPDIR/pip-cache"" ""$DAYOA_RUNTIME_TMPDIR/xdg-cache"" ""$DAYOA_RUNTIME_TMPDIR/pip-build-tracker""; export TMPDIR=""$DAYOA_RUNTIME_TMPDIR""; export TEMP=""$DAYOA_RUNTIME_TMPDIR""; export TMP=""$DAYOA_RUNTIME_TMPDIR""; export PIP_CACHE_DIR=""$DAYOA_RUNTIME_TMPDIR/pip-cache""; export XDG_CACHE_HOME=""$DAYOA_RUNTIME_TMPDIR/xdg-cache""; export PIP_BUILD_TRACKER=""$DAYOA_RUNTIME_TMPDIR/pip-build-tracker""; analysis_root=$(dirname ""$DAYLILY_REPO_PATH""); dyec analysis visit --analysis-root ""$analysis_root"" --mode write --intent 'DYEC catalog ont_snv_alignstats_kitchensink live run on jul8itelx4' --human-requestor jmajor; dyec analysis lock acquire --analysis-root ""$analysis_root"" --operation write --intent 'DYEC catalog ont_snv_alignstats_kitchensink live run on jul8itelx4' --human-requestor jmajor --command-summary ont_snv_alignstats_kitchensink; python3 -c 'from pathlib import Path

common_old = '""'""''""'""''""'""'def _normalize_run_context_row(row):
    normalized = {column: str(row.get(column, """") or """").strip() for column in RUN_CONTEXT_REQUIRED_COLUMNS}'""'""''""'""''""'""'
common_new = '""'""''""'""''""'""'def _normalize_run_context_row(row):
    normalized = {str(column): str(value or """").strip() for column, value in row.items()}
    for column in RUN_CONTEXT_REQUIRED_COLUMNS:
        normalized[column] = str(row.get(column, """") or """").strip()'""'""''""'""''""'""'
ug_metrics_old = '""'""''""'""''""'""'RUNQC_UG_DEMUX_MULTIQC_HTML = RUNQC_UG_ROOT + ""/ultima_demux_fastq.multiqc.html""
RUNQC_UG_REPORT_INPUTS = [RUNQC_UG_LOG_DIR + ""/ultima_run_qc_report.done""]'""'""''""'""''""'""'
ug_metrics_new = '""'""''""'""''""'""'RUNQC_UG_DEMUX_MULTIQC_HTML = RUNQC_UG_ROOT + ""/ultima_demux_fastq.multiqc.html""
RUNQC_UG_METRICS_PATH = (
    RUNQC_UG_CONTEXT.get(""METRICS_PATH"", """")
    if RUNQC_UG_CONTEXT is not None
    else _runqc_text(RUNQC_UG_CFG, ""metrics_path"")
)
RUNQC_UG_REPORT_INPUTS = [RUNQC_UG_LOG_DIR + ""/ultima_run_qc_report.done""]'""'""''""'""''""'""'
ug_param_old = '""'""''""'""''""'""'    params:
        metrics_path=_runqc_text(RUNQC_UG_CFG, ""metrics_path""),
        run_s3_uri=RUNQC_UG_RUN_S3_URI,'""'""''""'""''""'""'
ug_param_new = '""'""''""'""''""'""'    params:
        metrics_path=RUNQC_UG_METRICS_PATH,
        run_s3_uri=RUNQC_UG_RUN_S3_URI,'""'""''""'""''""'""'

edits = {
    ""bin/day_run"": [
        (
            ""export TMPDIR=$(yq -r '""'""'.daylily.sentieon_tmpdir'""'""' \""$CONFIG_FILE\"")"",
            ""export TMPDIR=\""${DAYOA_RUNTIME_TMPDIR:-$(yq -r '""'""'.daylily.sentieon_tmpdir'""'""' \""$CONFIG_FILE\"")}\"""",
        ),
    ],
    ""bin/day_activate"": [
        (
            ""    export TMPDIR=$SENTIEON_TMPDIR"",
            ""    export TMPDIR=\""${DAYOA_RUNTIME_TMPDIR:-$SENTIEON_TMPDIR}\"""",
        ),
    ],
    ""workflow/rules/common.smk"": [
        (common_old, common_new),
    ],
    ""workflow/rules/run_qc_reports.smk"": [
        (ug_metrics_old, ug_metrics_new),
        (ug_param_old, ug_param_new),
    ],
}
changed = []
for name, replacements in edits.items():
    path = Path(name)
    if not path.is_file():
        raise SystemExit(f""[DYEC] missing DayOA launch script: {name}"")
    text = path.read_text()
    for old, new in replacements:
        if old in text:
            text = text.replace(old, new)
            changed.append(name)
        elif new not in text:
            raise SystemExit(f""[DYEC] expected TMPDIR assignment not found in {name}"")
    path.write_text(text)
print(""[DYEC] DayOA runtime TMPDIR override patch:"", "","".join(sorted(set(changed))) or ""already-applied"")'; dy-r produce_alignstats produce_na_dedup_cram produce_sentdont_snv_vcf produce_snv_concordances produce_relatedness produce_vep produce_multiqc_all results/day/hg38_broad/reports/DAY_final_multiqc.html results/day/hg38_broad/reports/dayoa_evidence_manifest.json --config 'multiqc_qc={""enable_tools"":[""vep""]}' --rerun-triggers mtime -j 300 -p -k -T 0; workflow_rc=$?; dyec analysis lock release --analysis-root ""$analysis_root"" --human-requestor jmajor --note ""workflow exit $workflow_rc""; exit $workflow_rc",s3://lsmc-ssf-sequencing-data/derived/jul8itelx4/command_catalog_results/10.0.70-20260708T142032Z/ubuntu/ccv_live_ont_snv_alignstats_kitchensink_20260708T152112Z/
8,Agent 08,pacbio_snv_alignstats,prod,sample_analysis,sample_manifest,default_reads_slim,hg38_broad,10.0.70,False,ccv_live_pacbio_snv_alignstats_20260708T152112Z,ccv_live_pacbio_snv_alignstats_20260708T152112Z,dy-r produce_sentmm2_align produce_na_dedup_cram produce_sentdpb_snv_vcf produce_alignstats produce_snv_concordances -j 300 -p -k -T 0,"export DAYOA_AGENT_ID=dyec-jul8itelx4-agent08-20260708T152112Z; export DAYOA_AGENT_KIND=dyec-cli; export DAYOA_HUMAN_REQUESTOR=jmajor; export DAYOA_TMUX_SESSION=ccv_live_pacbio_snv_alignstats_20260708T152112Z; export DAYOA_LEDGER_PATH=/Users/jmajor/projects/lsmc/daylily-ephemeral-cluster/docs/plans/20260708T142032Z_intel_catalog_bjuice_jul8itelx4_dyec_10_0_118_ledger.md; export DAYOA_RUNTIME_TMPDIR=/tmp/dayoa-conda-tmp-ccv_live_pacbio_snv_alignstats_20260708T152112Z; mkdir -p ""$DAYOA_RUNTIME_TMPDIR"" ""$DAYOA_RUNTIME_TMPDIR/pip-cache"" ""$DAYOA_RUNTIME_TMPDIR/xdg-cache"" ""$DAYOA_RUNTIME_TMPDIR/pip-build-tracker""; export TMPDIR=""$DAYOA_RUNTIME_TMPDIR""; export TEMP=""$DAYOA_RUNTIME_TMPDIR""; export TMP=""$DAYOA_RUNTIME_TMPDIR""; export PIP_CACHE_DIR=""$DAYOA_RUNTIME_TMPDIR/pip-cache""; export XDG_CACHE_HOME=""$DAYOA_RUNTIME_TMPDIR/xdg-cache""; export PIP_BUILD_TRACKER=""$DAYOA_RUNTIME_TMPDIR/pip-build-tracker""; analysis_root=$(dirname ""$DAYLILY_REPO_PATH""); dyec analysis visit --analysis-root ""$analysis_root"" --mode write --intent 'DYEC catalog pacbio_snv_alignstats live run on jul8itelx4' --human-requestor jmajor; dyec analysis lock acquire --analysis-root ""$analysis_root"" --operation write --intent 'DYEC catalog pacbio_snv_alignstats live run on jul8itelx4' --human-requestor jmajor --command-summary pacbio_snv_alignstats; python3 -c 'from pathlib import Path

common_old = '""'""''""'""''""'""'def _normalize_run_context_row(row):
    normalized = {column: str(row.get(column, """") or """").strip() for column in RUN_CONTEXT_REQUIRED_COLUMNS}'""'""''""'""''""'""'
common_new = '""'""''""'""''""'""'def _normalize_run_context_row(row):
    normalized = {str(column): str(value or """").strip() for column, value in row.items()}
    for column in RUN_CONTEXT_REQUIRED_COLUMNS:
        normalized[column] = str(row.get(column, """") or """").strip()'""'""''""'""''""'""'
ug_metrics_old = '""'""''""'""''""'""'RUNQC_UG_DEMUX_MULTIQC_HTML = RUNQC_UG_ROOT + ""/ultima_demux_fastq.multiqc.html""
RUNQC_UG_REPORT_INPUTS = [RUNQC_UG_LOG_DIR + ""/ultima_run_qc_report.done""]'""'""''""'""''""'""'
ug_metrics_new = '""'""''""'""''""'""'RUNQC_UG_DEMUX_MULTIQC_HTML = RUNQC_UG_ROOT + ""/ultima_demux_fastq.multiqc.html""
RUNQC_UG_METRICS_PATH = (
    RUNQC_UG_CONTEXT.get(""METRICS_PATH"", """")
    if RUNQC_UG_CONTEXT is not None
    else _runqc_text(RUNQC_UG_CFG, ""metrics_path"")
)
RUNQC_UG_REPORT_INPUTS = [RUNQC_UG_LOG_DIR + ""/ultima_run_qc_report.done""]'""'""''""'""''""'""'
ug_param_old = '""'""''""'""''""'""'    params:
        metrics_path=_runqc_text(RUNQC_UG_CFG, ""metrics_path""),
        run_s3_uri=RUNQC_UG_RUN_S3_URI,'""'""''""'""''""'""'
ug_param_new = '""'""''""'""''""'""'    params:
        metrics_path=RUNQC_UG_METRICS_PATH,
        run_s3_uri=RUNQC_UG_RUN_S3_URI,'""'""''""'""''""'""'

edits = {
    ""bin/day_run"": [
        (
            ""export TMPDIR=$(yq -r '""'""'.daylily.sentieon_tmpdir'""'""' \""$CONFIG_FILE\"")"",
            ""export TMPDIR=\""${DAYOA_RUNTIME_TMPDIR:-$(yq -r '""'""'.daylily.sentieon_tmpdir'""'""' \""$CONFIG_FILE\"")}\"""",
        ),
    ],
    ""bin/day_activate"": [
        (
            ""    export TMPDIR=$SENTIEON_TMPDIR"",
            ""    export TMPDIR=\""${DAYOA_RUNTIME_TMPDIR:-$SENTIEON_TMPDIR}\"""",
        ),
    ],
    ""workflow/rules/common.smk"": [
        (common_old, common_new),
    ],
    ""workflow/rules/run_qc_reports.smk"": [
        (ug_metrics_old, ug_metrics_new),
        (ug_param_old, ug_param_new),
    ],
}
changed = []
for name, replacements in edits.items():
    path = Path(name)
    if not path.is_file():
        raise SystemExit(f""[DYEC] missing DayOA launch script: {name}"")
    text = path.read_text()
    for old, new in replacements:
        if old in text:
            text = text.replace(old, new)
            changed.append(name)
        elif new not in text:
            raise SystemExit(f""[DYEC] expected TMPDIR assignment not found in {name}"")
    path.write_text(text)
print(""[DYEC] DayOA runtime TMPDIR override patch:"", "","".join(sorted(set(changed))) or ""already-applied"")'; dy-r produce_sentmm2_align produce_na_dedup_cram produce_sentdpb_snv_vcf produce_alignstats produce_snv_concordances -j 300 -p -k -T 0; workflow_rc=$?; dyec analysis lock release --analysis-root ""$analysis_root"" --human-requestor jmajor --note ""workflow exit $workflow_rc""; exit $workflow_rc",s3://lsmc-ssf-sequencing-data/derived/jul8itelx4/command_catalog_results/10.0.70-20260708T142032Z/ubuntu/ccv_live_pacbio_snv_alignstats_20260708T152112Z/
9,Agent 09,roche_snv_alignstats,prod,sample_analysis,sample_manifest,default_reads_slim,hg38_broad,10.0.70,False,ccv_live_roche_snv_alignstats_20260708T152112Z,ccv_live_roche_snv_alignstats_20260708T152112Z,dy-r produce_alignstats produce_na_dedup_cram produce_sentD_vcf -j 300 -p -k -T 0,"export DAYOA_AGENT_ID=dyec-jul8itelx4-agent09-20260708T152112Z; export DAYOA_AGENT_KIND=dyec-cli; export DAYOA_HUMAN_REQUESTOR=jmajor; export DAYOA_TMUX_SESSION=ccv_live_roche_snv_alignstats_20260708T152112Z; export DAYOA_LEDGER_PATH=/Users/jmajor/projects/lsmc/daylily-ephemeral-cluster/docs/plans/20260708T142032Z_intel_catalog_bjuice_jul8itelx4_dyec_10_0_118_ledger.md; export DAYOA_RUNTIME_TMPDIR=/tmp/dayoa-conda-tmp-ccv_live_roche_snv_alignstats_20260708T152112Z; mkdir -p ""$DAYOA_RUNTIME_TMPDIR"" ""$DAYOA_RUNTIME_TMPDIR/pip-cache"" ""$DAYOA_RUNTIME_TMPDIR/xdg-cache"" ""$DAYOA_RUNTIME_TMPDIR/pip-build-tracker""; export TMPDIR=""$DAYOA_RUNTIME_TMPDIR""; export TEMP=""$DAYOA_RUNTIME_TMPDIR""; export TMP=""$DAYOA_RUNTIME_TMPDIR""; export PIP_CACHE_DIR=""$DAYOA_RUNTIME_TMPDIR/pip-cache""; export XDG_CACHE_HOME=""$DAYOA_RUNTIME_TMPDIR/xdg-cache""; export PIP_BUILD_TRACKER=""$DAYOA_RUNTIME_TMPDIR/pip-build-tracker""; analysis_root=$(dirname ""$DAYLILY_REPO_PATH""); dyec analysis visit --analysis-root ""$analysis_root"" --mode write --intent 'DYEC catalog roche_snv_alignstats live run on jul8itelx4' --human-requestor jmajor; dyec analysis lock acquire --analysis-root ""$analysis_root"" --operation write --intent 'DYEC catalog roche_snv_alignstats live run on jul8itelx4' --human-requestor jmajor --command-summary roche_snv_alignstats; python3 -c 'from pathlib import Path

common_old = '""'""''""'""''""'""'def _normalize_run_context_row(row):
    normalized = {column: str(row.get(column, """") or """").strip() for column in RUN_CONTEXT_REQUIRED_COLUMNS}'""'""''""'""''""'""'
common_new = '""'""''""'""''""'""'def _normalize_run_context_row(row):
    normalized = {str(column): str(value or """").strip() for column, value in row.items()}
    for column in RUN_CONTEXT_REQUIRED_COLUMNS:
        normalized[column] = str(row.get(column, """") or """").strip()'""'""''""'""''""'""'
ug_metrics_old = '""'""''""'""''""'""'RUNQC_UG_DEMUX_MULTIQC_HTML = RUNQC_UG_ROOT + ""/ultima_demux_fastq.multiqc.html""
RUNQC_UG_REPORT_INPUTS = [RUNQC_UG_LOG_DIR + ""/ultima_run_qc_report.done""]'""'""''""'""''""'""'
ug_metrics_new = '""'""''""'""''""'""'RUNQC_UG_DEMUX_MULTIQC_HTML = RUNQC_UG_ROOT + ""/ultima_demux_fastq.multiqc.html""
RUNQC_UG_METRICS_PATH = (
    RUNQC_UG_CONTEXT.get(""METRICS_PATH"", """")
    if RUNQC_UG_CONTEXT is not None
    else _runqc_text(RUNQC_UG_CFG, ""metrics_path"")
)
RUNQC_UG_REPORT_INPUTS = [RUNQC_UG_LOG_DIR + ""/ultima_run_qc_report.done""]'""'""''""'""''""'""'
ug_param_old = '""'""''""'""''""'""'    params:
        metrics_path=_runqc_text(RUNQC_UG_CFG, ""metrics_path""),
        run_s3_uri=RUNQC_UG_RUN_S3_URI,'""'""''""'""''""'""'
ug_param_new = '""'""''""'""''""'""'    params:
        metrics_path=RUNQC_UG_METRICS_PATH,
        run_s3_uri=RUNQC_UG_RUN_S3_URI,'""'""''""'""''""'""'

edits = {
    ""bin/day_run"": [
        (
            ""export TMPDIR=$(yq -r '""'""'.daylily.sentieon_tmpdir'""'""' \""$CONFIG_FILE\"")"",
            ""export TMPDIR=\""${DAYOA_RUNTIME_TMPDIR:-$(yq -r '""'""'.daylily.sentieon_tmpdir'""'""' \""$CONFIG_FILE\"")}\"""",
        ),
    ],
    ""bin/day_activate"": [
        (
            ""    export TMPDIR=$SENTIEON_TMPDIR"",
            ""    export TMPDIR=\""${DAYOA_RUNTIME_TMPDIR:-$SENTIEON_TMPDIR}\"""",
        ),
    ],
    ""workflow/rules/common.smk"": [
        (common_old, common_new),
    ],
    ""workflow/rules/run_qc_reports.smk"": [
        (ug_metrics_old, ug_metrics_new),
        (ug_param_old, ug_param_new),
    ],
}
changed = []
for name, replacements in edits.items():
    path = Path(name)
    if not path.is_file():
        raise SystemExit(f""[DYEC] missing DayOA launch script: {name}"")
    text = path.read_text()
    for old, new in replacements:
        if old in text:
            text = text.replace(old, new)
            changed.append(name)
        elif new not in text:
            raise SystemExit(f""[DYEC] expected TMPDIR assignment not found in {name}"")
    path.write_text(text)
print(""[DYEC] DayOA runtime TMPDIR override patch:"", "","".join(sorted(set(changed))) or ""already-applied"")'; dy-r produce_alignstats produce_na_dedup_cram produce_sentD_vcf -j 300 -p -k -T 0; workflow_rc=$?; dyec analysis lock release --analysis-root ""$analysis_root"" --human-requestor jmajor --note ""workflow exit $workflow_rc""; exit $workflow_rc",s3://lsmc-ssf-sequencing-data/derived/jul8itelx4/command_catalog_results/10.0.70-20260708T142032Z/ubuntu/ccv_live_roche_snv_alignstats_20260708T152112Z/
10,Agent 10,hybrid_ilmn_ont_snv,prod,sample_analysis,sample_manifest,default_reads_slim,hg38_broad,10.0.70,False,ccv_live_hybrid_ilmn_ont_snv_20260708T152112Z,ccv_live_hybrid_ilmn_ont_snv_20260708T152112Z,"dy-r produce_snv_concordances produce_sentdhiomr_sv produce_sentdhiomr_snv_vcf --config 'dedupers=[""na""]' -j 300 -p -k -T 0","export DAYOA_AGENT_ID=dyec-jul8itelx4-agent10-20260708T152112Z; export DAYOA_AGENT_KIND=dyec-cli; export DAYOA_HUMAN_REQUESTOR=jmajor; export DAYOA_TMUX_SESSION=ccv_live_hybrid_ilmn_ont_snv_20260708T152112Z; export DAYOA_LEDGER_PATH=/Users/jmajor/projects/lsmc/daylily-ephemeral-cluster/docs/plans/20260708T142032Z_intel_catalog_bjuice_jul8itelx4_dyec_10_0_118_ledger.md; export DAYOA_RUNTIME_TMPDIR=/tmp/dayoa-conda-tmp-ccv_live_hybrid_ilmn_ont_snv_20260708T152112Z; mkdir -p ""$DAYOA_RUNTIME_TMPDIR"" ""$DAYOA_RUNTIME_TMPDIR/pip-cache"" ""$DAYOA_RUNTIME_TMPDIR/xdg-cache"" ""$DAYOA_RUNTIME_TMPDIR/pip-build-tracker""; export TMPDIR=""$DAYOA_RUNTIME_TMPDIR""; export TEMP=""$DAYOA_RUNTIME_TMPDIR""; export TMP=""$DAYOA_RUNTIME_TMPDIR""; export PIP_CACHE_DIR=""$DAYOA_RUNTIME_TMPDIR/pip-cache""; export XDG_CACHE_HOME=""$DAYOA_RUNTIME_TMPDIR/xdg-cache""; export PIP_BUILD_TRACKER=""$DAYOA_RUNTIME_TMPDIR/pip-build-tracker""; analysis_root=$(dirname ""$DAYLILY_REPO_PATH""); dyec analysis visit --analysis-root ""$analysis_root"" --mode write --intent 'DYEC catalog hybrid_ilmn_ont_snv live run on jul8itelx4' --human-requestor jmajor; dyec analysis lock acquire --analysis-root ""$analysis_root"" --operation write --intent 'DYEC catalog hybrid_ilmn_ont_snv live run on jul8itelx4' --human-requestor jmajor --command-summary hybrid_ilmn_ont_snv; python3 -c 'from pathlib import Path

common_old = '""'""''""'""''""'""'def _normalize_run_context_row(row):
    normalized = {column: str(row.get(column, """") or """").strip() for column in RUN_CONTEXT_REQUIRED_COLUMNS}'""'""''""'""''""'""'
common_new = '""'""''""'""''""'""'def _normalize_run_context_row(row):
    normalized = {str(column): str(value or """").strip() for column, value in row.items()}
    for column in RUN_CONTEXT_REQUIRED_COLUMNS:
        normalized[column] = str(row.get(column, """") or """").strip()'""'""''""'""''""'""'
ug_metrics_old = '""'""''""'""''""'""'RUNQC_UG_DEMUX_MULTIQC_HTML = RUNQC_UG_ROOT + ""/ultima_demux_fastq.multiqc.html""
RUNQC_UG_REPORT_INPUTS = [RUNQC_UG_LOG_DIR + ""/ultima_run_qc_report.done""]'""'""''""'""''""'""'
ug_metrics_new = '""'""''""'""''""'""'RUNQC_UG_DEMUX_MULTIQC_HTML = RUNQC_UG_ROOT + ""/ultima_demux_fastq.multiqc.html""
RUNQC_UG_METRICS_PATH = (
    RUNQC_UG_CONTEXT.get(""METRICS_PATH"", """")
    if RUNQC_UG_CONTEXT is not None
    else _runqc_text(RUNQC_UG_CFG, ""metrics_path"")
)
RUNQC_UG_REPORT_INPUTS = [RUNQC_UG_LOG_DIR + ""/ultima_run_qc_report.done""]'""'""''""'""''""'""'
ug_param_old = '""'""''""'""''""'""'    params:
        metrics_path=_runqc_text(RUNQC_UG_CFG, ""metrics_path""),
        run_s3_uri=RUNQC_UG_RUN_S3_URI,'""'""''""'""''""'""'
ug_param_new = '""'""''""'""''""'""'    params:
        metrics_path=RUNQC_UG_METRICS_PATH,
        run_s3_uri=RUNQC_UG_RUN_S3_URI,'""'""''""'""''""'""'

edits = {
    ""bin/day_run"": [
        (
            ""export TMPDIR=$(yq -r '""'""'.daylily.sentieon_tmpdir'""'""' \""$CONFIG_FILE\"")"",
            ""export TMPDIR=\""${DAYOA_RUNTIME_TMPDIR:-$(yq -r '""'""'.daylily.sentieon_tmpdir'""'""' \""$CONFIG_FILE\"")}\"""",
        ),
    ],
    ""bin/day_activate"": [
        (
            ""    export TMPDIR=$SENTIEON_TMPDIR"",
            ""    export TMPDIR=\""${DAYOA_RUNTIME_TMPDIR:-$SENTIEON_TMPDIR}\"""",
        ),
    ],
    ""workflow/rules/common.smk"": [
        (common_old, common_new),
    ],
    ""workflow/rules/run_qc_reports.smk"": [
        (ug_metrics_old, ug_metrics_new),
        (ug_param_old, ug_param_new),
    ],
}
changed = []
for name, replacements in edits.items():
    path = Path(name)
    if not path.is_file():
        raise SystemExit(f""[DYEC] missing DayOA launch script: {name}"")
    text = path.read_text()
    for old, new in replacements:
        if old in text:
            text = text.replace(old, new)
            changed.append(name)
        elif new not in text:
            raise SystemExit(f""[DYEC] expected TMPDIR assignment not found in {name}"")
    path.write_text(text)
print(""[DYEC] DayOA runtime TMPDIR override patch:"", "","".join(sorted(set(changed))) or ""already-applied"")'; dy-r produce_snv_concordances produce_sentdhiomr_sv produce_sentdhiomr_snv_vcf --config 'dedupers=[""na""]' -j 300 -p -k -T 0; workflow_rc=$?; dyec analysis lock release --analysis-root ""$analysis_root"" --human-requestor jmajor --note ""workflow exit $workflow_rc""; exit $workflow_rc",s3://lsmc-ssf-sequencing-data/derived/jul8itelx4/command_catalog_results/10.0.70-20260708T142032Z/ubuntu/ccv_live_hybrid_ilmn_ont_snv_20260708T152112Z/
11,Agent 11,hybrid_ilmn_ont_snv_kitchensink,prod,sample_analysis,sample_manifest,default_reads_slim,hg38_broad,10.0.70,False,ccv_live_hybrid_ilmn_ont_snv_kitchensink_20260708T152112Z,ccv_live_hybrid_ilmn_ont_snv_kitchensink_20260708T152112Z,"dy-r produce_snv_concordances produce_sentdhiomr_sv produce_sentdhiomr_snv_vcf produce_relatedness produce_vep produce_multiqc_all --config 'dedupers=[""na""]' 'multiqc_qc={""enable_tools"":[""vep""]}' -j 300 -p -k -T 0","export DAYOA_AGENT_ID=dyec-jul8itelx4-agent11-20260708T152112Z; export DAYOA_AGENT_KIND=dyec-cli; export DAYOA_HUMAN_REQUESTOR=jmajor; export DAYOA_TMUX_SESSION=ccv_live_hybrid_ilmn_ont_snv_kitchensink_20260708T152112Z; export DAYOA_LEDGER_PATH=/Users/jmajor/projects/lsmc/daylily-ephemeral-cluster/docs/plans/20260708T142032Z_intel_catalog_bjuice_jul8itelx4_dyec_10_0_118_ledger.md; export DAYOA_RUNTIME_TMPDIR=/tmp/dayoa-conda-tmp-ccv_live_hybrid_ilmn_ont_snv_kitchensink_20260708T152112Z; mkdir -p ""$DAYOA_RUNTIME_TMPDIR"" ""$DAYOA_RUNTIME_TMPDIR/pip-cache"" ""$DAYOA_RUNTIME_TMPDIR/xdg-cache"" ""$DAYOA_RUNTIME_TMPDIR/pip-build-tracker""; export TMPDIR=""$DAYOA_RUNTIME_TMPDIR""; export TEMP=""$DAYOA_RUNTIME_TMPDIR""; export TMP=""$DAYOA_RUNTIME_TMPDIR""; export PIP_CACHE_DIR=""$DAYOA_RUNTIME_TMPDIR/pip-cache""; export XDG_CACHE_HOME=""$DAYOA_RUNTIME_TMPDIR/xdg-cache""; export PIP_BUILD_TRACKER=""$DAYOA_RUNTIME_TMPDIR/pip-build-tracker""; analysis_root=$(dirname ""$DAYLILY_REPO_PATH""); dyec analysis visit --analysis-root ""$analysis_root"" --mode write --intent 'DYEC catalog hybrid_ilmn_ont_snv_kitchensink live run on jul8itelx4' --human-requestor jmajor; dyec analysis lock acquire --analysis-root ""$analysis_root"" --operation write --intent 'DYEC catalog hybrid_ilmn_ont_snv_kitchensink live run on jul8itelx4' --human-requestor jmajor --command-summary hybrid_ilmn_ont_snv_kitchensink; python3 -c 'from pathlib import Path

common_old = '""'""''""'""''""'""'def _normalize_run_context_row(row):
    normalized = {column: str(row.get(column, """") or """").strip() for column in RUN_CONTEXT_REQUIRED_COLUMNS}'""'""''""'""''""'""'
common_new = '""'""''""'""''""'""'def _normalize_run_context_row(row):
    normalized = {str(column): str(value or """").strip() for column, value in row.items()}
    for column in RUN_CONTEXT_REQUIRED_COLUMNS:
        normalized[column] = str(row.get(column, """") or """").strip()'""'""''""'""''""'""'
ug_metrics_old = '""'""''""'""''""'""'RUNQC_UG_DEMUX_MULTIQC_HTML = RUNQC_UG_ROOT + ""/ultima_demux_fastq.multiqc.html""
RUNQC_UG_REPORT_INPUTS = [RUNQC_UG_LOG_DIR + ""/ultima_run_qc_report.done""]'""'""''""'""''""'""'
ug_metrics_new = '""'""''""'""''""'""'RUNQC_UG_DEMUX_MULTIQC_HTML = RUNQC_UG_ROOT + ""/ultima_demux_fastq.multiqc.html""
RUNQC_UG_METRICS_PATH = (
    RUNQC_UG_CONTEXT.get(""METRICS_PATH"", """")
    if RUNQC_UG_CONTEXT is not None
    else _runqc_text(RUNQC_UG_CFG, ""metrics_path"")
)
RUNQC_UG_REPORT_INPUTS = [RUNQC_UG_LOG_DIR + ""/ultima_run_qc_report.done""]'""'""''""'""''""'""'
ug_param_old = '""'""''""'""''""'""'    params:
        metrics_path=_runqc_text(RUNQC_UG_CFG, ""metrics_path""),
        run_s3_uri=RUNQC_UG_RUN_S3_URI,'""'""''""'""''""'""'
ug_param_new = '""'""''""'""''""'""'    params:
        metrics_path=RUNQC_UG_METRICS_PATH,
        run_s3_uri=RUNQC_UG_RUN_S3_URI,'""'""''""'""''""'""'

edits = {
    ""bin/day_run"": [
        (
            ""export TMPDIR=$(yq -r '""'""'.daylily.sentieon_tmpdir'""'""' \""$CONFIG_FILE\"")"",
            ""export TMPDIR=\""${DAYOA_RUNTIME_TMPDIR:-$(yq -r '""'""'.daylily.sentieon_tmpdir'""'""' \""$CONFIG_FILE\"")}\"""",
        ),
    ],
    ""bin/day_activate"": [
        (
            ""    export TMPDIR=$SENTIEON_TMPDIR"",
            ""    export TMPDIR=\""${DAYOA_RUNTIME_TMPDIR:-$SENTIEON_TMPDIR}\"""",
        ),
    ],
    ""workflow/rules/common.smk"": [
        (common_old, common_new),
    ],
    ""workflow/rules/run_qc_reports.smk"": [
        (ug_metrics_old, ug_metrics_new),
        (ug_param_old, ug_param_new),
    ],
}
changed = []
for name, replacements in edits.items():
    path = Path(name)
    if not path.is_file():
        raise SystemExit(f""[DYEC] missing DayOA launch script: {name}"")
    text = path.read_text()
    for old, new in replacements:
        if old in text:
            text = text.replace(old, new)
            changed.append(name)
        elif new not in text:
            raise SystemExit(f""[DYEC] expected TMPDIR assignment not found in {name}"")
    path.write_text(text)
print(""[DYEC] DayOA runtime TMPDIR override patch:"", "","".join(sorted(set(changed))) or ""already-applied"")'; dy-r produce_snv_concordances produce_sentdhiomr_sv produce_sentdhiomr_snv_vcf produce_relatedness produce_vep produce_multiqc_all --config 'dedupers=[""na""]' 'multiqc_qc={""enable_tools"":[""vep""]}' -j 300 -p -k -T 0; workflow_rc=$?; dyec analysis lock release --analysis-root ""$analysis_root"" --human-requestor jmajor --note ""workflow exit $workflow_rc""; exit $workflow_rc",s3://lsmc-ssf-sequencing-data/derived/jul8itelx4/command_catalog_results/10.0.70-20260708T142032Z/ubuntu/ccv_live_hybrid_ilmn_ont_snv_kitchensink_20260708T152112Z/
12,Agent 12,inflection-bjuice-product-v0.1,dev,sample_analysis,sample_manifest,default_reads_slim,hg38_broad,10.0.70,False,ccv_live_inflection_bjuice_product_v0_1_20260708T152112Z,ccv_live_inflection_bjuice_product_v0_1_20260708T152112Z,"dy-r produce_sent_align produce_dmd_dedup_cram produce_sentdhiomr_snv_vcf produce_sentdhiomr_sv produce_sentdhiomr_cnv produce_sentdhiomr_segdup produce_sentdhiomr_mito produce_expansionhunter produce_alignstats --config 'aligners=[""sent""]' 'dedupers=[""dmd"",""na""]' 'snv_callers=[""sentdhiomr""]' 'sv_callers=[""sentdhiomr""]' 'sentdhiomr={""segdup_genes"":""CYP11B1,NCF1,SMN1""}' --rerun-triggers mtime -j 300 -p -k -T 0","export DAYOA_AGENT_ID=dyec-jul8itelx4-agent12-20260708T152112Z; export DAYOA_AGENT_KIND=dyec-cli; export DAYOA_HUMAN_REQUESTOR=jmajor; export DAYOA_TMUX_SESSION=ccv_live_inflection_bjuice_product_v0_1_20260708T152112Z; export DAYOA_LEDGER_PATH=/Users/jmajor/projects/lsmc/daylily-ephemeral-cluster/docs/plans/20260708T142032Z_intel_catalog_bjuice_jul8itelx4_dyec_10_0_118_ledger.md; export DAYOA_RUNTIME_TMPDIR=/tmp/dayoa-conda-tmp-ccv_live_inflection_bjuice_product_v0_1_20260708T152112Z; mkdir -p ""$DAYOA_RUNTIME_TMPDIR"" ""$DAYOA_RUNTIME_TMPDIR/pip-cache"" ""$DAYOA_RUNTIME_TMPDIR/xdg-cache"" ""$DAYOA_RUNTIME_TMPDIR/pip-build-tracker""; export TMPDIR=""$DAYOA_RUNTIME_TMPDIR""; export TEMP=""$DAYOA_RUNTIME_TMPDIR""; export TMP=""$DAYOA_RUNTIME_TMPDIR""; export PIP_CACHE_DIR=""$DAYOA_RUNTIME_TMPDIR/pip-cache""; export XDG_CACHE_HOME=""$DAYOA_RUNTIME_TMPDIR/xdg-cache""; export PIP_BUILD_TRACKER=""$DAYOA_RUNTIME_TMPDIR/pip-build-tracker""; analysis_root=$(dirname ""$DAYLILY_REPO_PATH""); dyec analysis visit --analysis-root ""$analysis_root"" --mode write --intent 'DYEC catalog inflection-bjuice-product-v0.1 live run on jul8itelx4' --human-requestor jmajor; dyec analysis lock acquire --analysis-root ""$analysis_root"" --operation write --intent 'DYEC catalog inflection-bjuice-product-v0.1 live run on jul8itelx4' --human-requestor jmajor --command-summary inflection-bjuice-product-v0.1; python3 -c 'from pathlib import Path

common_old = '""'""''""'""''""'""'def _normalize_run_context_row(row):
    normalized = {column: str(row.get(column, """") or """").strip() for column in RUN_CONTEXT_REQUIRED_COLUMNS}'""'""''""'""''""'""'
common_new = '""'""''""'""''""'""'def _normalize_run_context_row(row):
    normalized = {str(column): str(value or """").strip() for column, value in row.items()}
    for column in RUN_CONTEXT_REQUIRED_COLUMNS:
        normalized[column] = str(row.get(column, """") or """").strip()'""'""''""'""''""'""'
ug_metrics_old = '""'""''""'""''""'""'RUNQC_UG_DEMUX_MULTIQC_HTML = RUNQC_UG_ROOT + ""/ultima_demux_fastq.multiqc.html""
RUNQC_UG_REPORT_INPUTS = [RUNQC_UG_LOG_DIR + ""/ultima_run_qc_report.done""]'""'""''""'""''""'""'
ug_metrics_new = '""'""''""'""''""'""'RUNQC_UG_DEMUX_MULTIQC_HTML = RUNQC_UG_ROOT + ""/ultima_demux_fastq.multiqc.html""
RUNQC_UG_METRICS_PATH = (
    RUNQC_UG_CONTEXT.get(""METRICS_PATH"", """")
    if RUNQC_UG_CONTEXT is not None
    else _runqc_text(RUNQC_UG_CFG, ""metrics_path"")
)
RUNQC_UG_REPORT_INPUTS = [RUNQC_UG_LOG_DIR + ""/ultima_run_qc_report.done""]'""'""''""'""''""'""'
ug_param_old = '""'""''""'""''""'""'    params:
        metrics_path=_runqc_text(RUNQC_UG_CFG, ""metrics_path""),
        run_s3_uri=RUNQC_UG_RUN_S3_URI,'""'""''""'""''""'""'
ug_param_new = '""'""''""'""''""'""'    params:
        metrics_path=RUNQC_UG_METRICS_PATH,
        run_s3_uri=RUNQC_UG_RUN_S3_URI,'""'""''""'""''""'""'

edits = {
    ""bin/day_run"": [
        (
            ""export TMPDIR=$(yq -r '""'""'.daylily.sentieon_tmpdir'""'""' \""$CONFIG_FILE\"")"",
            ""export TMPDIR=\""${DAYOA_RUNTIME_TMPDIR:-$(yq -r '""'""'.daylily.sentieon_tmpdir'""'""' \""$CONFIG_FILE\"")}\"""",
        ),
    ],
    ""bin/day_activate"": [
        (
            ""    export TMPDIR=$SENTIEON_TMPDIR"",
            ""    export TMPDIR=\""${DAYOA_RUNTIME_TMPDIR:-$SENTIEON_TMPDIR}\"""",
        ),
    ],
    ""workflow/rules/common.smk"": [
        (common_old, common_new),
    ],
    ""workflow/rules/run_qc_reports.smk"": [
        (ug_metrics_old, ug_metrics_new),
        (ug_param_old, ug_param_new),
    ],
}
changed = []
for name, replacements in edits.items():
    path = Path(name)
    if not path.is_file():
        raise SystemExit(f""[DYEC] missing DayOA launch script: {name}"")
    text = path.read_text()
    for old, new in replacements:
        if old in text:
            text = text.replace(old, new)
            changed.append(name)
        elif new not in text:
            raise SystemExit(f""[DYEC] expected TMPDIR assignment not found in {name}"")
    path.write_text(text)
print(""[DYEC] DayOA runtime TMPDIR override patch:"", "","".join(sorted(set(changed))) or ""already-applied"")'; dy-r produce_sent_align produce_dmd_dedup_cram produce_sentdhiomr_snv_vcf produce_sentdhiomr_sv produce_sentdhiomr_cnv produce_sentdhiomr_segdup produce_sentdhiomr_mito produce_expansionhunter produce_alignstats --config 'aligners=[""sent""]' 'dedupers=[""dmd"",""na""]' 'snv_callers=[""sentdhiomr""]' 'sv_callers=[""sentdhiomr""]' 'sentdhiomr={""segdup_genes"":""CYP11B1,NCF1,SMN1""}' --rerun-triggers mtime -j 300 -p -k -T 0; workflow_rc=$?; dyec analysis lock release --analysis-root ""$analysis_root"" --human-requestor jmajor --note ""workflow exit $workflow_rc""; exit $workflow_rc",s3://lsmc-ssf-sequencing-data/derived/jul8itelx4/command_catalog_results/10.0.70-20260708T142032Z/ubuntu/ccv_live_inflection_bjuice_product_v0_1_20260708T152112Z/
13,Agent 13,illumina_run_qc,prod,run_analysis,run_context,illumina_run_directory,hg38_broad,10.0.70,True,ccv_live_illumina_run_qc_20260708T152112Z,ccv_live_illumina_run_qc_20260708T152112Z,dy-r produce_illumina_run_qc --config run_context_file=config/runs.tsv samples_table=.test_data/data/samples.tsv units_table=.test_data/data/units.tsv -j 300 -p -k -T 0,"export DAYOA_AGENT_ID=dyec-jul8itelx4-agent13-20260708T152112Z; export DAYOA_AGENT_KIND=dyec-cli; export DAYOA_HUMAN_REQUESTOR=jmajor; export DAYOA_TMUX_SESSION=ccv_live_illumina_run_qc_20260708T152112Z; export DAYOA_LEDGER_PATH=/Users/jmajor/projects/lsmc/daylily-ephemeral-cluster/docs/plans/20260708T142032Z_intel_catalog_bjuice_jul8itelx4_dyec_10_0_118_ledger.md; export DAYOA_RUNTIME_TMPDIR=/tmp/dayoa-conda-tmp-ccv_live_illumina_run_qc_20260708T152112Z; mkdir -p ""$DAYOA_RUNTIME_TMPDIR"" ""$DAYOA_RUNTIME_TMPDIR/pip-cache"" ""$DAYOA_RUNTIME_TMPDIR/xdg-cache"" ""$DAYOA_RUNTIME_TMPDIR/pip-build-tracker""; export TMPDIR=""$DAYOA_RUNTIME_TMPDIR""; export TEMP=""$DAYOA_RUNTIME_TMPDIR""; export TMP=""$DAYOA_RUNTIME_TMPDIR""; export PIP_CACHE_DIR=""$DAYOA_RUNTIME_TMPDIR/pip-cache""; export XDG_CACHE_HOME=""$DAYOA_RUNTIME_TMPDIR/xdg-cache""; export PIP_BUILD_TRACKER=""$DAYOA_RUNTIME_TMPDIR/pip-build-tracker""; analysis_root=$(dirname ""$DAYLILY_REPO_PATH""); dyec analysis visit --analysis-root ""$analysis_root"" --mode write --intent 'DYEC catalog illumina_run_qc live run on jul8itelx4' --human-requestor jmajor; dyec analysis lock acquire --analysis-root ""$analysis_root"" --operation write --intent 'DYEC catalog illumina_run_qc live run on jul8itelx4' --human-requestor jmajor --command-summary illumina_run_qc; python3 -c 'from pathlib import Path

common_old = '""'""''""'""''""'""'def _normalize_run_context_row(row):
    normalized = {column: str(row.get(column, """") or """").strip() for column in RUN_CONTEXT_REQUIRED_COLUMNS}'""'""''""'""''""'""'
common_new = '""'""''""'""''""'""'def _normalize_run_context_row(row):
    normalized = {str(column): str(value or """").strip() for column, value in row.items()}
    for column in RUN_CONTEXT_REQUIRED_COLUMNS:
        normalized[column] = str(row.get(column, """") or """").strip()'""'""''""'""''""'""'
ug_metrics_old = '""'""''""'""''""'""'RUNQC_UG_DEMUX_MULTIQC_HTML = RUNQC_UG_ROOT + ""/ultima_demux_fastq.multiqc.html""
RUNQC_UG_REPORT_INPUTS = [RUNQC_UG_LOG_DIR + ""/ultima_run_qc_report.done""]'""'""''""'""''""'""'
ug_metrics_new = '""'""''""'""''""'""'RUNQC_UG_DEMUX_MULTIQC_HTML = RUNQC_UG_ROOT + ""/ultima_demux_fastq.multiqc.html""
RUNQC_UG_METRICS_PATH = (
    RUNQC_UG_CONTEXT.get(""METRICS_PATH"", """")
    if RUNQC_UG_CONTEXT is not None
    else _runqc_text(RUNQC_UG_CFG, ""metrics_path"")
)
RUNQC_UG_REPORT_INPUTS = [RUNQC_UG_LOG_DIR + ""/ultima_run_qc_report.done""]'""'""''""'""''""'""'
ug_param_old = '""'""''""'""''""'""'    params:
        metrics_path=_runqc_text(RUNQC_UG_CFG, ""metrics_path""),
        run_s3_uri=RUNQC_UG_RUN_S3_URI,'""'""''""'""''""'""'
ug_param_new = '""'""''""'""''""'""'    params:
        metrics_path=RUNQC_UG_METRICS_PATH,
        run_s3_uri=RUNQC_UG_RUN_S3_URI,'""'""''""'""''""'""'

edits = {
    ""bin/day_run"": [
        (
            ""export TMPDIR=$(yq -r '""'""'.daylily.sentieon_tmpdir'""'""' \""$CONFIG_FILE\"")"",
            ""export TMPDIR=\""${DAYOA_RUNTIME_TMPDIR:-$(yq -r '""'""'.daylily.sentieon_tmpdir'""'""' \""$CONFIG_FILE\"")}\"""",
        ),
    ],
    ""bin/day_activate"": [
        (
            ""    export TMPDIR=$SENTIEON_TMPDIR"",
            ""    export TMPDIR=\""${DAYOA_RUNTIME_TMPDIR:-$SENTIEON_TMPDIR}\"""",
        ),
    ],
    ""workflow/rules/common.smk"": [
        (common_old, common_new),
    ],
    ""workflow/rules/run_qc_reports.smk"": [
        (ug_metrics_old, ug_metrics_new),
        (ug_param_old, ug_param_new),
    ],
}
changed = []
for name, replacements in edits.items():
    path = Path(name)
    if not path.is_file():
        raise SystemExit(f""[DYEC] missing DayOA launch script: {name}"")
    text = path.read_text()
    for old, new in replacements:
        if old in text:
            text = text.replace(old, new)
            changed.append(name)
        elif new not in text:
            raise SystemExit(f""[DYEC] expected TMPDIR assignment not found in {name}"")
    path.write_text(text)
print(""[DYEC] DayOA runtime TMPDIR override patch:"", "","".join(sorted(set(changed))) or ""already-applied"")'; dy-r produce_illumina_run_qc --config run_context_file=config/runs.tsv samples_table=.test_data/data/samples.tsv units_table=.test_data/data/units.tsv -j 300 -p -k -T 0; workflow_rc=$?; dyec analysis lock release --analysis-root ""$analysis_root"" --human-requestor jmajor --note ""workflow exit $workflow_rc""; exit $workflow_rc",s3://lsmc-ssf-sequencing-data/derived/jul8itelx4/command_catalog_results/10.0.70-20260708T142032Z/ubuntu/ccv_live_illumina_run_qc_20260708T152112Z/
14,Agent 14,ont_run_qc,prod,run_analysis,run_context,ont_run_directory,hg38_broad,10.0.70,True,ccv_live_ont_run_qc_20260708T152112Z,ccv_live_ont_run_qc_20260708T152112Z,dy-r produce_ont_run_qc --config run_context_file=config/runs.tsv samples_table=.test_data/data/samples.tsv units_table=.test_data/data/units.tsv -j 300 -p -k -T 0,"export DAYOA_AGENT_ID=dyec-jul8itelx4-agent14-20260708T152112Z; export DAYOA_AGENT_KIND=dyec-cli; export DAYOA_HUMAN_REQUESTOR=jmajor; export DAYOA_TMUX_SESSION=ccv_live_ont_run_qc_20260708T152112Z; export DAYOA_LEDGER_PATH=/Users/jmajor/projects/lsmc/daylily-ephemeral-cluster/docs/plans/20260708T142032Z_intel_catalog_bjuice_jul8itelx4_dyec_10_0_118_ledger.md; export DAYOA_RUNTIME_TMPDIR=/tmp/dayoa-conda-tmp-ccv_live_ont_run_qc_20260708T152112Z; mkdir -p ""$DAYOA_RUNTIME_TMPDIR"" ""$DAYOA_RUNTIME_TMPDIR/pip-cache"" ""$DAYOA_RUNTIME_TMPDIR/xdg-cache"" ""$DAYOA_RUNTIME_TMPDIR/pip-build-tracker""; export TMPDIR=""$DAYOA_RUNTIME_TMPDIR""; export TEMP=""$DAYOA_RUNTIME_TMPDIR""; export TMP=""$DAYOA_RUNTIME_TMPDIR""; export PIP_CACHE_DIR=""$DAYOA_RUNTIME_TMPDIR/pip-cache""; export XDG_CACHE_HOME=""$DAYOA_RUNTIME_TMPDIR/xdg-cache""; export PIP_BUILD_TRACKER=""$DAYOA_RUNTIME_TMPDIR/pip-build-tracker""; analysis_root=$(dirname ""$DAYLILY_REPO_PATH""); dyec analysis visit --analysis-root ""$analysis_root"" --mode write --intent 'DYEC catalog ont_run_qc live run on jul8itelx4' --human-requestor jmajor; dyec analysis lock acquire --analysis-root ""$analysis_root"" --operation write --intent 'DYEC catalog ont_run_qc live run on jul8itelx4' --human-requestor jmajor --command-summary ont_run_qc; python3 -c 'from pathlib import Path

common_old = '""'""''""'""''""'""'def _normalize_run_context_row(row):
    normalized = {column: str(row.get(column, """") or """").strip() for column in RUN_CONTEXT_REQUIRED_COLUMNS}'""'""''""'""''""'""'
common_new = '""'""''""'""''""'""'def _normalize_run_context_row(row):
    normalized = {str(column): str(value or """").strip() for column, value in row.items()}
    for column in RUN_CONTEXT_REQUIRED_COLUMNS:
        normalized[column] = str(row.get(column, """") or """").strip()'""'""''""'""''""'""'
ug_metrics_old = '""'""''""'""''""'""'RUNQC_UG_DEMUX_MULTIQC_HTML = RUNQC_UG_ROOT + ""/ultima_demux_fastq.multiqc.html""
RUNQC_UG_REPORT_INPUTS = [RUNQC_UG_LOG_DIR + ""/ultima_run_qc_report.done""]'""'""''""'""''""'""'
ug_metrics_new = '""'""''""'""''""'""'RUNQC_UG_DEMUX_MULTIQC_HTML = RUNQC_UG_ROOT + ""/ultima_demux_fastq.multiqc.html""
RUNQC_UG_METRICS_PATH = (
    RUNQC_UG_CONTEXT.get(""METRICS_PATH"", """")
    if RUNQC_UG_CONTEXT is not None
    else _runqc_text(RUNQC_UG_CFG, ""metrics_path"")
)
RUNQC_UG_REPORT_INPUTS = [RUNQC_UG_LOG_DIR + ""/ultima_run_qc_report.done""]'""'""''""'""''""'""'
ug_param_old = '""'""''""'""''""'""'    params:
        metrics_path=_runqc_text(RUNQC_UG_CFG, ""metrics_path""),
        run_s3_uri=RUNQC_UG_RUN_S3_URI,'""'""''""'""''""'""'
ug_param_new = '""'""''""'""''""'""'    params:
        metrics_path=RUNQC_UG_METRICS_PATH,
        run_s3_uri=RUNQC_UG_RUN_S3_URI,'""'""''""'""''""'""'

edits = {
    ""bin/day_run"": [
        (
            ""export TMPDIR=$(yq -r '""'""'.daylily.sentieon_tmpdir'""'""' \""$CONFIG_FILE\"")"",
            ""export TMPDIR=\""${DAYOA_RUNTIME_TMPDIR:-$(yq -r '""'""'.daylily.sentieon_tmpdir'""'""' \""$CONFIG_FILE\"")}\"""",
        ),
    ],
    ""bin/day_activate"": [
        (
            ""    export TMPDIR=$SENTIEON_TMPDIR"",
            ""    export TMPDIR=\""${DAYOA_RUNTIME_TMPDIR:-$SENTIEON_TMPDIR}\"""",
        ),
    ],
    ""workflow/rules/common.smk"": [
        (common_old, common_new),
    ],
    ""workflow/rules/run_qc_reports.smk"": [
        (ug_metrics_old, ug_metrics_new),
        (ug_param_old, ug_param_new),
    ],
}
changed = []
for name, replacements in edits.items():
    path = Path(name)
    if not path.is_file():
        raise SystemExit(f""[DYEC] missing DayOA launch script: {name}"")
    text = path.read_text()
    for old, new in replacements:
        if old in text:
            text = text.replace(old, new)
            changed.append(name)
        elif new not in text:
            raise SystemExit(f""[DYEC] expected TMPDIR assignment not found in {name}"")
    path.write_text(text)
print(""[DYEC] DayOA runtime TMPDIR override patch:"", "","".join(sorted(set(changed))) or ""already-applied"")'; dy-r produce_ont_run_qc --config run_context_file=config/runs.tsv samples_table=.test_data/data/samples.tsv units_table=.test_data/data/units.tsv -j 300 -p -k -T 0; workflow_rc=$?; dyec analysis lock release --analysis-root ""$analysis_root"" --human-requestor jmajor --note ""workflow exit $workflow_rc""; exit $workflow_rc",s3://lsmc-ssf-sequencing-data/derived/jul8itelx4/command_catalog_results/10.0.70-20260708T142032Z/ubuntu/ccv_live_ont_run_qc_20260708T152112Z/
15,Agent 15,ultima_run_qc,prod,run_analysis,run_context,ultima_run_directory,hg38_broad,10.0.70,True,ccv_live_ultima_run_qc_20260708T163200Z,ccv_live_ultima_run_qc_20260708T163200Z,dy-r produce_ultima_run_qc --config run_context_file=config/runs.tsv samples_table=.test_data/data/samples.tsv units_table=.test_data/data/units.tsv -j 300 -p -k -T 0,"export DAYOA_AGENT_ID=dyec-jul8itelx4-agent15-20260708T163200Z; export DAYOA_AGENT_KIND=dyec-cli; export DAYOA_HUMAN_REQUESTOR=jmajor; export DAYOA_TMUX_SESSION=ccv_live_ultima_run_qc_20260708T163200Z; export DAYOA_LEDGER_PATH=/Users/jmajor/projects/lsmc/daylily-ephemeral-cluster/docs/plans/20260708T142032Z_intel_catalog_bjuice_jul8itelx4_dyec_10_0_118_ledger.md; export DAYOA_RUNTIME_TMPDIR=/tmp/dayoa-conda-tmp-ccv_live_ultima_run_qc_20260708T163200Z; mkdir -p ""$DAYOA_RUNTIME_TMPDIR"" ""$DAYOA_RUNTIME_TMPDIR/pip-cache"" ""$DAYOA_RUNTIME_TMPDIR/xdg-cache"" ""$DAYOA_RUNTIME_TMPDIR/pip-build-tracker""; export TMPDIR=""$DAYOA_RUNTIME_TMPDIR""; export TEMP=""$DAYOA_RUNTIME_TMPDIR""; export TMP=""$DAYOA_RUNTIME_TMPDIR""; export PIP_CACHE_DIR=""$DAYOA_RUNTIME_TMPDIR/pip-cache""; export XDG_CACHE_HOME=""$DAYOA_RUNTIME_TMPDIR/xdg-cache""; export PIP_BUILD_TRACKER=""$DAYOA_RUNTIME_TMPDIR/pip-build-tracker""; analysis_root=$(dirname ""$DAYLILY_REPO_PATH""); dyec analysis visit --analysis-root ""$analysis_root"" --mode write --intent 'DYEC catalog ultima_run_qc live run on jul8itelx4' --human-requestor jmajor; dyec analysis lock acquire --analysis-root ""$analysis_root"" --operation write --intent 'DYEC catalog ultima_run_qc live run on jul8itelx4' --human-requestor jmajor --command-summary ultima_run_qc; python3 -c 'from pathlib import Path

common_old = '""'""''""'""''""'""'def _normalize_run_context_row(row):
    normalized = {column: str(row.get(column, """") or """").strip() for column in RUN_CONTEXT_REQUIRED_COLUMNS}'""'""''""'""''""'""'
common_new = '""'""''""'""''""'""'def _normalize_run_context_row(row):
    normalized = {str(column): str(value or """").strip() for column, value in row.items()}
    for column in RUN_CONTEXT_REQUIRED_COLUMNS:
        normalized[column] = str(row.get(column, """") or """").strip()'""'""''""'""''""'""'
ug_metrics_old = '""'""''""'""''""'""'RUNQC_UG_DEMUX_MULTIQC_HTML = RUNQC_UG_ROOT + ""/ultima_demux_fastq.multiqc.html""
RUNQC_UG_REPORT_INPUTS = [RUNQC_UG_LOG_DIR + ""/ultima_run_qc_report.done""]'""'""''""'""''""'""'
ug_metrics_new = '""'""''""'""''""'""'RUNQC_UG_DEMUX_MULTIQC_HTML = RUNQC_UG_ROOT + ""/ultima_demux_fastq.multiqc.html""
RUNQC_UG_METRICS_PATH = (
    RUNQC_UG_CONTEXT.get(""METRICS_PATH"", """")
    if RUNQC_UG_CONTEXT is not None
    else _runqc_text(RUNQC_UG_CFG, ""metrics_path"")
)
RUNQC_UG_REPORT_INPUTS = [RUNQC_UG_LOG_DIR + ""/ultima_run_qc_report.done""]'""'""''""'""''""'""'
ug_param_old = '""'""''""'""''""'""'    params:
        metrics_path=_runqc_text(RUNQC_UG_CFG, ""metrics_path""),
        run_s3_uri=RUNQC_UG_RUN_S3_URI,'""'""''""'""''""'""'
ug_param_new = '""'""''""'""''""'""'    params:
        metrics_path=RUNQC_UG_METRICS_PATH,
        run_s3_uri=RUNQC_UG_RUN_S3_URI,'""'""''""'""''""'""'

edits = {
    ""bin/day_run"": [
        (
            ""export TMPDIR=$(yq -r '""'""'.daylily.sentieon_tmpdir'""'""' \""$CONFIG_FILE\"")"",
            ""export TMPDIR=\""${DAYOA_RUNTIME_TMPDIR:-$(yq -r '""'""'.daylily.sentieon_tmpdir'""'""' \""$CONFIG_FILE\"")}\"""",
        ),
    ],
    ""bin/day_activate"": [
        (
            ""    export TMPDIR=$SENTIEON_TMPDIR"",
            ""    export TMPDIR=\""${DAYOA_RUNTIME_TMPDIR:-$SENTIEON_TMPDIR}\"""",
        ),
    ],
    ""workflow/rules/common.smk"": [
        (common_old, common_new),
    ],
    ""workflow/rules/run_qc_reports.smk"": [
        (ug_metrics_old, ug_metrics_new),
        (ug_param_old, ug_param_new),
    ],
}
changed = []
for name, replacements in edits.items():
    path = Path(name)
    if not path.is_file():
        raise SystemExit(f""[DYEC] missing DayOA launch script: {name}"")
    text = path.read_text()
    for old, new in replacements:
        if old in text:
            text = text.replace(old, new)
            changed.append(name)
        elif new not in text:
            raise SystemExit(f""[DYEC] expected TMPDIR assignment not found in {name}"")
    path.write_text(text)
print(""[DYEC] DayOA runtime TMPDIR override patch:"", "","".join(sorted(set(changed))) or ""already-applied"")'; dy-r produce_ultima_run_qc --config run_context_file=config/runs.tsv samples_table=.test_data/data/samples.tsv units_table=.test_data/data/units.tsv -j 300 -p -k -T 0; workflow_rc=$?; dyec analysis lock release --analysis-root ""$analysis_root"" --human-requestor jmajor --note ""workflow exit $workflow_rc""; exit $workflow_rc",s3://lsmc-ssf-sequencing-data/derived/jul8itelx4/command_catalog_results/10.0.70-20260708T142032Z/ubuntu/ccv_live_ultima_run_qc_20260708T163200Z/
