sample	aligner	deduper	caller	gene	caller_class	evidence_source	smn1_copy_number	smn2_copy_number	affected_status	carrier_status	confidence	status	discordance_flag	primary_path	output_paths
HYB-4NA-smn12-20260612-NA00232-SMN-chip1-chip2-barcode18-PF-ILMN-NOVASEQ	sentmm2ont	na	hapsma	SMN1/SMN2	long_read_haplotype_dev	ONT_long_read_cram	NA	NA	not_reported	not_reported	7.713221	complete	discordant	results/day/hg38_broad/HYB-4NA-smn12-20260612-NA00232-SMN-chip1-chip2-barcode18-PF-ILMN-NOVASEQ/align/sentmm2ont/na/htd/hapsma/HYB-4NA-smn12-20260612-NA00232-SMN-chip1-chip2-barcode18-PF-ILMN-NOVASEQ.sentmm2ont.na.hapsma.summary.tsv	"[""results/day/hg38_broad/HYB-4NA-smn12-20260612-NA00232-SMN-chip1-chip2-barcode18-PF-ILMN-NOVASEQ/align/sentmm2ont/na/htd/hapsma/HYB-4NA-smn12-20260612-NA00232-SMN-chip1-chip2-barcode18-PF-ILMN-NOVASEQ.sentmm2ont.na.hapsma.done"", ""results/day/hg38_broad/HYB-4NA-smn12-20260612-NA00232-SMN-chip1-chip2-barcode18-PF-ILMN-NOVASEQ/align/sentmm2ont/na/htd/hapsma/HYB-4NA-smn12-20260612-NA00232-SMN-chip1-chip2-barcode18-PF-ILMN-NOVASEQ.sentmm2ont.na.hapsma.summary.tsv""]"
HYB-4NA-smn12-20260612-NA00232-SMN-chip1-chip2-barcode18-PF-ILMN-NOVASEQ	sentmm2ont	na	sentieon_segdup_smn1	SMN1	hybrid_segdup	HiOMR_SR_LR	NA	NA	not_reported	not_reported	NA	complete	discordant	results/day/hg38_broad/HYB-4NA-smn12-20260612-NA00232-SMN-chip1-chip2-barcode18-PF-ILMN-NOVASEQ/align/sentmm2ont/na/segdup/sentdhiomr/results/SMN1/HYB-4NA-smn12-20260612-NA00232-SMN-chip1-chip2-barcode18-PF-ILMN-NOVASEQ.SMN1.yaml	"[""results/day/hg38_broad/HYB-4NA-smn12-20260612-NA00232-SMN-chip1-chip2-barcode18-PF-ILMN-NOVASEQ/align/sentmm2ont/na/segdup/sentdhiomr/HYB-4NA-smn12-20260612-NA00232-SMN-chip1-chip2-barcode18-PF-ILMN-NOVASEQ.sentmm2ont.na.sentdhiomr.segdup.SMN1.done"", ""results/day/hg38_broad/HYB-4NA-smn12-20260612-NA00232-SMN-chip1-chip2-barcode18-PF-ILMN-NOVASEQ/align/sentmm2ont/na/segdup/sentdhiomr/results/SMN1/HYB-4NA-smn12-20260612-NA00232-SMN-chip1-chip2-barcode18-PF-ILMN-NOVASEQ.SMN1.result.vcf.gz"", ""results/day/hg38_broad/HYB-4NA-smn12-20260612-NA00232-SMN-chip1-chip2-barcode18-PF-ILMN-NOVASEQ/align/sentmm2ont/na/segdup/sentdhiomr/results/SMN1/HYB-4NA-smn12-20260612-NA00232-SMN-chip1-chip2-barcode18-PF-ILMN-NOVASEQ.SMN1.result.vcf.gz.tbi"", ""results/day/hg38_broad/HYB-4NA-smn12-20260612-NA00232-SMN-chip1-chip2-barcode18-PF-ILMN-NOVASEQ/align/sentmm2ont/na/segdup/sentdhiomr/results/SMN1/HYB-4NA-smn12-20260612-NA00232-SMN-chip1-chip2-barcode18-PF-ILMN-NOVASEQ.SMN1.yaml""]"
HYB-4NA-smn12-20260612-NA00232-SMN-chip1-chip2-barcode18-PF-ILMN-NOVASEQ	sentmm2ont	na	sma_finder	SMN1/SMN2	affected_status_only	short_read_cram	NA	NA	has SMA	not_reported	13	complete	discordant	results/day/hg38_broad/HYB-4NA-smn12-20260612-NA00232-SMN-chip1-chip2-barcode18-PF-ILMN-NOVASEQ/align/sentmm2ont/na/htd/sma_finder/HYB-4NA-smn12-20260612-NA00232-SMN-chip1-chip2-barcode18-PF-ILMN-NOVASEQ.sentmm2ont.na.sma_finder.summary.tsv	"[""results/day/hg38_broad/HYB-4NA-smn12-20260612-NA00232-SMN-chip1-chip2-barcode18-PF-ILMN-NOVASEQ/align/sentmm2ont/na/htd/sma_finder/HYB-4NA-smn12-20260612-NA00232-SMN-chip1-chip2-barcode18-PF-ILMN-NOVASEQ.sentmm2ont.na.sma_finder.done"", ""results/day/hg38_broad/HYB-4NA-smn12-20260612-NA00232-SMN-chip1-chip2-barcode18-PF-ILMN-NOVASEQ/align/sentmm2ont/na/htd/sma_finder/HYB-4NA-smn12-20260612-NA00232-SMN-chip1-chip2-barcode18-PF-ILMN-NOVASEQ.sentmm2ont.na.sma_finder.summary.json"", ""results/day/hg38_broad/HYB-4NA-smn12-20260612-NA00232-SMN-chip1-chip2-barcode18-PF-ILMN-NOVASEQ/align/sentmm2ont/na/htd/sma_finder/HYB-4NA-smn12-20260612-NA00232-SMN-chip1-chip2-barcode18-PF-ILMN-NOVASEQ.sentmm2ont.na.sma_finder.summary.tsv""]"
HYB-4NA-smn12-20260612-NA00232-SMN-chip1-chip2-barcode18-PF-ILMN-NOVASEQ	sentmm2ont	na	smaca	SMN1/SMN2	copy_number	short_read_cram	NA	NA	NA	NA	NA	complete	discordant	results/day/hg38_broad/HYB-4NA-smn12-20260612-NA00232-SMN-chip1-chip2-barcode18-PF-ILMN-NOVASEQ/align/sentmm2ont/na/htd/smaca/HYB-4NA-smn12-20260612-NA00232-SMN-chip1-chip2-barcode18-PF-ILMN-NOVASEQ.sentmm2ont.na.smaca.summary.tsv	"[""results/day/hg38_broad/HYB-4NA-smn12-20260612-NA00232-SMN-chip1-chip2-barcode18-PF-ILMN-NOVASEQ/align/sentmm2ont/na/htd/smaca/HYB-4NA-smn12-20260612-NA00232-SMN-chip1-chip2-barcode18-PF-ILMN-NOVASEQ.sentmm2ont.na.smaca.done"", ""results/day/hg38_broad/HYB-4NA-smn12-20260612-NA00232-SMN-chip1-chip2-barcode18-PF-ILMN-NOVASEQ/align/sentmm2ont/na/htd/smaca/HYB-4NA-smn12-20260612-NA00232-SMN-chip1-chip2-barcode18-PF-ILMN-NOVASEQ.sentmm2ont.na.smaca.summary.tsv""]"
HYB-4NA-smn12-20260612-NA00232-SMN-chip1-chip2-barcode18-PF-ILMN-NOVASEQ	sentmm2ont	na	smn12	SMN1/SMN2	copy_number	short_read_cram	0	1	True	False	[[0], [0], [0], [0], [0], [0], [0], [0], [0], [0], [0], [0], [0], [0], [0], [0]]	complete	discordant	results/day/hg38_broad/HYB-4NA-smn12-20260612-NA00232-SMN-chip1-chip2-barcode18-PF-ILMN-NOVASEQ/align/sentmm2ont/na/htd/smn12/HYB-4NA-smn12-20260612-NA00232-SMN-chip1-chip2-barcode18-PF-ILMN-NOVASEQ.sentmm2ont.na.smn12.summary.json	"[""results/day/hg38_broad/HYB-4NA-smn12-20260612-NA00232-SMN-chip1-chip2-barcode18-PF-ILMN-NOVASEQ/align/sentmm2ont/na/htd/smn12/HYB-4NA-smn12-20260612-NA00232-SMN-chip1-chip2-barcode18-PF-ILMN-NOVASEQ.sentmm2ont.na.smn12.done"", ""results/day/hg38_broad/HYB-4NA-smn12-20260612-NA00232-SMN-chip1-chip2-barcode18-PF-ILMN-NOVASEQ/align/sentmm2ont/na/htd/smn12/HYB-4NA-smn12-20260612-NA00232-SMN-chip1-chip2-barcode18-PF-ILMN-NOVASEQ.sentmm2ont.na.smn12.summary.json""]"
HYB-4NA-smn12-20260612-NA00232-SMN-chip4-only-sub-for-missing-chip3-barcode18-PF-ILMN-NOVASEQ	sentmm2ont	na	hapsma	SMN1/SMN2	long_read_haplotype_dev	ONT_long_read_cram	NA	NA	not_reported	not_reported	3.318464	complete	discordant	results/day/hg38_broad/HYB-4NA-smn12-20260612-NA00232-SMN-chip4-only-sub-for-missing-chip3-barcode18-PF-ILMN-NOVASEQ/align/sentmm2ont/na/htd/hapsma/HYB-4NA-smn12-20260612-NA00232-SMN-chip4-only-sub-for-missing-chip3-barcode18-PF-ILMN-NOVASEQ.sentmm2ont.na.hapsma.summary.tsv	"[""results/day/hg38_broad/HYB-4NA-smn12-20260612-NA00232-SMN-chip4-only-sub-for-missing-chip3-barcode18-PF-ILMN-NOVASEQ/align/sentmm2ont/na/htd/hapsma/HYB-4NA-smn12-20260612-NA00232-SMN-chip4-only-sub-for-missing-chip3-barcode18-PF-ILMN-NOVASEQ.sentmm2ont.na.hapsma.done"", ""results/day/hg38_broad/HYB-4NA-smn12-20260612-NA00232-SMN-chip4-only-sub-for-missing-chip3-barcode18-PF-ILMN-NOVASEQ/align/sentmm2ont/na/htd/hapsma/HYB-4NA-smn12-20260612-NA00232-SMN-chip4-only-sub-for-missing-chip3-barcode18-PF-ILMN-NOVASEQ.sentmm2ont.na.hapsma.summary.tsv""]"
HYB-4NA-smn12-20260612-NA00232-SMN-chip4-only-sub-for-missing-chip3-barcode18-PF-ILMN-NOVASEQ	sentmm2ont	na	sentieon_segdup_smn1	SMN1	hybrid_segdup	HiOMR_SR_LR	NA	NA	not_reported	not_reported	NA	complete	discordant	results/day/hg38_broad/HYB-4NA-smn12-20260612-NA00232-SMN-chip4-only-sub-for-missing-chip3-barcode18-PF-ILMN-NOVASEQ/align/sentmm2ont/na/segdup/sentdhiomr/results/SMN1/HYB-4NA-smn12-20260612-NA00232-SMN-chip4-only-sub-for-missing-chip3-barcode18-PF-ILMN-NOVASEQ.SMN1.yaml	"[""results/day/hg38_broad/HYB-4NA-smn12-20260612-NA00232-SMN-chip4-only-sub-for-missing-chip3-barcode18-PF-ILMN-NOVASEQ/align/sentmm2ont/na/segdup/sentdhiomr/HYB-4NA-smn12-20260612-NA00232-SMN-chip4-only-sub-for-missing-chip3-barcode18-PF-ILMN-NOVASEQ.sentmm2ont.na.sentdhiomr.segdup.SMN1.done"", ""results/day/hg38_broad/HYB-4NA-smn12-20260612-NA00232-SMN-chip4-only-sub-for-missing-chip3-barcode18-PF-ILMN-NOVASEQ/align/sentmm2ont/na/segdup/sentdhiomr/results/SMN1/HYB-4NA-smn12-20260612-NA00232-SMN-chip4-only-sub-for-missing-chip3-barcode18-PF-ILMN-NOVASEQ.SMN1.result.vcf.gz"", ""results/day/hg38_broad/HYB-4NA-smn12-20260612-NA00232-SMN-chip4-only-sub-for-missing-chip3-barcode18-PF-ILMN-NOVASEQ/align/sentmm2ont/na/segdup/sentdhiomr/results/SMN1/HYB-4NA-smn12-20260612-NA00232-SMN-chip4-only-sub-for-missing-chip3-barcode18-PF-ILMN-NOVASEQ.SMN1.result.vcf.gz.tbi"", ""results/day/hg38_broad/HYB-4NA-smn12-20260612-NA00232-SMN-chip4-only-sub-for-missing-chip3-barcode18-PF-ILMN-NOVASEQ/align/sentmm2ont/na/segdup/sentdhiomr/results/SMN1/HYB-4NA-smn12-20260612-NA00232-SMN-chip4-only-sub-for-missing-chip3-barcode18-PF-ILMN-NOVASEQ.SMN1.yaml""]"
HYB-4NA-smn12-20260612-NA00232-SMN-chip4-only-sub-for-missing-chip3-barcode18-PF-ILMN-NOVASEQ	sentmm2ont	na	sma_finder	SMN1/SMN2	affected_status_only	short_read_cram	NA	NA	has SMA	not_reported	13	complete	discordant	results/day/hg38_broad/HYB-4NA-smn12-20260612-NA00232-SMN-chip4-only-sub-for-missing-chip3-barcode18-PF-ILMN-NOVASEQ/align/sentmm2ont/na/htd/sma_finder/HYB-4NA-smn12-20260612-NA00232-SMN-chip4-only-sub-for-missing-chip3-barcode18-PF-ILMN-NOVASEQ.sentmm2ont.na.sma_finder.summary.tsv	"[""results/day/hg38_broad/HYB-4NA-smn12-20260612-NA00232-SMN-chip4-only-sub-for-missing-chip3-barcode18-PF-ILMN-NOVASEQ/align/sentmm2ont/na/htd/sma_finder/HYB-4NA-smn12-20260612-NA00232-SMN-chip4-only-sub-for-missing-chip3-barcode18-PF-ILMN-NOVASEQ.sentmm2ont.na.sma_finder.done"", ""results/day/hg38_broad/HYB-4NA-smn12-20260612-NA00232-SMN-chip4-only-sub-for-missing-chip3-barcode18-PF-ILMN-NOVASEQ/align/sentmm2ont/na/htd/sma_finder/HYB-4NA-smn12-20260612-NA00232-SMN-chip4-only-sub-for-missing-chip3-barcode18-PF-ILMN-NOVASEQ.sentmm2ont.na.sma_finder.summary.json"", ""results/day/hg38_broad/HYB-4NA-smn12-20260612-NA00232-SMN-chip4-only-sub-for-missing-chip3-barcode18-PF-ILMN-NOVASEQ/align/sentmm2ont/na/htd/sma_finder/HYB-4NA-smn12-20260612-NA00232-SMN-chip4-only-sub-for-missing-chip3-barcode18-PF-ILMN-NOVASEQ.sentmm2ont.na.sma_finder.summary.tsv""]"
HYB-4NA-smn12-20260612-NA00232-SMN-chip4-only-sub-for-missing-chip3-barcode18-PF-ILMN-NOVASEQ	sentmm2ont	na	smaca	SMN1/SMN2	copy_number	short_read_cram	NA	NA	NA	NA	NA	complete	discordant	results/day/hg38_broad/HYB-4NA-smn12-20260612-NA00232-SMN-chip4-only-sub-for-missing-chip3-barcode18-PF-ILMN-NOVASEQ/align/sentmm2ont/na/htd/smaca/HYB-4NA-smn12-20260612-NA00232-SMN-chip4-only-sub-for-missing-chip3-barcode18-PF-ILMN-NOVASEQ.sentmm2ont.na.smaca.summary.tsv	"[""results/day/hg38_broad/HYB-4NA-smn12-20260612-NA00232-SMN-chip4-only-sub-for-missing-chip3-barcode18-PF-ILMN-NOVASEQ/align/sentmm2ont/na/htd/smaca/HYB-4NA-smn12-20260612-NA00232-SMN-chip4-only-sub-for-missing-chip3-barcode18-PF-ILMN-NOVASEQ.sentmm2ont.na.smaca.done"", ""results/day/hg38_broad/HYB-4NA-smn12-20260612-NA00232-SMN-chip4-only-sub-for-missing-chip3-barcode18-PF-ILMN-NOVASEQ/align/sentmm2ont/na/htd/smaca/HYB-4NA-smn12-20260612-NA00232-SMN-chip4-only-sub-for-missing-chip3-barcode18-PF-ILMN-NOVASEQ.sentmm2ont.na.smaca.summary.tsv""]"
HYB-4NA-smn12-20260612-NA00232-SMN-chip4-only-sub-for-missing-chip3-barcode18-PF-ILMN-NOVASEQ	sentmm2ont	na	smn12	SMN1/SMN2	copy_number	short_read_cram	0	1	True	False	[[0], [0], [0], [0], [0], [0], [0], [0], [0], [0], [0], [0], [0], [0], [0], [0]]	complete	discordant	results/day/hg38_broad/HYB-4NA-smn12-20260612-NA00232-SMN-chip4-only-sub-for-missing-chip3-barcode18-PF-ILMN-NOVASEQ/align/sentmm2ont/na/htd/smn12/HYB-4NA-smn12-20260612-NA00232-SMN-chip4-only-sub-for-missing-chip3-barcode18-PF-ILMN-NOVASEQ.sentmm2ont.na.smn12.summary.json	"[""results/day/hg38_broad/HYB-4NA-smn12-20260612-NA00232-SMN-chip4-only-sub-for-missing-chip3-barcode18-PF-ILMN-NOVASEQ/align/sentmm2ont/na/htd/smn12/HYB-4NA-smn12-20260612-NA00232-SMN-chip4-only-sub-for-missing-chip3-barcode18-PF-ILMN-NOVASEQ.sentmm2ont.na.smn12.done"", ""results/day/hg38_broad/HYB-4NA-smn12-20260612-NA00232-SMN-chip4-only-sub-for-missing-chip3-barcode18-PF-ILMN-NOVASEQ/align/sentmm2ont/na/htd/smn12/HYB-4NA-smn12-20260612-NA00232-SMN-chip4-only-sub-for-missing-chip3-barcode18-PF-ILMN-NOVASEQ.sentmm2ont.na.smn12.summary.json""]"
HYB-4NA-smn12-20260612-NA03986-DMPK-chip1-chip2-barcode20-PF-ILMN-NOVASEQ	sentmm2ont	na	hapsma	SMN1/SMN2	long_read_haplotype_dev	ONT_long_read_cram	NA	NA	not_reported	not_reported	6.108249	complete	discordant	results/day/hg38_broad/HYB-4NA-smn12-20260612-NA03986-DMPK-chip1-chip2-barcode20-PF-ILMN-NOVASEQ/align/sentmm2ont/na/htd/hapsma/HYB-4NA-smn12-20260612-NA03986-DMPK-chip1-chip2-barcode20-PF-ILMN-NOVASEQ.sentmm2ont.na.hapsma.summary.tsv	"[""results/day/hg38_broad/HYB-4NA-smn12-20260612-NA03986-DMPK-chip1-chip2-barcode20-PF-ILMN-NOVASEQ/align/sentmm2ont/na/htd/hapsma/HYB-4NA-smn12-20260612-NA03986-DMPK-chip1-chip2-barcode20-PF-ILMN-NOVASEQ.sentmm2ont.na.hapsma.done"", ""results/day/hg38_broad/HYB-4NA-smn12-20260612-NA03986-DMPK-chip1-chip2-barcode20-PF-ILMN-NOVASEQ/align/sentmm2ont/na/htd/hapsma/HYB-4NA-smn12-20260612-NA03986-DMPK-chip1-chip2-barcode20-PF-ILMN-NOVASEQ.sentmm2ont.na.hapsma.summary.tsv""]"
HYB-4NA-smn12-20260612-NA03986-DMPK-chip1-chip2-barcode20-PF-ILMN-NOVASEQ	sentmm2ont	na	sentieon_segdup_smn1	SMN1	hybrid_segdup	HiOMR_SR_LR	NA	NA	not_reported	not_reported	NA	complete	discordant	results/day/hg38_broad/HYB-4NA-smn12-20260612-NA03986-DMPK-chip1-chip2-barcode20-PF-ILMN-NOVASEQ/align/sentmm2ont/na/segdup/sentdhiomr/results/SMN1/HYB-4NA-smn12-20260612-NA03986-DMPK-chip1-chip2-barcode20-PF-ILMN-NOVASEQ.SMN1.yaml	"[""results/day/hg38_broad/HYB-4NA-smn12-20260612-NA03986-DMPK-chip1-chip2-barcode20-PF-ILMN-NOVASEQ/align/sentmm2ont/na/segdup/sentdhiomr/HYB-4NA-smn12-20260612-NA03986-DMPK-chip1-chip2-barcode20-PF-ILMN-NOVASEQ.sentmm2ont.na.sentdhiomr.segdup.SMN1.done"", ""results/day/hg38_broad/HYB-4NA-smn12-20260612-NA03986-DMPK-chip1-chip2-barcode20-PF-ILMN-NOVASEQ/align/sentmm2ont/na/segdup/sentdhiomr/results/SMN1/HYB-4NA-smn12-20260612-NA03986-DMPK-chip1-chip2-barcode20-PF-ILMN-NOVASEQ.SMN1.result.vcf.gz"", ""results/day/hg38_broad/HYB-4NA-smn12-20260612-NA03986-DMPK-chip1-chip2-barcode20-PF-ILMN-NOVASEQ/align/sentmm2ont/na/segdup/sentdhiomr/results/SMN1/HYB-4NA-smn12-20260612-NA03986-DMPK-chip1-chip2-barcode20-PF-ILMN-NOVASEQ.SMN1.result.vcf.gz.tbi"", ""results/day/hg38_broad/HYB-4NA-smn12-20260612-NA03986-DMPK-chip1-chip2-barcode20-PF-ILMN-NOVASEQ/align/sentmm2ont/na/segdup/sentdhiomr/results/SMN1/HYB-4NA-smn12-20260612-NA03986-DMPK-chip1-chip2-barcode20-PF-ILMN-NOVASEQ.SMN1.yaml""]"
HYB-4NA-smn12-20260612-NA03986-DMPK-chip1-chip2-barcode20-PF-ILMN-NOVASEQ	sentmm2ont	na	sma_finder	SMN1/SMN2	affected_status_only	short_read_cram	NA	NA	not enough coverage at SMN c.840 position	not_reported	0	complete	discordant	results/day/hg38_broad/HYB-4NA-smn12-20260612-NA03986-DMPK-chip1-chip2-barcode20-PF-ILMN-NOVASEQ/align/sentmm2ont/na/htd/sma_finder/HYB-4NA-smn12-20260612-NA03986-DMPK-chip1-chip2-barcode20-PF-ILMN-NOVASEQ.sentmm2ont.na.sma_finder.summary.tsv	"[""results/day/hg38_broad/HYB-4NA-smn12-20260612-NA03986-DMPK-chip1-chip2-barcode20-PF-ILMN-NOVASEQ/align/sentmm2ont/na/htd/sma_finder/HYB-4NA-smn12-20260612-NA03986-DMPK-chip1-chip2-barcode20-PF-ILMN-NOVASEQ.sentmm2ont.na.sma_finder.done"", ""results/day/hg38_broad/HYB-4NA-smn12-20260612-NA03986-DMPK-chip1-chip2-barcode20-PF-ILMN-NOVASEQ/align/sentmm2ont/na/htd/sma_finder/HYB-4NA-smn12-20260612-NA03986-DMPK-chip1-chip2-barcode20-PF-ILMN-NOVASEQ.sentmm2ont.na.sma_finder.summary.json"", ""results/day/hg38_broad/HYB-4NA-smn12-20260612-NA03986-DMPK-chip1-chip2-barcode20-PF-ILMN-NOVASEQ/align/sentmm2ont/na/htd/sma_finder/HYB-4NA-smn12-20260612-NA03986-DMPK-chip1-chip2-barcode20-PF-ILMN-NOVASEQ.sentmm2ont.na.sma_finder.summary.tsv""]"
HYB-4NA-smn12-20260612-NA03986-DMPK-chip1-chip2-barcode20-PF-ILMN-NOVASEQ	sentmm2ont	na	smaca	SMN1/SMN2	copy_number	short_read_cram	NA	NA	NA	NA	NA	complete	discordant	results/day/hg38_broad/HYB-4NA-smn12-20260612-NA03986-DMPK-chip1-chip2-barcode20-PF-ILMN-NOVASEQ/align/sentmm2ont/na/htd/smaca/HYB-4NA-smn12-20260612-NA03986-DMPK-chip1-chip2-barcode20-PF-ILMN-NOVASEQ.sentmm2ont.na.smaca.summary.tsv	"[""results/day/hg38_broad/HYB-4NA-smn12-20260612-NA03986-DMPK-chip1-chip2-barcode20-PF-ILMN-NOVASEQ/align/sentmm2ont/na/htd/smaca/HYB-4NA-smn12-20260612-NA03986-DMPK-chip1-chip2-barcode20-PF-ILMN-NOVASEQ.sentmm2ont.na.smaca.done"", ""results/day/hg38_broad/HYB-4NA-smn12-20260612-NA03986-DMPK-chip1-chip2-barcode20-PF-ILMN-NOVASEQ/align/sentmm2ont/na/htd/smaca/HYB-4NA-smn12-20260612-NA03986-DMPK-chip1-chip2-barcode20-PF-ILMN-NOVASEQ.sentmm2ont.na.smaca.summary.tsv""]"
HYB-4NA-smn12-20260612-NA03986-DMPK-chip1-chip2-barcode20-PF-ILMN-NOVASEQ	sentmm2ont	na	smn12	SMN1/SMN2	copy_number	short_read_cram	1	0	False	True	[[0], [1], [1], [1], [1], [0], [1], [1, 0.808, 0, 0.192], [0], [1], [0], [1], [0], [0], [1], [0]]	complete	discordant	results/day/hg38_broad/HYB-4NA-smn12-20260612-NA03986-DMPK-chip1-chip2-barcode20-PF-ILMN-NOVASEQ/align/sentmm2ont/na/htd/smn12/HYB-4NA-smn12-20260612-NA03986-DMPK-chip1-chip2-barcode20-PF-ILMN-NOVASEQ.sentmm2ont.na.smn12.summary.json	"[""results/day/hg38_broad/HYB-4NA-smn12-20260612-NA03986-DMPK-chip1-chip2-barcode20-PF-ILMN-NOVASEQ/align/sentmm2ont/na/htd/smn12/HYB-4NA-smn12-20260612-NA03986-DMPK-chip1-chip2-barcode20-PF-ILMN-NOVASEQ.sentmm2ont.na.smn12.done"", ""results/day/hg38_broad/HYB-4NA-smn12-20260612-NA03986-DMPK-chip1-chip2-barcode20-PF-ILMN-NOVASEQ/align/sentmm2ont/na/htd/smn12/HYB-4NA-smn12-20260612-NA03986-DMPK-chip1-chip2-barcode20-PF-ILMN-NOVASEQ.sentmm2ont.na.smn12.summary.json""]"
HYB-4NA-smn12-20260612-NA03986-DMPK-chip4-only-sub-for-missing-chip3-barcode20-PF-ILMN-NOVASEQ	sentmm2ont	na	hapsma	SMN1/SMN2	long_read_haplotype_dev	ONT_long_read_cram	NA	NA	not_reported	not_reported	2.809323	complete	discordant	results/day/hg38_broad/HYB-4NA-smn12-20260612-NA03986-DMPK-chip4-only-sub-for-missing-chip3-barcode20-PF-ILMN-NOVASEQ/align/sentmm2ont/na/htd/hapsma/HYB-4NA-smn12-20260612-NA03986-DMPK-chip4-only-sub-for-missing-chip3-barcode20-PF-ILMN-NOVASEQ.sentmm2ont.na.hapsma.summary.tsv	"[""results/day/hg38_broad/HYB-4NA-smn12-20260612-NA03986-DMPK-chip4-only-sub-for-missing-chip3-barcode20-PF-ILMN-NOVASEQ/align/sentmm2ont/na/htd/hapsma/HYB-4NA-smn12-20260612-NA03986-DMPK-chip4-only-sub-for-missing-chip3-barcode20-PF-ILMN-NOVASEQ.sentmm2ont.na.hapsma.done"", ""results/day/hg38_broad/HYB-4NA-smn12-20260612-NA03986-DMPK-chip4-only-sub-for-missing-chip3-barcode20-PF-ILMN-NOVASEQ/align/sentmm2ont/na/htd/hapsma/HYB-4NA-smn12-20260612-NA03986-DMPK-chip4-only-sub-for-missing-chip3-barcode20-PF-ILMN-NOVASEQ.sentmm2ont.na.hapsma.summary.tsv""]"
HYB-4NA-smn12-20260612-NA03986-DMPK-chip4-only-sub-for-missing-chip3-barcode20-PF-ILMN-NOVASEQ	sentmm2ont	na	sentieon_segdup_smn1	SMN1	hybrid_segdup	HiOMR_SR_LR	NA	NA	not_reported	not_reported	NA	complete	discordant	results/day/hg38_broad/HYB-4NA-smn12-20260612-NA03986-DMPK-chip4-only-sub-for-missing-chip3-barcode20-PF-ILMN-NOVASEQ/align/sentmm2ont/na/segdup/sentdhiomr/results/SMN1/HYB-4NA-smn12-20260612-NA03986-DMPK-chip4-only-sub-for-missing-chip3-barcode20-PF-ILMN-NOVASEQ.SMN1.yaml	"[""results/day/hg38_broad/HYB-4NA-smn12-20260612-NA03986-DMPK-chip4-only-sub-for-missing-chip3-barcode20-PF-ILMN-NOVASEQ/align/sentmm2ont/na/segdup/sentdhiomr/HYB-4NA-smn12-20260612-NA03986-DMPK-chip4-only-sub-for-missing-chip3-barcode20-PF-ILMN-NOVASEQ.sentmm2ont.na.sentdhiomr.segdup.SMN1.done"", ""results/day/hg38_broad/HYB-4NA-smn12-20260612-NA03986-DMPK-chip4-only-sub-for-missing-chip3-barcode20-PF-ILMN-NOVASEQ/align/sentmm2ont/na/segdup/sentdhiomr/results/SMN1/HYB-4NA-smn12-20260612-NA03986-DMPK-chip4-only-sub-for-missing-chip3-barcode20-PF-ILMN-NOVASEQ.SMN1.result.vcf.gz"", ""results/day/hg38_broad/HYB-4NA-smn12-20260612-NA03986-DMPK-chip4-only-sub-for-missing-chip3-barcode20-PF-ILMN-NOVASEQ/align/sentmm2ont/na/segdup/sentdhiomr/results/SMN1/HYB-4NA-smn12-20260612-NA03986-DMPK-chip4-only-sub-for-missing-chip3-barcode20-PF-ILMN-NOVASEQ.SMN1.result.vcf.gz.tbi"", ""results/day/hg38_broad/HYB-4NA-smn12-20260612-NA03986-DMPK-chip4-only-sub-for-missing-chip3-barcode20-PF-ILMN-NOVASEQ/align/sentmm2ont/na/segdup/sentdhiomr/results/SMN1/HYB-4NA-smn12-20260612-NA03986-DMPK-chip4-only-sub-for-missing-chip3-barcode20-PF-ILMN-NOVASEQ.SMN1.yaml""]"
HYB-4NA-smn12-20260612-NA03986-DMPK-chip4-only-sub-for-missing-chip3-barcode20-PF-ILMN-NOVASEQ	sentmm2ont	na	sma_finder	SMN1/SMN2	affected_status_only	short_read_cram	NA	NA	not enough coverage at SMN c.840 position	not_reported	0	complete	discordant	results/day/hg38_broad/HYB-4NA-smn12-20260612-NA03986-DMPK-chip4-only-sub-for-missing-chip3-barcode20-PF-ILMN-NOVASEQ/align/sentmm2ont/na/htd/sma_finder/HYB-4NA-smn12-20260612-NA03986-DMPK-chip4-only-sub-for-missing-chip3-barcode20-PF-ILMN-NOVASEQ.sentmm2ont.na.sma_finder.summary.tsv	"[""results/day/hg38_broad/HYB-4NA-smn12-20260612-NA03986-DMPK-chip4-only-sub-for-missing-chip3-barcode20-PF-ILMN-NOVASEQ/align/sentmm2ont/na/htd/sma_finder/HYB-4NA-smn12-20260612-NA03986-DMPK-chip4-only-sub-for-missing-chip3-barcode20-PF-ILMN-NOVASEQ.sentmm2ont.na.sma_finder.done"", ""results/day/hg38_broad/HYB-4NA-smn12-20260612-NA03986-DMPK-chip4-only-sub-for-missing-chip3-barcode20-PF-ILMN-NOVASEQ/align/sentmm2ont/na/htd/sma_finder/HYB-4NA-smn12-20260612-NA03986-DMPK-chip4-only-sub-for-missing-chip3-barcode20-PF-ILMN-NOVASEQ.sentmm2ont.na.sma_finder.summary.json"", ""results/day/hg38_broad/HYB-4NA-smn12-20260612-NA03986-DMPK-chip4-only-sub-for-missing-chip3-barcode20-PF-ILMN-NOVASEQ/align/sentmm2ont/na/htd/sma_finder/HYB-4NA-smn12-20260612-NA03986-DMPK-chip4-only-sub-for-missing-chip3-barcode20-PF-ILMN-NOVASEQ.sentmm2ont.na.sma_finder.summary.tsv""]"
HYB-4NA-smn12-20260612-NA03986-DMPK-chip4-only-sub-for-missing-chip3-barcode20-PF-ILMN-NOVASEQ	sentmm2ont	na	smaca	SMN1/SMN2	copy_number	short_read_cram	NA	NA	NA	NA	NA	complete	discordant	results/day/hg38_broad/HYB-4NA-smn12-20260612-NA03986-DMPK-chip4-only-sub-for-missing-chip3-barcode20-PF-ILMN-NOVASEQ/align/sentmm2ont/na/htd/smaca/HYB-4NA-smn12-20260612-NA03986-DMPK-chip4-only-sub-for-missing-chip3-barcode20-PF-ILMN-NOVASEQ.sentmm2ont.na.smaca.summary.tsv	"[""results/day/hg38_broad/HYB-4NA-smn12-20260612-NA03986-DMPK-chip4-only-sub-for-missing-chip3-barcode20-PF-ILMN-NOVASEQ/align/sentmm2ont/na/htd/smaca/HYB-4NA-smn12-20260612-NA03986-DMPK-chip4-only-sub-for-missing-chip3-barcode20-PF-ILMN-NOVASEQ.sentmm2ont.na.smaca.done"", ""results/day/hg38_broad/HYB-4NA-smn12-20260612-NA03986-DMPK-chip4-only-sub-for-missing-chip3-barcode20-PF-ILMN-NOVASEQ/align/sentmm2ont/na/htd/smaca/HYB-4NA-smn12-20260612-NA03986-DMPK-chip4-only-sub-for-missing-chip3-barcode20-PF-ILMN-NOVASEQ.sentmm2ont.na.smaca.summary.tsv""]"
HYB-4NA-smn12-20260612-NA03986-DMPK-chip4-only-sub-for-missing-chip3-barcode20-PF-ILMN-NOVASEQ	sentmm2ont	na	smn12	SMN1/SMN2	copy_number	short_read_cram	1	0	False	True	[[0], [1], [1], [1], [1], [0], [1], [1, 0.808, 0, 0.192], [0], [1], [0], [1], [0], [0], [1], [0]]	complete	discordant	results/day/hg38_broad/HYB-4NA-smn12-20260612-NA03986-DMPK-chip4-only-sub-for-missing-chip3-barcode20-PF-ILMN-NOVASEQ/align/sentmm2ont/na/htd/smn12/HYB-4NA-smn12-20260612-NA03986-DMPK-chip4-only-sub-for-missing-chip3-barcode20-PF-ILMN-NOVASEQ.sentmm2ont.na.smn12.summary.json	"[""results/day/hg38_broad/HYB-4NA-smn12-20260612-NA03986-DMPK-chip4-only-sub-for-missing-chip3-barcode20-PF-ILMN-NOVASEQ/align/sentmm2ont/na/htd/smn12/HYB-4NA-smn12-20260612-NA03986-DMPK-chip4-only-sub-for-missing-chip3-barcode20-PF-ILMN-NOVASEQ.sentmm2ont.na.smn12.done"", ""results/day/hg38_broad/HYB-4NA-smn12-20260612-NA03986-DMPK-chip4-only-sub-for-missing-chip3-barcode20-PF-ILMN-NOVASEQ/align/sentmm2ont/na/htd/smn12/HYB-4NA-smn12-20260612-NA03986-DMPK-chip4-only-sub-for-missing-chip3-barcode20-PF-ILMN-NOVASEQ.sentmm2ont.na.smn12.summary.json""]"
HYB-4NA-smn12-20260612-NA05164-DMPK-chip1-chip2-barcode21-PF-ILMN-NOVASEQ	sentmm2ont	na	hapsma	SMN1/SMN2	long_read_haplotype_dev	ONT_long_read_cram	NA	NA	not_reported	not_reported	5.485923	complete	discordant	results/day/hg38_broad/HYB-4NA-smn12-20260612-NA05164-DMPK-chip1-chip2-barcode21-PF-ILMN-NOVASEQ/align/sentmm2ont/na/htd/hapsma/HYB-4NA-smn12-20260612-NA05164-DMPK-chip1-chip2-barcode21-PF-ILMN-NOVASEQ.sentmm2ont.na.hapsma.summary.tsv	"[""results/day/hg38_broad/HYB-4NA-smn12-20260612-NA05164-DMPK-chip1-chip2-barcode21-PF-ILMN-NOVASEQ/align/sentmm2ont/na/htd/hapsma/HYB-4NA-smn12-20260612-NA05164-DMPK-chip1-chip2-barcode21-PF-ILMN-NOVASEQ.sentmm2ont.na.hapsma.done"", ""results/day/hg38_broad/HYB-4NA-smn12-20260612-NA05164-DMPK-chip1-chip2-barcode21-PF-ILMN-NOVASEQ/align/sentmm2ont/na/htd/hapsma/HYB-4NA-smn12-20260612-NA05164-DMPK-chip1-chip2-barcode21-PF-ILMN-NOVASEQ.sentmm2ont.na.hapsma.summary.tsv""]"
HYB-4NA-smn12-20260612-NA05164-DMPK-chip1-chip2-barcode21-PF-ILMN-NOVASEQ	sentmm2ont	na	sentieon_segdup_smn1	SMN1	hybrid_segdup	HiOMR_SR_LR	NA	NA	not_reported	not_reported	NA	complete	discordant	results/day/hg38_broad/HYB-4NA-smn12-20260612-NA05164-DMPK-chip1-chip2-barcode21-PF-ILMN-NOVASEQ/align/sentmm2ont/na/segdup/sentdhiomr/results/SMN1/HYB-4NA-smn12-20260612-NA05164-DMPK-chip1-chip2-barcode21-PF-ILMN-NOVASEQ.SMN1.yaml	"[""results/day/hg38_broad/HYB-4NA-smn12-20260612-NA05164-DMPK-chip1-chip2-barcode21-PF-ILMN-NOVASEQ/align/sentmm2ont/na/segdup/sentdhiomr/HYB-4NA-smn12-20260612-NA05164-DMPK-chip1-chip2-barcode21-PF-ILMN-NOVASEQ.sentmm2ont.na.sentdhiomr.segdup.SMN1.done"", ""results/day/hg38_broad/HYB-4NA-smn12-20260612-NA05164-DMPK-chip1-chip2-barcode21-PF-ILMN-NOVASEQ/align/sentmm2ont/na/segdup/sentdhiomr/results/SMN1/HYB-4NA-smn12-20260612-NA05164-DMPK-chip1-chip2-barcode21-PF-ILMN-NOVASEQ.SMN1.result.vcf.gz"", ""results/day/hg38_broad/HYB-4NA-smn12-20260612-NA05164-DMPK-chip1-chip2-barcode21-PF-ILMN-NOVASEQ/align/sentmm2ont/na/segdup/sentdhiomr/results/SMN1/HYB-4NA-smn12-20260612-NA05164-DMPK-chip1-chip2-barcode21-PF-ILMN-NOVASEQ.SMN1.result.vcf.gz.tbi"", ""results/day/hg38_broad/HYB-4NA-smn12-20260612-NA05164-DMPK-chip1-chip2-barcode21-PF-ILMN-NOVASEQ/align/sentmm2ont/na/segdup/sentdhiomr/results/SMN1/HYB-4NA-smn12-20260612-NA05164-DMPK-chip1-chip2-barcode21-PF-ILMN-NOVASEQ.SMN1.yaml""]"
HYB-4NA-smn12-20260612-NA05164-DMPK-chip1-chip2-barcode21-PF-ILMN-NOVASEQ	sentmm2ont	na	sma_finder	SMN1/SMN2	affected_status_only	short_read_cram	NA	NA	not enough coverage at SMN c.840 position	not_reported	0	complete	discordant	results/day/hg38_broad/HYB-4NA-smn12-20260612-NA05164-DMPK-chip1-chip2-barcode21-PF-ILMN-NOVASEQ/align/sentmm2ont/na/htd/sma_finder/HYB-4NA-smn12-20260612-NA05164-DMPK-chip1-chip2-barcode21-PF-ILMN-NOVASEQ.sentmm2ont.na.sma_finder.summary.tsv	"[""results/day/hg38_broad/HYB-4NA-smn12-20260612-NA05164-DMPK-chip1-chip2-barcode21-PF-ILMN-NOVASEQ/align/sentmm2ont/na/htd/sma_finder/HYB-4NA-smn12-20260612-NA05164-DMPK-chip1-chip2-barcode21-PF-ILMN-NOVASEQ.sentmm2ont.na.sma_finder.done"", ""results/day/hg38_broad/HYB-4NA-smn12-20260612-NA05164-DMPK-chip1-chip2-barcode21-PF-ILMN-NOVASEQ/align/sentmm2ont/na/htd/sma_finder/HYB-4NA-smn12-20260612-NA05164-DMPK-chip1-chip2-barcode21-PF-ILMN-NOVASEQ.sentmm2ont.na.sma_finder.summary.json"", ""results/day/hg38_broad/HYB-4NA-smn12-20260612-NA05164-DMPK-chip1-chip2-barcode21-PF-ILMN-NOVASEQ/align/sentmm2ont/na/htd/sma_finder/HYB-4NA-smn12-20260612-NA05164-DMPK-chip1-chip2-barcode21-PF-ILMN-NOVASEQ.sentmm2ont.na.sma_finder.summary.tsv""]"
HYB-4NA-smn12-20260612-NA05164-DMPK-chip1-chip2-barcode21-PF-ILMN-NOVASEQ	sentmm2ont	na	smaca	SMN1/SMN2	copy_number	short_read_cram	NA	NA	NA	NA	NA	complete	discordant	results/day/hg38_broad/HYB-4NA-smn12-20260612-NA05164-DMPK-chip1-chip2-barcode21-PF-ILMN-NOVASEQ/align/sentmm2ont/na/htd/smaca/HYB-4NA-smn12-20260612-NA05164-DMPK-chip1-chip2-barcode21-PF-ILMN-NOVASEQ.sentmm2ont.na.smaca.summary.tsv	"[""results/day/hg38_broad/HYB-4NA-smn12-20260612-NA05164-DMPK-chip1-chip2-barcode21-PF-ILMN-NOVASEQ/align/sentmm2ont/na/htd/smaca/HYB-4NA-smn12-20260612-NA05164-DMPK-chip1-chip2-barcode21-PF-ILMN-NOVASEQ.sentmm2ont.na.smaca.done"", ""results/day/hg38_broad/HYB-4NA-smn12-20260612-NA05164-DMPK-chip1-chip2-barcode21-PF-ILMN-NOVASEQ/align/sentmm2ont/na/htd/smaca/HYB-4NA-smn12-20260612-NA05164-DMPK-chip1-chip2-barcode21-PF-ILMN-NOVASEQ.sentmm2ont.na.smaca.summary.tsv""]"
HYB-4NA-smn12-20260612-NA05164-DMPK-chip1-chip2-barcode21-PF-ILMN-NOVASEQ	sentmm2ont	na	smn12	SMN1/SMN2	copy_number	short_read_cram	1	0	False	True	[[1], [1], [0], [0], [1, 0.852, 0, 0.148], [0, 0.556, 1, 0.444], [1], [0], [1], [1], [1, 0.821, 0, 0.179], [1], [1], [1], [1], [1]]	complete	discordant	results/day/hg38_broad/HYB-4NA-smn12-20260612-NA05164-DMPK-chip1-chip2-barcode21-PF-ILMN-NOVASEQ/align/sentmm2ont/na/htd/smn12/HYB-4NA-smn12-20260612-NA05164-DMPK-chip1-chip2-barcode21-PF-ILMN-NOVASEQ.sentmm2ont.na.smn12.summary.json	"[""results/day/hg38_broad/HYB-4NA-smn12-20260612-NA05164-DMPK-chip1-chip2-barcode21-PF-ILMN-NOVASEQ/align/sentmm2ont/na/htd/smn12/HYB-4NA-smn12-20260612-NA05164-DMPK-chip1-chip2-barcode21-PF-ILMN-NOVASEQ.sentmm2ont.na.smn12.done"", ""results/day/hg38_broad/HYB-4NA-smn12-20260612-NA05164-DMPK-chip1-chip2-barcode21-PF-ILMN-NOVASEQ/align/sentmm2ont/na/htd/smn12/HYB-4NA-smn12-20260612-NA05164-DMPK-chip1-chip2-barcode21-PF-ILMN-NOVASEQ.sentmm2ont.na.smn12.summary.json""]"
HYB-4NA-smn12-20260612-NA05164-DMPK-chip4-only-sub-for-missing-chip3-barcode21-PF-ILMN-NOVASEQ	sentmm2ont	na	hapsma	SMN1/SMN2	long_read_haplotype_dev	ONT_long_read_cram	NA	NA	not_reported	not_reported	2.350698	complete	discordant	results/day/hg38_broad/HYB-4NA-smn12-20260612-NA05164-DMPK-chip4-only-sub-for-missing-chip3-barcode21-PF-ILMN-NOVASEQ/align/sentmm2ont/na/htd/hapsma/HYB-4NA-smn12-20260612-NA05164-DMPK-chip4-only-sub-for-missing-chip3-barcode21-PF-ILMN-NOVASEQ.sentmm2ont.na.hapsma.summary.tsv	"[""results/day/hg38_broad/HYB-4NA-smn12-20260612-NA05164-DMPK-chip4-only-sub-for-missing-chip3-barcode21-PF-ILMN-NOVASEQ/align/sentmm2ont/na/htd/hapsma/HYB-4NA-smn12-20260612-NA05164-DMPK-chip4-only-sub-for-missing-chip3-barcode21-PF-ILMN-NOVASEQ.sentmm2ont.na.hapsma.done"", ""results/day/hg38_broad/HYB-4NA-smn12-20260612-NA05164-DMPK-chip4-only-sub-for-missing-chip3-barcode21-PF-ILMN-NOVASEQ/align/sentmm2ont/na/htd/hapsma/HYB-4NA-smn12-20260612-NA05164-DMPK-chip4-only-sub-for-missing-chip3-barcode21-PF-ILMN-NOVASEQ.sentmm2ont.na.hapsma.summary.tsv""]"
HYB-4NA-smn12-20260612-NA05164-DMPK-chip4-only-sub-for-missing-chip3-barcode21-PF-ILMN-NOVASEQ	sentmm2ont	na	sentieon_segdup_smn1	SMN1	hybrid_segdup	HiOMR_SR_LR	NA	NA	not_reported	not_reported	NA	complete	discordant	results/day/hg38_broad/HYB-4NA-smn12-20260612-NA05164-DMPK-chip4-only-sub-for-missing-chip3-barcode21-PF-ILMN-NOVASEQ/align/sentmm2ont/na/segdup/sentdhiomr/results/SMN1/HYB-4NA-smn12-20260612-NA05164-DMPK-chip4-only-sub-for-missing-chip3-barcode21-PF-ILMN-NOVASEQ.SMN1.yaml	"[""results/day/hg38_broad/HYB-4NA-smn12-20260612-NA05164-DMPK-chip4-only-sub-for-missing-chip3-barcode21-PF-ILMN-NOVASEQ/align/sentmm2ont/na/segdup/sentdhiomr/HYB-4NA-smn12-20260612-NA05164-DMPK-chip4-only-sub-for-missing-chip3-barcode21-PF-ILMN-NOVASEQ.sentmm2ont.na.sentdhiomr.segdup.SMN1.done"", ""results/day/hg38_broad/HYB-4NA-smn12-20260612-NA05164-DMPK-chip4-only-sub-for-missing-chip3-barcode21-PF-ILMN-NOVASEQ/align/sentmm2ont/na/segdup/sentdhiomr/results/SMN1/HYB-4NA-smn12-20260612-NA05164-DMPK-chip4-only-sub-for-missing-chip3-barcode21-PF-ILMN-NOVASEQ.SMN1.result.vcf.gz"", ""results/day/hg38_broad/HYB-4NA-smn12-20260612-NA05164-DMPK-chip4-only-sub-for-missing-chip3-barcode21-PF-ILMN-NOVASEQ/align/sentmm2ont/na/segdup/sentdhiomr/results/SMN1/HYB-4NA-smn12-20260612-NA05164-DMPK-chip4-only-sub-for-missing-chip3-barcode21-PF-ILMN-NOVASEQ.SMN1.result.vcf.gz.tbi"", ""results/day/hg38_broad/HYB-4NA-smn12-20260612-NA05164-DMPK-chip4-only-sub-for-missing-chip3-barcode21-PF-ILMN-NOVASEQ/align/sentmm2ont/na/segdup/sentdhiomr/results/SMN1/HYB-4NA-smn12-20260612-NA05164-DMPK-chip4-only-sub-for-missing-chip3-barcode21-PF-ILMN-NOVASEQ.SMN1.yaml""]"
HYB-4NA-smn12-20260612-NA05164-DMPK-chip4-only-sub-for-missing-chip3-barcode21-PF-ILMN-NOVASEQ	sentmm2ont	na	sma_finder	SMN1/SMN2	affected_status_only	short_read_cram	NA	NA	not enough coverage at SMN c.840 position	not_reported	0	complete	discordant	results/day/hg38_broad/HYB-4NA-smn12-20260612-NA05164-DMPK-chip4-only-sub-for-missing-chip3-barcode21-PF-ILMN-NOVASEQ/align/sentmm2ont/na/htd/sma_finder/HYB-4NA-smn12-20260612-NA05164-DMPK-chip4-only-sub-for-missing-chip3-barcode21-PF-ILMN-NOVASEQ.sentmm2ont.na.sma_finder.summary.tsv	"[""results/day/hg38_broad/HYB-4NA-smn12-20260612-NA05164-DMPK-chip4-only-sub-for-missing-chip3-barcode21-PF-ILMN-NOVASEQ/align/sentmm2ont/na/htd/sma_finder/HYB-4NA-smn12-20260612-NA05164-DMPK-chip4-only-sub-for-missing-chip3-barcode21-PF-ILMN-NOVASEQ.sentmm2ont.na.sma_finder.done"", ""results/day/hg38_broad/HYB-4NA-smn12-20260612-NA05164-DMPK-chip4-only-sub-for-missing-chip3-barcode21-PF-ILMN-NOVASEQ/align/sentmm2ont/na/htd/sma_finder/HYB-4NA-smn12-20260612-NA05164-DMPK-chip4-only-sub-for-missing-chip3-barcode21-PF-ILMN-NOVASEQ.sentmm2ont.na.sma_finder.summary.json"", ""results/day/hg38_broad/HYB-4NA-smn12-20260612-NA05164-DMPK-chip4-only-sub-for-missing-chip3-barcode21-PF-ILMN-NOVASEQ/align/sentmm2ont/na/htd/sma_finder/HYB-4NA-smn12-20260612-NA05164-DMPK-chip4-only-sub-for-missing-chip3-barcode21-PF-ILMN-NOVASEQ.sentmm2ont.na.sma_finder.summary.tsv""]"
HYB-4NA-smn12-20260612-NA05164-DMPK-chip4-only-sub-for-missing-chip3-barcode21-PF-ILMN-NOVASEQ	sentmm2ont	na	smaca	SMN1/SMN2	copy_number	short_read_cram	NA	NA	NA	NA	NA	complete	discordant	results/day/hg38_broad/HYB-4NA-smn12-20260612-NA05164-DMPK-chip4-only-sub-for-missing-chip3-barcode21-PF-ILMN-NOVASEQ/align/sentmm2ont/na/htd/smaca/HYB-4NA-smn12-20260612-NA05164-DMPK-chip4-only-sub-for-missing-chip3-barcode21-PF-ILMN-NOVASEQ.sentmm2ont.na.smaca.summary.tsv	"[""results/day/hg38_broad/HYB-4NA-smn12-20260612-NA05164-DMPK-chip4-only-sub-for-missing-chip3-barcode21-PF-ILMN-NOVASEQ/align/sentmm2ont/na/htd/smaca/HYB-4NA-smn12-20260612-NA05164-DMPK-chip4-only-sub-for-missing-chip3-barcode21-PF-ILMN-NOVASEQ.sentmm2ont.na.smaca.done"", ""results/day/hg38_broad/HYB-4NA-smn12-20260612-NA05164-DMPK-chip4-only-sub-for-missing-chip3-barcode21-PF-ILMN-NOVASEQ/align/sentmm2ont/na/htd/smaca/HYB-4NA-smn12-20260612-NA05164-DMPK-chip4-only-sub-for-missing-chip3-barcode21-PF-ILMN-NOVASEQ.sentmm2ont.na.smaca.summary.tsv""]"
HYB-4NA-smn12-20260612-NA05164-DMPK-chip4-only-sub-for-missing-chip3-barcode21-PF-ILMN-NOVASEQ	sentmm2ont	na	smn12	SMN1/SMN2	copy_number	short_read_cram	1	0	False	True	[[1], [1], [0], [0], [1, 0.852, 0, 0.148], [0, 0.556, 1, 0.444], [1], [0], [1], [1], [1, 0.821, 0, 0.179], [1], [1], [1], [1], [1]]	complete	discordant	results/day/hg38_broad/HYB-4NA-smn12-20260612-NA05164-DMPK-chip4-only-sub-for-missing-chip3-barcode21-PF-ILMN-NOVASEQ/align/sentmm2ont/na/htd/smn12/HYB-4NA-smn12-20260612-NA05164-DMPK-chip4-only-sub-for-missing-chip3-barcode21-PF-ILMN-NOVASEQ.sentmm2ont.na.smn12.summary.json	"[""results/day/hg38_broad/HYB-4NA-smn12-20260612-NA05164-DMPK-chip4-only-sub-for-missing-chip3-barcode21-PF-ILMN-NOVASEQ/align/sentmm2ont/na/htd/smn12/HYB-4NA-smn12-20260612-NA05164-DMPK-chip4-only-sub-for-missing-chip3-barcode21-PF-ILMN-NOVASEQ.sentmm2ont.na.smn12.done"", ""results/day/hg38_broad/HYB-4NA-smn12-20260612-NA05164-DMPK-chip4-only-sub-for-missing-chip3-barcode21-PF-ILMN-NOVASEQ/align/sentmm2ont/na/htd/smn12/HYB-4NA-smn12-20260612-NA05164-DMPK-chip4-only-sub-for-missing-chip3-barcode21-PF-ILMN-NOVASEQ.sentmm2ont.na.smn12.summary.json""]"
HYB-4NA-smn12-20260612-NA09677-SMN-chip1-chip2-barcode19-PF-ILMN-NOVASEQ	sentmm2ont	na	hapsma	SMN1/SMN2	long_read_haplotype_dev	ONT_long_read_cram	NA	NA	not_reported	not_reported	7.244315	complete	discordant	results/day/hg38_broad/HYB-4NA-smn12-20260612-NA09677-SMN-chip1-chip2-barcode19-PF-ILMN-NOVASEQ/align/sentmm2ont/na/htd/hapsma/HYB-4NA-smn12-20260612-NA09677-SMN-chip1-chip2-barcode19-PF-ILMN-NOVASEQ.sentmm2ont.na.hapsma.summary.tsv	"[""results/day/hg38_broad/HYB-4NA-smn12-20260612-NA09677-SMN-chip1-chip2-barcode19-PF-ILMN-NOVASEQ/align/sentmm2ont/na/htd/hapsma/HYB-4NA-smn12-20260612-NA09677-SMN-chip1-chip2-barcode19-PF-ILMN-NOVASEQ.sentmm2ont.na.hapsma.done"", ""results/day/hg38_broad/HYB-4NA-smn12-20260612-NA09677-SMN-chip1-chip2-barcode19-PF-ILMN-NOVASEQ/align/sentmm2ont/na/htd/hapsma/HYB-4NA-smn12-20260612-NA09677-SMN-chip1-chip2-barcode19-PF-ILMN-NOVASEQ.sentmm2ont.na.hapsma.summary.tsv""]"
HYB-4NA-smn12-20260612-NA09677-SMN-chip1-chip2-barcode19-PF-ILMN-NOVASEQ	sentmm2ont	na	sentieon_segdup_smn1	SMN1	hybrid_segdup	HiOMR_SR_LR	NA	NA	not_reported	not_reported	NA	complete	discordant	results/day/hg38_broad/HYB-4NA-smn12-20260612-NA09677-SMN-chip1-chip2-barcode19-PF-ILMN-NOVASEQ/align/sentmm2ont/na/segdup/sentdhiomr/results/SMN1/HYB-4NA-smn12-20260612-NA09677-SMN-chip1-chip2-barcode19-PF-ILMN-NOVASEQ.SMN1.yaml	"[""results/day/hg38_broad/HYB-4NA-smn12-20260612-NA09677-SMN-chip1-chip2-barcode19-PF-ILMN-NOVASEQ/align/sentmm2ont/na/segdup/sentdhiomr/HYB-4NA-smn12-20260612-NA09677-SMN-chip1-chip2-barcode19-PF-ILMN-NOVASEQ.sentmm2ont.na.sentdhiomr.segdup.SMN1.done"", ""results/day/hg38_broad/HYB-4NA-smn12-20260612-NA09677-SMN-chip1-chip2-barcode19-PF-ILMN-NOVASEQ/align/sentmm2ont/na/segdup/sentdhiomr/results/SMN1/HYB-4NA-smn12-20260612-NA09677-SMN-chip1-chip2-barcode19-PF-ILMN-NOVASEQ.SMN1.result.vcf.gz"", ""results/day/hg38_broad/HYB-4NA-smn12-20260612-NA09677-SMN-chip1-chip2-barcode19-PF-ILMN-NOVASEQ/align/sentmm2ont/na/segdup/sentdhiomr/results/SMN1/HYB-4NA-smn12-20260612-NA09677-SMN-chip1-chip2-barcode19-PF-ILMN-NOVASEQ.SMN1.result.vcf.gz.tbi"", ""results/day/hg38_broad/HYB-4NA-smn12-20260612-NA09677-SMN-chip1-chip2-barcode19-PF-ILMN-NOVASEQ/align/sentmm2ont/na/segdup/sentdhiomr/results/SMN1/HYB-4NA-smn12-20260612-NA09677-SMN-chip1-chip2-barcode19-PF-ILMN-NOVASEQ.SMN1.yaml""]"
HYB-4NA-smn12-20260612-NA09677-SMN-chip1-chip2-barcode19-PF-ILMN-NOVASEQ	sentmm2ont	na	sma_finder	SMN1/SMN2	affected_status_only	short_read_cram	NA	NA	has SMA	not_reported	21	complete	discordant	results/day/hg38_broad/HYB-4NA-smn12-20260612-NA09677-SMN-chip1-chip2-barcode19-PF-ILMN-NOVASEQ/align/sentmm2ont/na/htd/sma_finder/HYB-4NA-smn12-20260612-NA09677-SMN-chip1-chip2-barcode19-PF-ILMN-NOVASEQ.sentmm2ont.na.sma_finder.summary.tsv	"[""results/day/hg38_broad/HYB-4NA-smn12-20260612-NA09677-SMN-chip1-chip2-barcode19-PF-ILMN-NOVASEQ/align/sentmm2ont/na/htd/sma_finder/HYB-4NA-smn12-20260612-NA09677-SMN-chip1-chip2-barcode19-PF-ILMN-NOVASEQ.sentmm2ont.na.sma_finder.done"", ""results/day/hg38_broad/HYB-4NA-smn12-20260612-NA09677-SMN-chip1-chip2-barcode19-PF-ILMN-NOVASEQ/align/sentmm2ont/na/htd/sma_finder/HYB-4NA-smn12-20260612-NA09677-SMN-chip1-chip2-barcode19-PF-ILMN-NOVASEQ.sentmm2ont.na.sma_finder.summary.json"", ""results/day/hg38_broad/HYB-4NA-smn12-20260612-NA09677-SMN-chip1-chip2-barcode19-PF-ILMN-NOVASEQ/align/sentmm2ont/na/htd/sma_finder/HYB-4NA-smn12-20260612-NA09677-SMN-chip1-chip2-barcode19-PF-ILMN-NOVASEQ.sentmm2ont.na.sma_finder.summary.tsv""]"
HYB-4NA-smn12-20260612-NA09677-SMN-chip1-chip2-barcode19-PF-ILMN-NOVASEQ	sentmm2ont	na	smaca	SMN1/SMN2	copy_number	short_read_cram	NA	NA	NA	NA	NA	complete	discordant	results/day/hg38_broad/HYB-4NA-smn12-20260612-NA09677-SMN-chip1-chip2-barcode19-PF-ILMN-NOVASEQ/align/sentmm2ont/na/htd/smaca/HYB-4NA-smn12-20260612-NA09677-SMN-chip1-chip2-barcode19-PF-ILMN-NOVASEQ.sentmm2ont.na.smaca.summary.tsv	"[""results/day/hg38_broad/HYB-4NA-smn12-20260612-NA09677-SMN-chip1-chip2-barcode19-PF-ILMN-NOVASEQ/align/sentmm2ont/na/htd/smaca/HYB-4NA-smn12-20260612-NA09677-SMN-chip1-chip2-barcode19-PF-ILMN-NOVASEQ.sentmm2ont.na.smaca.done"", ""results/day/hg38_broad/HYB-4NA-smn12-20260612-NA09677-SMN-chip1-chip2-barcode19-PF-ILMN-NOVASEQ/align/sentmm2ont/na/htd/smaca/HYB-4NA-smn12-20260612-NA09677-SMN-chip1-chip2-barcode19-PF-ILMN-NOVASEQ.sentmm2ont.na.smaca.summary.tsv""]"
HYB-4NA-smn12-20260612-NA09677-SMN-chip1-chip2-barcode19-PF-ILMN-NOVASEQ	sentmm2ont	na	smn12	SMN1/SMN2	copy_number	short_read_cram	0	1	True	False	[[0], [0], [0], [0], [0], [0], [0], [0], [0], [0], [0], [0], [0], [0], [0], [0]]	complete	discordant	results/day/hg38_broad/HYB-4NA-smn12-20260612-NA09677-SMN-chip1-chip2-barcode19-PF-ILMN-NOVASEQ/align/sentmm2ont/na/htd/smn12/HYB-4NA-smn12-20260612-NA09677-SMN-chip1-chip2-barcode19-PF-ILMN-NOVASEQ.sentmm2ont.na.smn12.summary.json	"[""results/day/hg38_broad/HYB-4NA-smn12-20260612-NA09677-SMN-chip1-chip2-barcode19-PF-ILMN-NOVASEQ/align/sentmm2ont/na/htd/smn12/HYB-4NA-smn12-20260612-NA09677-SMN-chip1-chip2-barcode19-PF-ILMN-NOVASEQ.sentmm2ont.na.smn12.done"", ""results/day/hg38_broad/HYB-4NA-smn12-20260612-NA09677-SMN-chip1-chip2-barcode19-PF-ILMN-NOVASEQ/align/sentmm2ont/na/htd/smn12/HYB-4NA-smn12-20260612-NA09677-SMN-chip1-chip2-barcode19-PF-ILMN-NOVASEQ.sentmm2ont.na.smn12.summary.json""]"
HYB-4NA-smn12-20260612-NA09677-SMN-chip3-chip4-barcode19-PF-ILMN-NOVASEQ	sentmm2ont	na	hapsma	SMN1/SMN2	long_read_haplotype_dev	ONT_long_read_cram	NA	NA	not_reported	not_reported	3.830765	complete	discordant	results/day/hg38_broad/HYB-4NA-smn12-20260612-NA09677-SMN-chip3-chip4-barcode19-PF-ILMN-NOVASEQ/align/sentmm2ont/na/htd/hapsma/HYB-4NA-smn12-20260612-NA09677-SMN-chip3-chip4-barcode19-PF-ILMN-NOVASEQ.sentmm2ont.na.hapsma.summary.tsv	"[""results/day/hg38_broad/HYB-4NA-smn12-20260612-NA09677-SMN-chip3-chip4-barcode19-PF-ILMN-NOVASEQ/align/sentmm2ont/na/htd/hapsma/HYB-4NA-smn12-20260612-NA09677-SMN-chip3-chip4-barcode19-PF-ILMN-NOVASEQ.sentmm2ont.na.hapsma.done"", ""results/day/hg38_broad/HYB-4NA-smn12-20260612-NA09677-SMN-chip3-chip4-barcode19-PF-ILMN-NOVASEQ/align/sentmm2ont/na/htd/hapsma/HYB-4NA-smn12-20260612-NA09677-SMN-chip3-chip4-barcode19-PF-ILMN-NOVASEQ.sentmm2ont.na.hapsma.summary.tsv""]"
HYB-4NA-smn12-20260612-NA09677-SMN-chip3-chip4-barcode19-PF-ILMN-NOVASEQ	sentmm2ont	na	sentieon_segdup_smn1	SMN1	hybrid_segdup	HiOMR_SR_LR	NA	NA	not_reported	not_reported	NA	complete	discordant	results/day/hg38_broad/HYB-4NA-smn12-20260612-NA09677-SMN-chip3-chip4-barcode19-PF-ILMN-NOVASEQ/align/sentmm2ont/na/segdup/sentdhiomr/results/SMN1/HYB-4NA-smn12-20260612-NA09677-SMN-chip3-chip4-barcode19-PF-ILMN-NOVASEQ.SMN1.yaml	"[""results/day/hg38_broad/HYB-4NA-smn12-20260612-NA09677-SMN-chip3-chip4-barcode19-PF-ILMN-NOVASEQ/align/sentmm2ont/na/segdup/sentdhiomr/HYB-4NA-smn12-20260612-NA09677-SMN-chip3-chip4-barcode19-PF-ILMN-NOVASEQ.sentmm2ont.na.sentdhiomr.segdup.SMN1.done"", ""results/day/hg38_broad/HYB-4NA-smn12-20260612-NA09677-SMN-chip3-chip4-barcode19-PF-ILMN-NOVASEQ/align/sentmm2ont/na/segdup/sentdhiomr/results/SMN1/HYB-4NA-smn12-20260612-NA09677-SMN-chip3-chip4-barcode19-PF-ILMN-NOVASEQ.SMN1.result.vcf.gz"", ""results/day/hg38_broad/HYB-4NA-smn12-20260612-NA09677-SMN-chip3-chip4-barcode19-PF-ILMN-NOVASEQ/align/sentmm2ont/na/segdup/sentdhiomr/results/SMN1/HYB-4NA-smn12-20260612-NA09677-SMN-chip3-chip4-barcode19-PF-ILMN-NOVASEQ.SMN1.result.vcf.gz.tbi"", ""results/day/hg38_broad/HYB-4NA-smn12-20260612-NA09677-SMN-chip3-chip4-barcode19-PF-ILMN-NOVASEQ/align/sentmm2ont/na/segdup/sentdhiomr/results/SMN1/HYB-4NA-smn12-20260612-NA09677-SMN-chip3-chip4-barcode19-PF-ILMN-NOVASEQ.SMN1.yaml""]"
HYB-4NA-smn12-20260612-NA09677-SMN-chip3-chip4-barcode19-PF-ILMN-NOVASEQ	sentmm2ont	na	sma_finder	SMN1/SMN2	affected_status_only	short_read_cram	NA	NA	has SMA	not_reported	21	complete	discordant	results/day/hg38_broad/HYB-4NA-smn12-20260612-NA09677-SMN-chip3-chip4-barcode19-PF-ILMN-NOVASEQ/align/sentmm2ont/na/htd/sma_finder/HYB-4NA-smn12-20260612-NA09677-SMN-chip3-chip4-barcode19-PF-ILMN-NOVASEQ.sentmm2ont.na.sma_finder.summary.tsv	"[""results/day/hg38_broad/HYB-4NA-smn12-20260612-NA09677-SMN-chip3-chip4-barcode19-PF-ILMN-NOVASEQ/align/sentmm2ont/na/htd/sma_finder/HYB-4NA-smn12-20260612-NA09677-SMN-chip3-chip4-barcode19-PF-ILMN-NOVASEQ.sentmm2ont.na.sma_finder.done"", ""results/day/hg38_broad/HYB-4NA-smn12-20260612-NA09677-SMN-chip3-chip4-barcode19-PF-ILMN-NOVASEQ/align/sentmm2ont/na/htd/sma_finder/HYB-4NA-smn12-20260612-NA09677-SMN-chip3-chip4-barcode19-PF-ILMN-NOVASEQ.sentmm2ont.na.sma_finder.summary.json"", ""results/day/hg38_broad/HYB-4NA-smn12-20260612-NA09677-SMN-chip3-chip4-barcode19-PF-ILMN-NOVASEQ/align/sentmm2ont/na/htd/sma_finder/HYB-4NA-smn12-20260612-NA09677-SMN-chip3-chip4-barcode19-PF-ILMN-NOVASEQ.sentmm2ont.na.sma_finder.summary.tsv""]"
HYB-4NA-smn12-20260612-NA09677-SMN-chip3-chip4-barcode19-PF-ILMN-NOVASEQ	sentmm2ont	na	smaca	SMN1/SMN2	copy_number	short_read_cram	NA	NA	NA	NA	NA	complete	discordant	results/day/hg38_broad/HYB-4NA-smn12-20260612-NA09677-SMN-chip3-chip4-barcode19-PF-ILMN-NOVASEQ/align/sentmm2ont/na/htd/smaca/HYB-4NA-smn12-20260612-NA09677-SMN-chip3-chip4-barcode19-PF-ILMN-NOVASEQ.sentmm2ont.na.smaca.summary.tsv	"[""results/day/hg38_broad/HYB-4NA-smn12-20260612-NA09677-SMN-chip3-chip4-barcode19-PF-ILMN-NOVASEQ/align/sentmm2ont/na/htd/smaca/HYB-4NA-smn12-20260612-NA09677-SMN-chip3-chip4-barcode19-PF-ILMN-NOVASEQ.sentmm2ont.na.smaca.done"", ""results/day/hg38_broad/HYB-4NA-smn12-20260612-NA09677-SMN-chip3-chip4-barcode19-PF-ILMN-NOVASEQ/align/sentmm2ont/na/htd/smaca/HYB-4NA-smn12-20260612-NA09677-SMN-chip3-chip4-barcode19-PF-ILMN-NOVASEQ.sentmm2ont.na.smaca.summary.tsv""]"
HYB-4NA-smn12-20260612-NA09677-SMN-chip3-chip4-barcode19-PF-ILMN-NOVASEQ	sentmm2ont	na	smn12	SMN1/SMN2	copy_number	short_read_cram	0	1	True	False	[[0], [0], [0], [0], [0], [0], [0], [0], [0], [0], [0], [0], [0], [0], [0], [0]]	complete	discordant	results/day/hg38_broad/HYB-4NA-smn12-20260612-NA09677-SMN-chip3-chip4-barcode19-PF-ILMN-NOVASEQ/align/sentmm2ont/na/htd/smn12/HYB-4NA-smn12-20260612-NA09677-SMN-chip3-chip4-barcode19-PF-ILMN-NOVASEQ.sentmm2ont.na.smn12.summary.json	"[""results/day/hg38_broad/HYB-4NA-smn12-20260612-NA09677-SMN-chip3-chip4-barcode19-PF-ILMN-NOVASEQ/align/sentmm2ont/na/htd/smn12/HYB-4NA-smn12-20260612-NA09677-SMN-chip3-chip4-barcode19-PF-ILMN-NOVASEQ.sentmm2ont.na.smn12.done"", ""results/day/hg38_broad/HYB-4NA-smn12-20260612-NA09677-SMN-chip3-chip4-barcode19-PF-ILMN-NOVASEQ/align/sentmm2ont/na/htd/smn12/HYB-4NA-smn12-20260612-NA09677-SMN-chip3-chip4-barcode19-PF-ILMN-NOVASEQ.sentmm2ont.na.smn12.summary.json""]"
