time_start,time_end,estimated,amount_usd,operation
2026-03-16,2026-04-01,False,0.0387116,A
2026-03-16,2026-04-01,False,0.015044,AAAA
2026-03-16,2026-04-01,False,0.0278046,ALB
2026-03-16,2026-04-01,False,0.0001,ANY
2026-03-16,2026-04-01,False,0.007425025,AllocateAddressVPC
2026-03-16,2026-04-01,False,32.94245138,AssociateAddressVPC
2026-03-16,2026-04-01,False,0.0003556,CAA
2026-03-16,2026-04-01,False,0.0009768,CNAME
2026-03-16,2026-04-01,False,0.0,CognitoEssentialsOperation
2026-03-16,2026-04-01,False,0.000615,CompleteMultipartUpload
2026-03-16,2026-04-01,False,0.3705480431,CostDataStorage
2026-03-16,2026-04-01,False,64.6411504077,CreateDBInstance:0014
2026-03-16,2026-04-01,False,146.7684505621,CreateDBInstance:0021
2026-03-16,2026-04-01,False,793.0163059125,CreateFileSystem:Lustre
2026-03-16,2026-04-01,False,0.0,CreateGrant
2026-03-16,2026-04-01,False,2.5e-05,CreateSecret
2026-03-16,2026-04-01,False,1.5116487565,CreateSnapshot
2026-03-16,2026-04-01,False,202.059112996,CreateVolume-Gp3
2026-03-16,2026-04-01,False,1.548387072,CurrentKeys
2026-03-16,2026-04-01,False,2.4e-05,DNAME
2026-03-16,2026-04-01,False,0.0060564,DNSKEY
2026-03-16,2026-04-01,False,0.0,DashboardHour
2026-03-16,2026-04-01,False,0.0,Decrypt
2026-03-16,2026-04-01,False,0.0,DeleteDashboards
2026-03-16,2026-04-01,False,0.0,DeleteQueue
2026-03-16,2026-04-01,False,4.5e-05,DeleteSecret
2026-03-16,2026-04-01,False,0.0,DescribeKey
2026-03-16,2026-04-01,False,0.000185,DescribeSecret
2026-03-16,2026-04-01,False,9.4912876413,FargateTask
2026-03-16,2026-04-01,False,0.0,GET
2026-03-16,2026-04-01,False,0.0,GeneralPurposeBuckets
2026-03-16,2026-04-01,False,0.0,GenerateDataKey
2026-03-16,2026-04-01,False,0.0,GetDashboard
2026-03-16,2026-04-01,False,0.0,GetDataProtectionPolicy
2026-03-16,2026-04-01,False,0.0,GetKeyPolicy
2026-03-16,2026-04-01,False,0.0,GetKeyRotationStatus
2026-03-16,2026-04-01,False,6.4e-06,GetLensConfiguration
2026-03-16,2026-04-01,False,6.4e-06,GetLensConfigurationTagging
2026-03-16,2026-04-01,False,3.7514678036,GetObject
2026-03-16,2026-04-01,False,0.0,GetQueueAttributes
2026-03-16,2026-04-01,False,2e-05,GetRandomPassword
2026-03-16,2026-04-01,False,0.000125,GetResourcePolicy
2026-03-16,2026-04-01,False,0.0,GetSMSSandboxAccountStatus
2026-03-16,2026-04-01,False,0.03849,GetSecretValue
2026-03-16,2026-04-01,False,0.0,GetTopicAttributes
2026-03-16,2026-04-01,False,6.87694828,GuardDuty-CloudTrailEvents
2026-03-16,2026-04-01,False,0.0019909009,GuardDuty-LambdaNetworkLogs
2026-03-16,2026-04-01,False,0.0409365,GuardDuty-S3DataEvents
2026-03-16,2026-04-01,False,0.1172879065,GuardDuty-VPCFlowLogsDNSLogs
2026-03-16,2026-04-01,False,1.6e-06,HINFO
2026-03-16,2026-04-01,False,0.000586,HTTPS
2026-03-16,2026-04-01,False,0.00257032,HeadBucket
2026-03-16,2026-04-01,False,0.0876052325,HeadObject
2026-03-16,2026-04-01,False,2.0,HostedZone
2026-03-16,2026-04-01,False,0.0,Hourly
2026-03-16,2026-04-01,False,0.0,HourlyStorageMetering
2026-03-16,2026-04-01,False,0.00062,InitiateMultipartUpload
2026-03-16,2026-04-01,False,0.0022505677,InterZone-In
2026-03-16,2026-04-01,False,0.0082265397,InterZone-Out
2026-03-16,2026-04-01,False,0.0,Invalidations
2026-03-16,2026-04-01,False,0.0,Invocation
2026-03-16,2026-04-01,False,1.63e-07,Invoke
2026-03-16,2026-04-01,False,0.0,List
2026-03-16,2026-04-01,False,0.01008,ListAGGrants
2026-03-16,2026-04-01,False,0.01008,ListAGLocations
2026-03-16,2026-04-01,False,0.01008,ListAGs
2026-03-16,2026-04-01,False,2.171e-07,ListAccessPoints
2026-03-16,2026-04-01,False,0.0,ListAliases
2026-03-16,2026-04-01,False,0.0026307955,ListAllMyBuckets
2026-03-16,2026-04-01,False,0.0011404,ListAllMyDirectoryBuckets
2026-03-16,2026-04-01,False,0.02701,ListBucket
2026-03-16,2026-04-01,False,1e-05,ListBucketVersions
2026-03-16,2026-04-01,False,0.0,ListGrants
2026-03-16,2026-04-01,False,0.0,ListKeys
2026-03-16,2026-04-01,False,0.0013100027,ListLensConfigurations
2026-03-16,2026-04-01,False,0.000165,ListMRAPs
2026-03-16,2026-04-01,False,0.0,ListQueueTags
2026-03-16,2026-04-01,False,0.0,ListResourceTags
2026-03-16,2026-04-01,False,8e-05,ListSecretVersionIds
2026-03-16,2026-04-01,False,0.002745,ListSecrets
2026-03-16,2026-04-01,False,0.0013053744,ListStorageLensGroups
2026-03-16,2026-04-01,False,0.0,ListSubscriptions
2026-03-16,2026-04-01,False,0.0,ListSubscriptionsByTopic
2026-03-16,2026-04-01,False,0.0035008,ListTableBuckets
2026-03-16,2026-04-01,False,0.0,ListTagsForResource
2026-03-16,2026-04-01,False,0.0,ListTopics
2026-03-16,2026-04-01,False,2.41e-07,ListVaults
2026-03-16,2026-04-01,False,0.0,LoadBalancing
2026-03-16,2026-04-01,False,3.55884e-05,LoadBalancing-InterZone-In
2026-03-16,2026-04-01,False,6.50356e-05,LoadBalancing-InterZone-Out
2026-03-16,2026-04-01,False,6.7692e-06,LoadBalancing-PublicIP-In
2026-03-16,2026-04-01,False,0.0002463166,LoadBalancing-PublicIP-Out
2026-03-16,2026-04-01,False,17.2851843953,LoadBalancing:Application
2026-03-16,2026-04-01,False,5.9625,LoadBalancing:Network
2026-03-16,2026-04-01,False,0.0046792,MX
2026-03-16,2026-04-01,False,0.0,MetricStorage
2026-03-16,2026-04-01,False,0.0,MetricStorage:AWS/CloudWatchLogs
2026-03-16,2026-04-01,False,0.0,MetricStorage:AWS/EC2
2026-03-16,2026-04-01,False,1.28e-05,NAPTR
2026-03-16,2026-04-01,False,0.0082224,NS
2026-03-16,2026-04-01,False,4e-07,NSEC
2026-03-16,2026-04-01,False,191.5171002317,NatGateway
2026-03-16,2026-04-01,False,89.7681581,NoOperation
2026-03-16,2026-04-01,False,0.0,Not Applicable
2026-03-16,2026-04-01,False,0.000160696,ObjectTagCount
2026-03-16,2026-04-01,False,3.50307e-05,POST
2026-03-16,2026-04-01,False,0.002122,PTR
2026-03-16,2026-04-01,False,0.0067415,PayPerRequestThroughput
2026-03-16,2026-04-01,False,0.0,ProcessResourceHandlers
2026-03-16,2026-04-01,False,0.550572332,PublicIP-In
2026-03-16,2026-04-01,False,0.0048718543,PublicIP-Out
2026-03-16,2026-04-01,False,0.0,Publish
2026-03-16,2026-04-01,False,0.0,PutDashboard
2026-03-16,2026-04-01,False,0.0,PutLogEvents
2026-03-16,2026-04-01,False,0.0,PutMetricData
2026-03-16,2026-04-01,False,0.012775,PutObject
2026-03-16,2026-04-01,False,3e-05,PutSecretValue
2026-03-16,2026-04-01,False,0.00189572,ReadACL
2026-03-16,2026-04-01,False,3.2e-06,ReadAccelerate
2026-03-16,2026-04-01,False,0.000253615,ReadAccountPublicAccessBlock
2026-03-16,2026-04-01,False,3.2e-06,ReadBucketCors
2026-03-16,2026-04-01,False,2.246e-05,ReadBucketLifecycle
2026-03-16,2026-04-01,False,1.2e-06,ReadBucketObjectLockConfig
2026-03-16,2026-04-01,False,3.812e-05,ReadBucketOwnershipControls
2026-03-16,2026-04-01,False,4.572e-05,ReadBucketPolicy
2026-03-16,2026-04-01,False,6.4e-06,ReadBucketPolicyStatus
2026-03-16,2026-04-01,False,4.892e-05,ReadBucketPublicAccessBlock
2026-03-16,2026-04-01,False,2.246e-05,ReadBucketReplication
2026-03-16,2026-04-01,False,0.00012012,ReadBucketServerSideEncryption
2026-03-16,2026-04-01,False,2.886e-05,ReadCostAllocation
2026-03-16,2026-04-01,False,8.168e-05,ReadLocation
2026-03-16,2026-04-01,False,8.812e-05,ReadLogProps
2026-03-16,2026-04-01,False,0.00188372,ReadNotificationProps
2026-03-16,2026-04-01,False,8e-07,ReadObjectTagging
2026-03-16,2026-04-01,False,3.2e-06,ReadRequestPaymentProps
2026-03-16,2026-04-01,False,4.172e-05,ReadVersioningProps
2026-03-16,2026-04-01,False,0.0,Receive
2026-03-16,2026-04-01,False,0.0,Request
2026-03-16,2026-04-01,False,3.096774144,RuleV2
2026-03-16,2026-04-01,False,333.7899700288,RunInstances
2026-03-16,2026-04-01,False,412.6270795433,RunInstances:SV080
2026-03-16,2026-04-01,False,0.0,SC-API-Call
2026-03-16,2026-04-01,False,0.0027468,SOA
2026-03-16,2026-04-01,False,1.68e-05,SPF
2026-03-16,2026-04-01,False,0.0019468,SRV
2026-03-16,2026-04-01,False,1.2e-05,SVCB
2026-03-16,2026-04-01,False,2.9634357267,SecretUsage
2026-03-16,2026-04-01,False,5.982e-07,StandardPitrBackupStorage
2026-03-16,2026-04-01,False,479.1096336698,StandardStorage
2026-03-16,2026-04-01,False,0.30893535,T3CPUCredits
2026-03-16,2026-04-01,False,3.6e-06,TLSA
2026-03-16,2026-04-01,False,0.006662,TXT
2026-03-16,2026-04-01,False,5.6e-06,UNSUPPORTED
2026-03-16,2026-04-01,False,0.1777561881,USW2-TimedStorage-ByteHrs
2026-03-16,2026-04-01,False,1.1110103567,Unknown
2026-03-16,2026-04-01,False,0.16631,UploadPart
2026-03-16,2026-04-01,False,18.137171013,VpcEndpoint
2026-03-16,2026-04-01,False,7.74193536,WebACLV2
2026-03-16,2026-04-01,False,1e-05,WriteCostAllocation
2026-03-16,2026-04-01,False,1e-05,WriteObjectTagging
2026-03-16,2026-04-01,False,0.0,active
2026-03-16,2026-04-01,False,1.4551164,aws-partition
2026-03-16,2026-04-01,False,0.0,nil
2026-03-16,2026-04-01,False,0.1651000202,none
2026-04-01,2026-05-01,False,261.0595463814,NoOperation
2026-04-01,2026-05-01,False,0.104124,A
2026-04-01,2026-05-01,False,0.0374468,AAAA
2026-04-01,2026-05-01,False,0.0040314,ALB
2026-04-01,2026-05-01,False,0.0004748,ANY
2026-04-01,2026-05-01,False,3.8744834,AllocateAddressVPC
2026-04-01,2026-05-01,False,57.781208345,AssociateAddressVPC
2026-04-01,2026-05-01,False,0.0017612,CAA
2026-04-01,2026-05-01,False,1.2e-06,CDS
2026-04-01,2026-05-01,False,0.0060848,CNAME
2026-04-01,2026-05-01,False,0.0,CognitoEssentialsOperation
2026-04-01,2026-05-01,False,0.0,CognitoUserPoolsM2MAppClientOp
2026-04-01,2026-05-01,False,0.14175,CognitoUserPoolsM2MTokenOp
2026-04-01,2026-05-01,False,0.1418,CompleteMultipartUpload
2026-04-01,2026-05-01,False,0.01203,CopyObject
2026-04-01,2026-05-01,False,3.438975,CopyPart
2026-04-01,2026-05-01,False,0.9391166236,CostDataStorage
2026-04-01,2026-05-01,False,3e-05,CreateBucket
2026-04-01,2026-05-01,False,170.1795212807,CreateDBInstance:0014
2026-04-01,2026-05-01,False,341.1163282601,CreateDBInstance:0021
2026-04-01,2026-05-01,False,3924.8280150815,CreateFileSystem:Lustre
2026-04-01,2026-05-01,False,0.0,CreateGrant
2026-04-01,2026-05-01,False,3e-05,CreateSecret
2026-04-01,2026-05-01,False,3.9781920354,CreateSnapshot
2026-04-01,2026-05-01,False,0.0,CreateTopic
2026-04-01,2026-05-01,False,276.7428299146,CreateVolume-Gp3
2026-04-01,2026-05-01,False,3.000000024,CurrentKeys
2026-04-01,2026-05-01,False,0.0001204,DNAME
2026-04-01,2026-05-01,False,0.0203552,DNSKEY
2026-04-01,2026-05-01,False,0.9500032443,DashboardHour
2026-04-01,2026-05-01,False,0.0,Decrypt
2026-04-01,2026-05-01,False,0.0,DeleteDashboards
2026-04-01,2026-05-01,False,3e-05,DeleteSecret
2026-04-01,2026-05-01,False,0.0,DeleteTopic
2026-04-01,2026-05-01,False,0.0,DescribeKey
2026-04-01,2026-05-01,False,0.000815,DescribeSecret
2026-04-01,2026-05-01,False,35.5698970163,FargateTask
2026-04-01,2026-05-01,False,0.0,GET
2026-04-01,2026-05-01,False,0.0,GeneralPurposeBuckets
2026-04-01,2026-05-01,False,0.0,GenerateDataKey
2026-04-01,2026-05-01,False,0.0,GenerateDataKeyWithoutPlaintext
2026-04-01,2026-05-01,False,2.4e-06,GetBucketMetadataConfig
2026-04-01,2026-05-01,False,0.0,GetDashboard
2026-04-01,2026-05-01,False,0.0,GetDataProtectionPolicy
2026-04-01,2026-05-01,False,0.0,GetKeyPolicy
2026-04-01,2026-05-01,False,0.0,GetKeyRotationStatus
2026-04-01,2026-05-01,False,1.2e-05,GetLensConfiguration
2026-04-01,2026-05-01,False,1.2e-05,GetLensConfigurationTagging
2026-04-01,2026-05-01,False,0.1124524,GetObject
2026-04-01,2026-05-01,False,1e-05,GetRandomPassword
2026-04-01,2026-05-01,False,0.00191,GetResourcePolicy
2026-04-01,2026-05-01,False,0.0,GetSMSSandboxAccountStatus
2026-04-01,2026-05-01,False,0.00472,GetSecretValue
2026-04-01,2026-05-01,False,0.0,GetTopicAttributes
2026-04-01,2026-05-01,False,19.06827896,GuardDuty-CloudTrailEvents
2026-04-01,2026-05-01,False,2.15647e-05,GuardDuty-LambdaNetworkLogs
2026-04-01,2026-05-01,False,5.4774654,GuardDuty-S3DataEvents
2026-04-01,2026-05-01,False,0.302891079,GuardDuty-VPCFlowLogsDNSLogs
2026-04-01,2026-05-01,False,0.0,HEAD
2026-04-01,2026-05-01,False,3.2e-06,HINFO
2026-04-01,2026-05-01,False,0.0022892,HTTPS
2026-04-01,2026-05-01,False,0.00924926,HeadBucket
2026-04-01,2026-05-01,False,0.7242608,HeadObject
2026-04-01,2026-05-01,False,14.1,HostedZone
2026-04-01,2026-05-01,False,0.0,Hourly
2026-04-01,2026-05-01,False,0.0,HourlyStorageMetering
2026-04-01,2026-05-01,False,0.14185,InitiateMultipartUpload
2026-04-01,2026-05-01,False,0.0041754436,InterZone-In
2026-04-01,2026-05-01,False,0.1007199732,InterZone-Out
2026-04-01,2026-05-01,False,0.0,Invalidations
2026-04-01,2026-05-01,False,0.0,Invocation
2026-04-01,2026-05-01,False,1.3567e-06,Invoke
2026-04-01,2026-05-01,False,0.0,List
2026-04-01,2026-05-01,False,0.0189,ListAGGrants
2026-04-01,2026-05-01,False,0.0189,ListAGLocations
2026-04-01,2026-05-01,False,0.0189,ListAGs
2026-04-01,2026-05-01,False,2.3692e-06,ListAccessPoints
2026-04-01,2026-05-01,False,0.0,ListAliases
2026-04-01,2026-05-01,False,0.3905273045,ListAllMyBuckets
2026-04-01,2026-05-01,False,0.002117,ListAllMyDirectoryBuckets
2026-04-01,2026-05-01,False,0.136935,ListBucket
2026-04-01,2026-05-01,False,3.6e-06,ListBucketTags
2026-04-01,2026-05-01,False,0.00017,ListBucketVersions
2026-04-01,2026-05-01,False,0.0,ListGrants
2026-04-01,2026-05-01,False,0.0,ListKeys
2026-04-01,2026-05-01,False,0.0024500054,ListLensConfigurations
2026-04-01,2026-05-01,False,0.000765,ListMRAPs
2026-04-01,2026-05-01,False,0.0,ListMetrics
2026-04-01,2026-05-01,False,0.0,ListResourceTags
2026-04-01,2026-05-01,False,0.001495,ListSecretVersionIds
2026-04-01,2026-05-01,False,0.01876,ListSecrets
2026-04-01,2026-05-01,False,0.0024307016,ListStorageLensGroups
2026-04-01,2026-05-01,False,0.0,ListSubscriptions
2026-04-01,2026-05-01,False,0.0,ListSubscriptionsByTopic
2026-04-01,2026-05-01,False,0.006569,ListTableBuckets
2026-04-01,2026-05-01,False,0.0,ListTagsForResource
2026-04-01,2026-05-01,False,0.0,ListTopics
2026-04-01,2026-05-01,False,2.6714e-06,ListVaults
2026-04-01,2026-05-01,False,0.000169,ListVectorBuckets
2026-04-01,2026-05-01,False,0.0,LoadBalancing
2026-04-01,2026-05-01,False,4.634e-07,LoadBalancing-PublicIP-In
2026-04-01,2026-05-01,False,2.66207e-05,LoadBalancing-PublicIP-Out
2026-04-01,2026-05-01,False,2.7681359394,LoadBalancing:Application
2026-04-01,2026-05-01,False,16.2,LoadBalancing:Network
2026-04-01,2026-05-01,False,0.0142368,MX
2026-04-01,2026-05-01,False,0.845,MetricStorage
2026-04-01,2026-05-01,False,0.0229166683,MetricStorage:AWS/CloudWatchLogs
2026-04-01,2026-05-01,False,0.5816664552,MetricStorage:AWS/EC2
2026-04-01,2026-05-01,False,3.24e-05,NAPTR
2026-04-01,2026-05-01,False,0.0253292,NS
2026-04-01,2026-05-01,False,402.8662608265,NatGateway
2026-04-01,2026-05-01,False,64.5341419,NoOperation
2026-04-01,2026-05-01,False,0.0,Not Applicable
2026-04-01,2026-05-01,False,0.000318567,ObjectTagCount
2026-04-01,2026-05-01,False,1.282e-07,POST
2026-04-01,2026-05-01,False,0.0065584,PTR
2026-04-01,2026-05-01,False,0.0256468125,PayPerRequestThroughput
2026-04-01,2026-05-01,False,0.0,ProcessResourceHandlers
2026-04-01,2026-05-01,False,2.0807822039,PublicIP-In
2026-04-01,2026-05-01,False,0.0305456314,PublicIP-Out
2026-04-01,2026-05-01,False,0.0,Publish
2026-04-01,2026-05-01,False,0.0,PutDashboard
2026-04-01,2026-05-01,False,0.0,PutLogEvents
2026-04-01,2026-05-01,False,0.0,PutMetricData
2026-04-01,2026-05-01,False,1.79664,PutObject
2026-04-01,2026-05-01,False,7e-05,PutSecretValue
2026-04-01,2026-05-01,False,0.0,REQUEST_CERTIFICATE
2026-04-01,2026-05-01,False,0.0068919975,ReadACL
2026-04-01,2026-05-01,False,3.92e-05,ReadAccelerate
2026-04-01,2026-05-01,False,0.0010785568,ReadAccountPublicAccessBlock
2026-04-01,2026-05-01,False,2e-06,ReadBucketAbac
2026-04-01,2026-05-01,False,8e-07,ReadBucketAnalytics
2026-04-01,2026-05-01,False,3.8e-05,ReadBucketCors
2026-04-01,2026-05-01,False,2.4e-06,ReadBucketIntelligentTiering
2026-04-01,2026-05-01,False,1.6e-06,ReadBucketInventory
2026-04-01,2026-05-01,False,0.0003865503,ReadBucketLifecycle
2026-04-01,2026-05-01,False,1.20051e-05,ReadBucketObjectLockConfig
2026-04-01,2026-05-01,False,0.0007442884,ReadBucketOwnershipControls
2026-04-01,2026-05-01,False,0.0007628904,ReadBucketPolicy
2026-04-01,2026-05-01,False,2.04057e-05,ReadBucketPolicyStatus
2026-04-01,2026-05-01,False,0.0007580023,ReadBucketPublicAccessBlock
2026-04-01,2026-05-01,False,0.0003851504,ReadBucketReplication
2026-04-01,2026-05-01,False,0.0008688766,ReadBucketServerSideEncryption
2026-04-01,2026-05-01,False,4e-07,ReadBucketWebsite
2026-04-01,2026-05-01,False,0.0004038178,ReadCostAllocation
2026-04-01,2026-05-01,False,0.0007797068,ReadLocation
2026-04-01,2026-05-01,False,0.00079793,ReadLogProps
2026-04-01,2026-05-01,False,0.0068220822,ReadNotificationProps
2026-04-01,2026-05-01,False,6.4e-05,ReadObjectTagging
2026-04-01,2026-05-01,False,3.88e-05,ReadRequestPaymentProps
2026-04-01,2026-05-01,False,0.0008163972,ReadVersioningProps
2026-04-01,2026-05-01,False,130.0,RenewDomain
2026-04-01,2026-05-01,False,0.0,Request
2026-04-01,2026-05-01,False,5e-06,RestoreSecret
2026-04-01,2026-05-01,False,2.2906279859,RuleV2
2026-04-01,2026-05-01,False,1370.338650591,RunInstances
2026-04-01,2026-05-01,False,675.0688873645,RunInstances:SV080
2026-04-01,2026-05-01,False,0.0,SC-API-Call
2026-04-01,2026-05-01,False,0.0086012,SOA
2026-04-01,2026-05-01,False,4.8e-05,SPF
2026-04-01,2026-05-01,False,0.0038448,SRV
2026-04-01,2026-05-01,False,2.84e-05,SVCB
2026-04-01,2026-05-01,False,4.4073960308,SecretUsage
2026-04-01,2026-05-01,False,1.1521e-06,StandardPitrBackupStorage
2026-04-01,2026-05-01,False,1456.3961935387,StandardStorage
2026-04-01,2026-05-01,False,4.52052e-05,Storage
2026-04-01,2026-05-01,False,0.0,Subscribe
2026-04-01,2026-05-01,False,0.0,SubscriptionConfirmation
2026-04-01,2026-05-01,False,3.6e-06,TLSA
2026-04-01,2026-05-01,False,0.0189764,TXT
2026-04-01,2026-05-01,False,2.52e-05,UNSUPPORTED
2026-04-01,2026-05-01,False,0.4761489983,USW2-TimedStorage-ByteHrs
2026-04-01,2026-05-01,False,2.4829186226,Unknown
2026-04-01,2026-05-01,False,16.198465,UploadPart
2026-04-01,2026-05-01,False,50.4686252224,VpcEndpoint
2026-04-01,2026-05-01,False,5.726569964,WebACLV2
2026-04-01,2026-05-01,False,5e-06,WriteBucketOwnershipControls
2026-04-01,2026-05-01,False,3e-05,WriteBucketPolicy
2026-04-01,2026-05-01,False,2.5e-05,WriteBucketPublicAccessBlock
2026-04-01,2026-05-01,False,1.5e-05,WriteBucketServerSideEncryption
2026-04-01,2026-05-01,False,5e-06,WriteCostAllocation
2026-04-01,2026-05-01,False,1e-05,WriteObjectTagging
2026-04-01,2026-05-01,False,1.5e-05,WriteVersioningProps
2026-04-01,2026-05-01,False,0.0,active
2026-04-01,2026-05-01,False,2.28318264,aws-partition
2026-04-01,2026-05-01,False,1.9598086808,none
2026-05-01,2026-06-01,False,680.902151147,NoOperation
2026-05-01,2026-06-01,False,0.108856,A
2026-05-01,2026-06-01,False,0.0411888,AAAA
2026-05-01,2026-06-01,False,0.0003688,ANY
2026-05-01,2026-06-01,False,3.782322305,AllocateAddressVPC
2026-05-01,2026-06-01,False,68.070956925,AssociateAddressVPC
2026-05-01,2026-06-01,False,0.0016036,CAA
2026-05-01,2026-06-01,False,4.8e-06,CDNSKEY
2026-05-01,2026-06-01,False,2.4e-06,CDS
2026-05-01,2026-06-01,False,0.0050944,CNAME
2026-05-01,2026-06-01,False,5e-06,CancelRotateSecret
2026-05-01,2026-06-01,False,0.0,CognitoEssentialsOperation
2026-05-01,2026-06-01,False,0.0,CognitoUserPoolsM2MAppClientOp
2026-05-01,2026-06-01,False,0.02925,CognitoUserPoolsM2MTokenOp
2026-05-01,2026-06-01,False,0.5938469874,CompleteMultipartUpload
2026-05-01,2026-06-01,False,1.4737431324,CopyObject
2026-05-01,2026-06-01,False,0.0405257284,CopyObjectGet
2026-05-01,2026-06-01,False,26.3404280869,CopyPart
2026-05-01,2026-06-01,False,1.1957636451,CostDataStorage
2026-05-01,2026-06-01,False,0.0,CreateAlias
2026-05-01,2026-06-01,False,4.5e-05,CreateBucket
2026-05-01,2026-06-01,False,210.7092937331,CreateDBInstance:0014
2026-05-01,2026-06-01,False,1837.510201063,CreateDBInstance:0021
2026-05-01,2026-06-01,False,4675.5496062546,CreateFileSystem:Lustre
2026-05-01,2026-06-01,False,0.000453,CreateGrant
2026-05-01,2026-06-01,False,0.0,CreateKey
2026-05-01,2026-06-01,False,4e-05,CreateSecret
2026-05-01,2026-06-01,False,7.1079046419,CreateSnapshot
2026-05-01,2026-06-01,False,0.0,CreateTopic
2026-05-01,2026-06-01,False,338.1174000971,CreateVolume-Gp3
2026-05-01,2026-06-01,False,2.931451566,CurrentKeys
2026-05-01,2026-06-01,False,8.52e-05,DNAME
2026-05-01,2026-06-01,False,0.0175204,DNSKEY
2026-05-01,2026-06-01,False,1.7701599624,DashboardHour
2026-05-01,2026-06-01,False,0.000342,Decrypt
2026-05-01,2026-06-01,False,0.0,DeleteAlias
2026-05-01,2026-06-01,False,0.0,DeleteDashboards
2026-05-01,2026-06-01,False,2.5e-05,DeleteSecret
2026-05-01,2026-06-01,False,0.0,DeleteTopic
2026-05-01,2026-06-01,False,0.000489,DescribeKey
2026-05-01,2026-06-01,False,0.00093,DescribeSecret
2026-05-01,2026-06-01,False,0.0,EnableKeyRotation
2026-05-01,2026-06-01,False,0.0,Encrypt
2026-05-01,2026-06-01,False,0.0,Execution
2026-05-01,2026-06-01,False,55.1299283869,FargateTask
2026-05-01,2026-06-01,False,0.0,GET
2026-05-01,2026-06-01,False,0.0,GeneralPurposeBuckets
2026-05-01,2026-06-01,False,6.6e-05,GenerateDataKey
2026-05-01,2026-06-01,False,0.000225,GenerateDataKeyWithoutPlaintext
2026-05-01,2026-06-01,False,8.89e-07,GetBucketMetadataConfig
2026-05-01,2026-06-01,False,59.51,GetCostAndUsage
2026-05-01,2026-06-01,False,0.01,GetCostForecast
2026-05-01,2026-06-01,False,0.0,GetDashboard
2026-05-01,2026-06-01,False,0.0,GetDataProtectionPolicy
2026-05-01,2026-06-01,False,0.0,GetKeyLastUsage
2026-05-01,2026-06-01,False,0.000279,GetKeyPolicy
2026-05-01,2026-06-01,False,4.5e-05,GetKeyRotationStatus
2026-05-01,2026-06-01,False,1.28e-05,GetLensConfiguration
2026-05-01,2026-06-01,False,1.28e-05,GetLensConfigurationTagging
2026-05-01,2026-06-01,False,0.00054,GetMetricData
2026-05-01,2026-06-01,False,0.0,GetMetricStatistics
2026-05-01,2026-06-01,False,36.2702436517,GetObject
2026-05-01,2026-06-01,False,0.0,GetPublicKey
2026-05-01,2026-06-01,False,5e-05,GetRandomPassword
2026-05-01,2026-06-01,False,0.002565,GetResourcePolicy
2026-05-01,2026-06-01,False,0.01879,GetSecretValue
2026-05-01,2026-06-01,False,0.16,GetTags
2026-05-01,2026-06-01,False,0.0,GetTopicAttributes
2026-05-01,2026-06-01,False,81.78004052,GuardDuty-CloudTrailEvents
2026-05-01,2026-06-01,False,2.68406e-05,GuardDuty-LambdaNetworkLogs
2026-05-01,2026-06-01,False,25.71539421,GuardDuty-S3DataEvents
2026-05-01,2026-06-01,False,0.7659961896,GuardDuty-VPCFlowLogsDNSLogs
2026-05-01,2026-06-01,False,0.0,HEAD
2026-05-01,2026-06-01,False,2e-06,HINFO
2026-05-01,2026-06-01,False,0.0018352,HTTPS
2026-05-01,2026-06-01,False,0.026920808,HeadBucket
2026-05-01,2026-06-01,False,12.1994630587,HeadObject
2026-05-01,2026-06-01,False,14.5,HostedZone
2026-05-01,2026-06-01,False,0.0,Hourly
2026-05-01,2026-06-01,False,0.0,HourlyStorageMetering
2026-05-01,2026-06-01,False,0.5928933703,InitiateMultipartUpload
2026-05-01,2026-06-01,False,0.0083109069,InterZone-In
2026-05-01,2026-06-01,False,0.0358868683,InterZone-Out
2026-05-01,2026-06-01,False,0.0,Invalidations
2026-05-01,2026-06-01,False,0.0,Invocation
2026-05-01,2026-06-01,False,6.3428e-06,Invoke
2026-05-01,2026-06-01,False,0.0,List
2026-05-01,2026-06-01,False,0.01878,ListAGGrants
2026-05-01,2026-06-01,False,0.01872,ListAGLocations
2026-05-01,2026-06-01,False,0.01881,ListAGs
2026-05-01,2026-06-01,False,2.8974e-06,ListAccessPoints
2026-05-01,2026-06-01,False,0.000276,ListAliases
2026-05-01,2026-06-01,False,2.6865288194,ListAllMyBuckets
2026-05-01,2026-06-01,False,0.0022658,ListAllMyDirectoryBuckets
2026-05-01,2026-06-01,False,30.8751576305,ListBucket
2026-05-01,2026-06-01,False,8.934e-07,ListBucketTags
2026-05-01,2026-06-01,False,0.0002252108,ListBucketVersions
2026-05-01,2026-06-01,False,5e-06,ListDirectoryAccessPoints
2026-05-01,2026-06-01,False,9.6e-05,ListGrants
2026-05-01,2026-06-01,False,5.038e-06,ListJobs
2026-05-01,2026-06-01,False,0.000942,ListKeys
2026-05-01,2026-06-01,False,0.0026150045,ListLensConfigurations
2026-05-01,2026-06-01,False,0.000795,ListMRAPs
2026-05-01,2026-06-01,False,0.0,ListMetrics
2026-05-01,2026-06-01,False,0.000148831,ListMultipartUploads
2026-05-01,2026-06-01,False,1.0139e-05,ListParts
2026-05-01,2026-06-01,False,4.8e-05,ListResourceTags
2026-05-01,2026-06-01,False,0.00242,ListSecretVersionIds
2026-05-01,2026-06-01,False,0.023035,ListSecrets
2026-05-01,2026-06-01,False,0.0025707424,ListStorageLensGroups
2026-05-01,2026-06-01,False,3.5099e-06,ListSubscriptions
2026-05-01,2026-06-01,False,1.619e-07,ListSubscriptionsByTopic
2026-05-01,2026-06-01,False,0.0051766016,ListTableBuckets
2026-05-01,2026-06-01,False,0.0,ListTagsForResource
2026-05-01,2026-06-01,False,1.018e-07,ListTopics
2026-05-01,2026-06-01,False,3.2412e-06,ListVaults
2026-05-01,2026-06-01,False,0.00011,ListVectorBuckets
2026-05-01,2026-06-01,False,0.006048073,LoadBalancing
2026-05-01,2026-06-01,False,4.3929e-06,LoadBalancing-PublicIP-In
2026-05-01,2026-06-01,False,9.46972e-05,LoadBalancing-PublicIP-Out
2026-05-01,2026-06-01,False,8.4629811674,LoadBalancing:Application
2026-05-01,2026-06-01,False,16.74,LoadBalancing:Network
2026-05-01,2026-06-01,False,0.0154192,MX
2026-05-01,2026-06-01,False,0.7334678481,MetricStorage
2026-05-01,2026-06-01,False,0.0580645152,MetricStorage:AWS/CloudWatchLogs
2026-05-01,2026-06-01,False,1.083870984,MetricStorage:AWS/EC2
2026-05-01,2026-06-01,False,1.24e-05,NAPTR
2026-05-01,2026-06-01,False,0.025024,NS
2026-05-01,2026-06-01,False,4e-07,NSEC
2026-05-01,2026-06-01,False,2e-06,NSEC3
2026-05-01,2026-06-01,False,5.6e-06,NSEC3PARA
2026-05-01,2026-06-01,False,798.7630567993,NatGateway
2026-05-01,2026-06-01,False,80.5876884438,NoOperation
2026-05-01,2026-06-01,False,32.533505,None
2026-05-01,2026-06-01,False,0.0003302167,Not Applicable
2026-05-01,2026-06-01,False,0.0005710545,ObjectTagCount
2026-05-01,2026-06-01,False,0.0040056,PTR
2026-05-01,2026-06-01,False,0.0380660625,PayPerRequestThroughput
2026-05-01,2026-06-01,False,0.0,ProcessResourceHandlers
2026-05-01,2026-06-01,False,12.2607024928,PublicIP-In
2026-05-01,2026-06-01,False,0.134522568,PublicIP-Out
2026-05-01,2026-06-01,False,0.0,Publish
2026-05-01,2026-06-01,False,0.0,PutDashboard
2026-05-01,2026-06-01,False,75.5112650336,PutLogEvents
2026-05-01,2026-06-01,False,0.0,PutMetricData
2026-05-01,2026-06-01,False,18.6376674159,PutObject
2026-05-01,2026-06-01,False,5e-05,PutSecretValue
2026-05-01,2026-06-01,False,0.0,REQUEST_CERTIFICATE
2026-05-01,2026-06-01,False,0.0415432422,ReadACL
2026-05-01,2026-06-01,False,0.0003513453,ReadAccelerate
2026-05-01,2026-06-01,False,0.0013131585,ReadAccountPublicAccessBlock
2026-05-01,2026-06-01,False,4.441e-07,ReadBucketAbac
2026-05-01,2026-06-01,False,4.137e-07,ReadBucketAnalytics
2026-05-01,2026-06-01,False,4.36316e-05,ReadBucketCors
2026-05-01,2026-06-01,False,8.867e-07,ReadBucketIntelligentTiering
2026-05-01,2026-06-01,False,0.0181967139,ReadBucketLifecycle
2026-05-01,2026-06-01,False,0.0084998701,ReadBucketObjectLockConfig
2026-05-01,2026-06-01,False,0.0185976166,ReadBucketOwnershipControls
2026-05-01,2026-06-01,False,0.0012149365,ReadBucketPolicy
2026-05-01,2026-06-01,False,0.0176859806,ReadBucketPolicyStatus
2026-05-01,2026-06-01,False,0.01873428,ReadBucketPublicAccessBlock
2026-05-01,2026-06-01,False,0.0181469737,ReadBucketReplication
2026-05-01,2026-06-01,False,0.0189017137,ReadBucketServerSideEncryption
2026-05-01,2026-06-01,False,0.008437499,ReadBucketWebsite
2026-05-01,2026-06-01,False,0.0183206396,ReadCostAllocation
2026-05-01,2026-06-01,False,0.0190562589,ReadLocation
2026-05-01,2026-06-01,False,0.0187024148,ReadLogProps
2026-05-01,2026-06-01,False,0.0138178009,ReadNotificationProps
2026-05-01,2026-06-01,False,2.12e-05,ReadObjectAttributes
2026-05-01,2026-06-01,False,0.0012186037,ReadObjectTagging
2026-05-01,2026-06-01,False,0.0176278159,ReadRequestPaymentProps
2026-05-01,2026-06-01,False,0.0187735232,ReadVersioningProps
2026-05-01,2026-06-01,False,0.0,Request
2026-05-01,2026-06-01,False,1.999999968,RuleV2
2026-05-01,2026-06-01,False,2728.7777689441,RunInstances
2026-05-01,2026-06-01,False,8488.6435247265,RunInstances:SV080
2026-05-01,2026-06-01,False,0.0,SC-API-Call
2026-05-01,2026-06-01,False,0.0085672,SOA
2026-05-01,2026-06-01,False,4.48e-05,SPF
2026-05-01,2026-06-01,False,0.0036668,SRV
2026-05-01,2026-06-01,False,1.6e-06,SSHFP
2026-05-01,2026-06-01,False,3.2e-05,SVCB
2026-05-01,2026-06-01,False,0.0,ScheduleKeyDeletion
2026-05-01,2026-06-01,False,6.0070803036,SecretUsage
2026-05-01,2026-06-01,False,0.000285,Sign
2026-05-01,2026-06-01,False,1.1564e-06,StandardPitrBackupStorage
2026-05-01,2026-06-01,False,3467.4937814182,StandardStorage
2026-05-01,2026-06-01,False,7.24317e-05,Storage
2026-05-01,2026-06-01,False,0.0,Subscribe
2026-05-01,2026-06-01,False,2.5061e-06,SubscriptionConfirmation
2026-05-01,2026-06-01,False,1.12e-05,TLSA
2026-05-01,2026-06-01,False,0.0186364,TXT
2026-05-01,2026-06-01,False,0.0373716792,TimedStorage-ByteHrs
2026-05-01,2026-06-01,False,5.72e-05,UNSUPPORTED
2026-05-01,2026-06-01,False,0.6666455514,USW2-TimedStorage-ByteHrs
2026-05-01,2026-06-01,False,2.7629279693,Unknown
2026-05-01,2026-06-01,False,0.0,Unsubscribe
2026-05-01,2026-06-01,False,5e-06,UpdateSecret
2026-05-01,2026-06-01,False,45.5321176028,UploadPart
2026-05-01,2026-06-01,False,52.2550249524,VpcEndpoint
2026-05-01,2026-06-01,False,4.99999992,WebACLV2
2026-05-01,2026-06-01,False,5e-06,WriteACL
2026-05-01,2026-06-01,False,5e-06,WriteAccelerate
2026-05-01,2026-06-01,False,2e-05,WriteBucketLifecycle
2026-05-01,2026-06-01,False,3.5e-05,WriteBucketOwnershipControls
2026-05-01,2026-06-01,False,0.00017,WriteBucketPolicy
2026-05-01,2026-06-01,False,7.5e-05,WriteBucketPublicAccessBlock
2026-05-01,2026-06-01,False,2.5e-05,WriteBucketServerSideEncryption
2026-05-01,2026-06-01,False,6.54e-05,WriteCostAllocation
2026-05-01,2026-06-01,False,5e-06,WriteLogProps
2026-05-01,2026-06-01,False,0.00037,WriteNotificationProps
2026-05-01,2026-06-01,False,0.00057,WriteObjectTagging
2026-05-01,2026-06-01,False,2e-05,WriteVersioningProps
2026-05-01,2026-06-01,False,0.0,active
2026-05-01,2026-06-01,False,2.70221616,aws-partition
2026-05-01,2026-06-01,False,8.349e-07,downloadLayer
2026-05-01,2026-06-01,False,1.7443435764,none
2026-06-01,2026-06-14,True,345.0288933945,NoOperation
2026-06-01,2026-06-14,True,0.0695608,A
2026-06-01,2026-06-14,True,0.0265092,AAAA
2026-06-01,2026-06-14,True,0.0001436,ANY
2026-06-01,2026-06-14,True,1.58351674,AllocateAddressVPC
2026-06-01,2026-06-14,True,34.92290139,AssociateAddressVPC
2026-06-01,2026-06-14,True,0.001896,CAA
2026-06-01,2026-06-14,True,0.0050548,CNAME
2026-06-01,2026-06-14,True,0.0,CognitoEssentialsOperation
2026-06-01,2026-06-14,True,0.0,CognitoUserPoolsM2MAppClientOp
2026-06-01,2026-06-14,True,0.0610723946,CompleteMultipartUpload
2026-06-01,2026-06-14,True,0.3919727133,CopyObject
2026-06-01,2026-06-14,True,11.9191046603,CopyPart
2026-06-01,2026-06-14,True,1.2544126667,CostDataStorage
2026-06-01,2026-06-14,True,5e-06,CreateBucket
2026-06-01,2026-06-14,True,70.5938878163,CreateDBInstance:0014
2026-06-01,2026-06-14,True,1843.4964624598,CreateDBInstance:0021
2026-06-01,2026-06-14,True,805.5502898008,CreateFileSystem:Lustre
2026-06-01,2026-06-14,True,0.002406,CreateGrant
2026-06-01,2026-06-14,True,3.5e-05,CreateSecret
2026-06-01,2026-06-14,True,3.5560615401,CreateSnapshot
2026-06-01,2026-06-14,True,0.0,CreateTopic
2026-06-01,2026-06-14,True,191.6278747028,CreateVolume-Gp3
2026-06-01,2026-06-14,True,1.7319444583,CurrentKeys
2026-06-01,2026-06-14,True,4.64e-05,DNAME
2026-06-01,2026-06-14,True,0.0126332,DNSKEY
2026-06-01,2026-06-14,True,4.8e-06,DS
2026-06-01,2026-06-14,True,0.0,DashboardHour
2026-06-01,2026-06-14,True,1.741236,Decrypt
2026-06-01,2026-06-14,True,0.0,DeleteDashboards
2026-06-01,2026-06-14,True,5e-06,DeleteSecret
2026-06-01,2026-06-14,True,0.0,DeleteTopic
2026-06-01,2026-06-14,True,0.002082,DescribeKey
2026-06-01,2026-06-14,True,0.000385,DescribeSecret
2026-06-01,2026-06-14,True,0.0,Execution
2026-06-01,2026-06-14,True,23.1340503581,FargateTask
2026-06-01,2026-06-14,True,0.0,GET
2026-06-01,2026-06-14,True,0.0,GeneralPurposeBuckets
2026-06-01,2026-06-14,True,0.011976,GenerateDataKey
2026-06-01,2026-06-14,True,0.001203,GenerateDataKeyWithoutPlaintext
2026-06-01,2026-06-14,True,0.00018,GetAG
2026-06-01,2026-06-14,True,198.5,GetCostAndUsage
2026-06-01,2026-06-14,True,0.01,GetCostForecast
2026-06-01,2026-06-14,True,0.0,GetDashboard
2026-06-01,2026-06-14,True,0.0,GetDataProtectionPolicy
2026-06-01,2026-06-14,True,0.04,GetDimensionValues
2026-06-01,2026-06-14,True,0.001119,GetKeyPolicy
2026-06-01,2026-06-14,True,0.00015,GetKeyRotationStatus
2026-06-01,2026-06-14,True,5.2e-06,GetLensConfiguration
2026-06-01,2026-06-14,True,5.2e-06,GetLensConfigurationTagging
2026-06-01,2026-06-14,True,0.00032,GetMetricData
2026-06-01,2026-06-14,True,0.0,GetMetricStatistics
2026-06-01,2026-06-14,True,52.4674511267,GetObject
2026-06-01,2026-06-14,True,5e-06,GetRandomPassword
2026-06-01,2026-06-14,True,0.01,GetReservationPurchaseRecs
2026-06-01,2026-06-14,True,0.00127,GetResourcePolicy
2026-06-01,2026-06-14,True,0.01,GetSavingsPlansCoverage
2026-06-01,2026-06-14,True,0.01,GetSavingsPlansPurchaseRecs
2026-06-01,2026-06-14,True,0.008905,GetSecretValue
2026-06-01,2026-06-14,True,0.0,GetTopicAttributes
2026-06-01,2026-06-14,True,51.4524704,GuardDuty-CloudTrailEvents
2026-06-01,2026-06-14,True,32.55434292,GuardDuty-S3DataEvents
2026-06-01,2026-06-14,True,0.5847461184,GuardDuty-VPCFlowLogsDNSLogs
2026-06-01,2026-06-14,True,0.0,HEAD
2026-06-01,2026-06-14,True,2e-06,HINFO
2026-06-01,2026-06-14,True,0.0014876,HTTPS
2026-06-01,2026-06-14,True,0.0240605544,HeadBucket
2026-06-01,2026-06-14,True,23.806318936,HeadObject
2026-06-01,2026-06-14,True,12.7,HostedZone
2026-06-01,2026-06-14,True,0.0,Hourly
2026-06-01,2026-06-14,True,0.0433001327,HourlyStorageMetering
2026-06-01,2026-06-14,True,0.0616504436,InitiateMultipartUpload
2026-06-01,2026-06-14,True,0.1104057384,InterZone-In
2026-06-01,2026-06-14,True,0.0341965467,InterZone-Out
2026-06-01,2026-06-14,True,0.0,Invalidations
2026-06-01,2026-06-14,True,0.0,Invocation
2026-06-01,2026-06-14,True,3.6479e-06,Invoke
2026-06-01,2026-06-14,True,0.0,List
2026-06-01,2026-06-14,True,0.00126,ListAGGrants
2026-06-01,2026-06-14,True,0.00114,ListAGLocations
2026-06-01,2026-06-14,True,0.00114,ListAGs
2026-06-01,2026-06-14,True,1.1869e-06,ListAccessPoints
2026-06-01,2026-06-14,True,0.001029,ListAliases
2026-06-01,2026-06-14,True,0.2630815745,ListAllMyBuckets
2026-06-01,2026-06-14,True,0.0009222,ListAllMyDirectoryBuckets
2026-06-01,2026-06-14,True,28.3693224832,ListBucket
2026-06-01,2026-06-14,True,8.5e-05,ListBucketVersions
2026-06-01,2026-06-14,True,0.000573,ListGrants
2026-06-01,2026-06-14,True,0.00378,ListKeys
2026-06-01,2026-06-14,True,0.0010550009,ListLensConfigurations
2026-06-01,2026-06-14,True,0.000325,ListMRAPs
2026-06-01,2026-06-14,True,0.0,ListMetrics
2026-06-01,2026-06-14,True,5.74e-05,ListMultipartUploads
2026-06-01,2026-06-14,True,0.000153,ListResourceTags
2026-06-01,2026-06-14,True,0.00126,ListSecretVersionIds
2026-06-01,2026-06-14,True,0.00993,ListSecrets
2026-06-01,2026-06-14,True,0.0010453024,ListStorageLensGroups
2026-06-01,2026-06-14,True,1.008e-06,ListSubscriptions
2026-06-01,2026-06-14,True,0.0,ListSubscriptionsByTopic
2026-06-01,2026-06-14,True,7e-05,ListTableBuckets
2026-06-01,2026-06-14,True,0.0,ListTagsForResource
2026-06-01,2026-06-14,True,0.0,ListTopics
2026-06-01,2026-06-14,True,1.339e-06,ListVaults
2026-06-01,2026-06-14,True,0.0069720974,LoadBalancing
2026-06-01,2026-06-14,True,6.6774e-06,LoadBalancing-PublicIP-In
2026-06-01,2026-06-14,True,0.0001344295,LoadBalancing-PublicIP-Out
2026-06-01,2026-06-14,True,7.023353853,LoadBalancing:Application
2026-06-01,2026-06-14,True,7.02,LoadBalancing:Network
2026-06-01,2026-06-14,True,0.0100592,MX
2026-06-01,2026-06-14,True,0.0,MetricStorage
2026-06-01,2026-06-14,True,0.0,MetricStorage:AWS/CloudWatchLogs
2026-06-01,2026-06-14,True,0.0,MetricStorage:AWS/EC2
2026-06-01,2026-06-14,True,3.64e-05,NAPTR
2026-06-01,2026-06-14,True,0.0159416,NS
2026-06-01,2026-06-14,True,181.111563474,NatGateway
2026-06-01,2026-06-14,True,43.9134765472,NoOperation
2026-06-01,2026-06-14,True,88.479571,None
2026-06-01,2026-06-14,True,9.39935e-05,Not Applicable
2026-06-01,2026-06-14,True,0.0,OPTIONS
2026-06-01,2026-06-14,True,0.0003389326,ObjectTagCount
2026-06-01,2026-06-14,True,0.0,POST
2026-06-01,2026-06-14,True,0.0010684,PTR
2026-06-01,2026-06-14,True,0.012222875,PayPerRequestThroughput
2026-06-01,2026-06-14,True,0.0,ProcessResourceHandlers
2026-06-01,2026-06-14,True,4.7867979201,PublicIP-In
2026-06-01,2026-06-14,True,0.6183658127,PublicIP-Out
2026-06-01,2026-06-14,True,0.0,Publish
2026-06-01,2026-06-14,True,0.0,PutDashboard
2026-06-01,2026-06-14,True,88.2963108789,PutLogEvents
2026-06-01,2026-06-14,True,0.0,PutMetricData
2026-06-01,2026-06-14,True,13.7783500806,PutObject
2026-06-01,2026-06-14,True,2.5e-05,PutSecretValue
2026-06-01,2026-06-14,True,8e-07,RP
2026-06-01,2026-06-14,True,0.2270569262,ReadACL
2026-06-01,2026-06-14,True,0.0002568313,ReadAccelerate
2026-06-01,2026-06-14,True,0.0006037558,ReadAccountPublicAccessBlock
2026-06-01,2026-06-14,True,3.2e-06,ReadBucketCors
2026-06-01,2026-06-14,True,0.2056061394,ReadBucketLifecycle
2026-06-01,2026-06-14,True,0.1722772702,ReadBucketObjectLockConfig
2026-06-01,2026-06-14,True,0.2058070877,ReadBucketOwnershipControls
2026-06-01,2026-06-14,True,0.0005522544,ReadBucketPolicy
2026-06-01,2026-06-14,True,0.2056227534,ReadBucketPolicyStatus
2026-06-01,2026-06-14,True,0.2062026642,ReadBucketPublicAccessBlock
2026-06-01,2026-06-14,True,0.2059189627,ReadBucketReplication
2026-06-01,2026-06-14,True,0.2063409534,ReadBucketServerSideEncryption
2026-06-01,2026-06-14,True,0.1720320591,ReadBucketWebsite
2026-06-01,2026-06-14,True,0.2058501934,ReadCostAllocation
2026-06-01,2026-06-14,True,0.2045407554,ReadLocation
2026-06-01,2026-06-14,True,0.2060000951,ReadLogProps
2026-06-01,2026-06-14,True,0.0101494748,ReadNotificationProps
2026-06-01,2026-06-14,True,0.000516246,ReadObjectTagging
2026-06-01,2026-06-14,True,0.2055586315,ReadRequestPaymentProps
2026-06-01,2026-06-14,True,0.2059817292,ReadVersioningProps
2026-06-01,2026-06-14,True,0.0,Request
2026-06-01,2026-06-14,True,0.8666666736,RuleV2
2026-06-01,2026-06-14,True,1830.9134403543,RunInstances
2026-06-01,2026-06-14,True,3335.4362777818,RunInstances:SV080
2026-06-01,2026-06-14,True,0.0,SC-API-Call
2026-06-01,2026-06-14,True,0.0053336,SOA
2026-06-01,2026-06-14,True,2.84e-05,SPF
2026-06-01,2026-06-14,True,0.0018492,SRV
2026-06-01,2026-06-14,True,5.2e-06,SSHFP
2026-06-01,2026-06-14,True,1.72e-05,SVCB
2026-06-01,2026-06-14,True,3.4053138094,SecretUsage
2026-06-01,2026-06-14,True,4.997e-07,StandardPitrBackupStorage
2026-06-01,2026-06-14,True,2772.1284230077,StandardStorage
2026-06-01,2026-06-14,True,3.87575e-05,Storage
2026-06-01,2026-06-14,True,0.0,Subscribe
2026-06-01,2026-06-14,True,6.814e-07,SubscriptionConfirmation
2026-06-01,2026-06-14,True,2.4e-06,TLSA
2026-06-01,2026-06-14,True,0.0113432,TXT
2026-06-01,2026-06-14,True,5e-05,TagResource
2026-06-01,2026-06-14,True,1.3919471009,TimedStorage-ByteHrs
2026-06-01,2026-06-14,True,1.28e-05,UNSUPPORTED
2026-06-01,2026-06-14,True,0.5603952776,USW2-TimedStorage-ByteHrs
2026-06-01,2026-06-14,True,0.4025472511,Unknown
2026-06-01,2026-06-14,True,1e-05,UpdateSecret
2026-06-01,2026-06-14,True,5.109915,UploadPart
2026-06-01,2026-06-14,True,21.9118912595,VpcEndpoint
2026-06-01,2026-06-14,True,2.166666684,WebACLV2
2026-06-01,2026-06-14,True,0.0001601163,WriteBucketPolicy
2026-06-01,2026-06-14,True,5e-06,WriteBucketPublicAccessBlock
2026-06-01,2026-06-14,True,5e-06,WriteBucketServerSideEncryption
2026-06-01,2026-06-14,True,2.5e-05,WriteNotificationProps
2026-06-01,2026-06-14,True,0.0,active
2026-06-01,2026-06-14,True,1.2350988,aws-partition
2026-06-01,2026-06-14,True,0.0,downloadLayer
2026-06-01,2026-06-14,True,0.1427805114,none
