remote_path	bytes
/fsx/analysis_results/ubuntu/bcl25b_full_shard008_odirect_off_20260602T115314Z/daylily-omics-analysis/results/runs/20260514_LH01106_0009_B23TVLGLT4/bclconvert/benchmarks/bclconvert_validate_inputs.bench.tsv	306
/fsx/analysis_results/ubuntu/bcl25b_full_shard008_odirect_off_20260602T115314Z/daylily-omics-analysis/results/runs/20260514_LH01106_0009_B23TVLGLT4/bclconvert/benchmarks/merge_bclconvert_tile_shards.L002.bench.tsv	313
/fsx/analysis_results/ubuntu/bcl25b_full_shard008_odirect_off_20260602T115314Z/daylily-omics-analysis/results/runs/20260514_LH01106_0009_B23TVLGLT4/bclconvert/benchmarks/merge_bclconvert_tile_shards.L006.bench.tsv	313
/fsx/analysis_results/ubuntu/bcl25b_full_shard008_odirect_off_20260602T115314Z/daylily-omics-analysis/results/runs/20260514_LH01106_0009_B23TVLGLT4/bclconvert/benchmarks/merge_bclconvert_tile_shards.L008.bench.tsv	311
/fsx/analysis_results/ubuntu/bcl25b_full_shard008_odirect_off_20260602T115314Z/daylily-omics-analysis/results/runs/20260514_LH01106_0009_B23TVLGLT4/bclconvert/benchmarks/run_bclconvert.L002.0001_tiles0001-0098.bench.tsv	343
/fsx/analysis_results/ubuntu/bcl25b_full_shard008_odirect_off_20260602T115314Z/daylily-omics-analysis/results/runs/20260514_LH01106_0009_B23TVLGLT4/bclconvert/benchmarks/run_bclconvert.L002.0002_tiles0099-0196.bench.tsv	343
/fsx/analysis_results/ubuntu/bcl25b_full_shard008_odirect_off_20260602T115314Z/daylily-omics-analysis/results/runs/20260514_LH01106_0009_B23TVLGLT4/bclconvert/benchmarks/run_bclconvert.L002.0003_tiles0197-0294.bench.tsv	344
/fsx/analysis_results/ubuntu/bcl25b_full_shard008_odirect_off_20260602T115314Z/daylily-omics-analysis/results/runs/20260514_LH01106_0009_B23TVLGLT4/bclconvert/benchmarks/run_bclconvert.L002.0004_tiles0295-0392.bench.tsv	344
/fsx/analysis_results/ubuntu/bcl25b_full_shard008_odirect_off_20260602T115314Z/daylily-omics-analysis/results/runs/20260514_LH01106_0009_B23TVLGLT4/bclconvert/benchmarks/run_bclconvert.L002.0005_tiles0393-0490.bench.tsv	345
/fsx/analysis_results/ubuntu/bcl25b_full_shard008_odirect_off_20260602T115314Z/daylily-omics-analysis/results/runs/20260514_LH01106_0009_B23TVLGLT4/bclconvert/benchmarks/run_bclconvert.L002.0006_tiles0491-0588.bench.tsv	343
/fsx/analysis_results/ubuntu/bcl25b_full_shard008_odirect_off_20260602T115314Z/daylily-omics-analysis/results/runs/20260514_LH01106_0009_B23TVLGLT4/bclconvert/benchmarks/run_bclconvert.L002.0007_tiles0589-0686.bench.tsv	344
/fsx/analysis_results/ubuntu/bcl25b_full_shard008_odirect_off_20260602T115314Z/daylily-omics-analysis/results/runs/20260514_LH01106_0009_B23TVLGLT4/bclconvert/benchmarks/run_bclconvert.L002.0008_tiles0687-0784.bench.tsv	343
/fsx/analysis_results/ubuntu/bcl25b_full_shard008_odirect_off_20260602T115314Z/daylily-omics-analysis/results/runs/20260514_LH01106_0009_B23TVLGLT4/bclconvert/benchmarks/run_bclconvert.L006.0001_tiles0001-0098.bench.tsv	343
/fsx/analysis_results/ubuntu/bcl25b_full_shard008_odirect_off_20260602T115314Z/daylily-omics-analysis/results/runs/20260514_LH01106_0009_B23TVLGLT4/bclconvert/benchmarks/run_bclconvert.L006.0002_tiles0099-0196.bench.tsv	343
/fsx/analysis_results/ubuntu/bcl25b_full_shard008_odirect_off_20260602T115314Z/daylily-omics-analysis/results/runs/20260514_LH01106_0009_B23TVLGLT4/bclconvert/benchmarks/run_bclconvert.L006.0003_tiles0197-0294.bench.tsv	343
/fsx/analysis_results/ubuntu/bcl25b_full_shard008_odirect_off_20260602T115314Z/daylily-omics-analysis/results/runs/20260514_LH01106_0009_B23TVLGLT4/bclconvert/benchmarks/run_bclconvert.L006.0004_tiles0295-0392.bench.tsv	344
/fsx/analysis_results/ubuntu/bcl25b_full_shard008_odirect_off_20260602T115314Z/daylily-omics-analysis/results/runs/20260514_LH01106_0009_B23TVLGLT4/bclconvert/benchmarks/run_bclconvert.L006.0005_tiles0393-0490.bench.tsv	344
/fsx/analysis_results/ubuntu/bcl25b_full_shard008_odirect_off_20260602T115314Z/daylily-omics-analysis/results/runs/20260514_LH01106_0009_B23TVLGLT4/bclconvert/benchmarks/run_bclconvert.L006.0006_tiles0491-0588.bench.tsv	344
/fsx/analysis_results/ubuntu/bcl25b_full_shard008_odirect_off_20260602T115314Z/daylily-omics-analysis/results/runs/20260514_LH01106_0009_B23TVLGLT4/bclconvert/benchmarks/run_bclconvert.L006.0007_tiles0589-0686.bench.tsv	342
/fsx/analysis_results/ubuntu/bcl25b_full_shard008_odirect_off_20260602T115314Z/daylily-omics-analysis/results/runs/20260514_LH01106_0009_B23TVLGLT4/bclconvert/benchmarks/run_bclconvert.L006.0008_tiles0687-0784.bench.tsv	343
/fsx/analysis_results/ubuntu/bcl25b_full_shard008_odirect_off_20260602T115314Z/daylily-omics-analysis/results/runs/20260514_LH01106_0009_B23TVLGLT4/bclconvert/benchmarks/run_bclconvert.L008.0001_tiles0001-0098.bench.tsv	344
/fsx/analysis_results/ubuntu/bcl25b_full_shard008_odirect_off_20260602T115314Z/daylily-omics-analysis/results/runs/20260514_LH01106_0009_B23TVLGLT4/bclconvert/benchmarks/run_bclconvert.L008.0002_tiles0099-0196.bench.tsv	344
/fsx/analysis_results/ubuntu/bcl25b_full_shard008_odirect_off_20260602T115314Z/daylily-omics-analysis/results/runs/20260514_LH01106_0009_B23TVLGLT4/bclconvert/benchmarks/run_bclconvert.L008.0003_tiles0197-0294.bench.tsv	344
/fsx/analysis_results/ubuntu/bcl25b_full_shard008_odirect_off_20260602T115314Z/daylily-omics-analysis/results/runs/20260514_LH01106_0009_B23TVLGLT4/bclconvert/benchmarks/run_bclconvert.L008.0004_tiles0295-0392.bench.tsv	344
/fsx/analysis_results/ubuntu/bcl25b_full_shard008_odirect_off_20260602T115314Z/daylily-omics-analysis/results/runs/20260514_LH01106_0009_B23TVLGLT4/bclconvert/benchmarks/run_bclconvert.L008.0005_tiles0393-0490.bench.tsv	343
/fsx/analysis_results/ubuntu/bcl25b_full_shard008_odirect_off_20260602T115314Z/daylily-omics-analysis/results/runs/20260514_LH01106_0009_B23TVLGLT4/bclconvert/benchmarks/run_bclconvert.L008.0006_tiles0491-0588.bench.tsv	344
/fsx/analysis_results/ubuntu/bcl25b_full_shard008_odirect_off_20260602T115314Z/daylily-omics-analysis/results/runs/20260514_LH01106_0009_B23TVLGLT4/bclconvert/benchmarks/run_bclconvert.L008.0007_tiles0589-0686.bench.tsv	343
/fsx/analysis_results/ubuntu/bcl25b_full_shard008_odirect_off_20260602T115314Z/daylily-omics-analysis/results/runs/20260514_LH01106_0009_B23TVLGLT4/bclconvert/benchmarks/run_bclconvert.L008.0008_tiles0687-0784.bench.tsv	343
